[0.757s] DEBUG:colcon:Command line arguments: ['/usr/bin/colcon', 'build']
[0.758s] DEBUG:colcon:Parsed command line arguments: Namespace(allow_overriding=[], ament_cmake_args=None, base_paths=['.'], build_base='build', catkin_cmake_args=None, catkin_skip_building_tests=False, cmake_args=None, cmake_clean_cache=False, cmake_clean_first=False, cmake_force_configure=False, cmake_target=None, cmake_target_skip_unavailable=False, continue_on_error=False, event_handlers=None, executor='parallel', ignore_user_meta=False, install_base='install', log_base=None, log_level=None, main=<bound method BuildVerb.main of <colcon_core.verb.build.BuildVerb object at 0xffff844dbeb0>>, merge_install=False, metas=['./colcon.meta'], mixin=None, mixin_files=None, mixin_verb=('build',), packages_above=None, packages_above_and_dependencies=None, packages_above_depth=None, packages_end=None, packages_ignore=None, packages_ignore_regex=None, packages_select=None, packages_select_build_failed=False, packages_select_by_dep=None, packages_select_regex=None, packages_select_test_failures=False, packages_skip=None, packages_skip_build_finished=False, packages_skip_by_dep=None, packages_skip_regex=None, packages_skip_test_passed=False, packages_skip_up_to=None, packages_start=None, packages_up_to=None, packages_up_to_regex=None, parallel_workers=4, paths=None, symlink_install=False, test_result_base=None, verb_extension=<colcon_core.verb.build.BuildVerb object at 0xffff844dbeb0>, verb_name='build', verb_parser=<colcon_mixin.mixin.mixin_argument.MixinArgumentDecorator object at 0xffff844e6490>)
[1.317s] Level 1:colcon.colcon_core.package_discovery:discover_packages(colcon_meta) check parameters
[1.317s] Level 1:colcon.colcon_core.package_discovery:discover_packages(recursive) check parameters
[1.317s] Level 1:colcon.colcon_core.package_discovery:discover_packages(ignore) check parameters
[1.317s] Level 1:colcon.colcon_core.package_discovery:discover_packages(path) check parameters
[1.318s] Level 1:colcon.colcon_core.package_discovery:discover_packages(colcon_meta) discover
[1.318s] Level 1:colcon.colcon_core.package_discovery:discover_packages(recursive) discover
[1.318s] INFO:colcon.colcon_core.package_discovery:Crawling recursively for packages in '/home/coche/coche_ws'
[1.318s] Level 1:colcon.colcon_core.package_identification:_identify(.) by extensions ['ignore', 'ignore_ament_install']
[1.319s] Level 1:colcon.colcon_core.package_identification:_identify(.) by extension 'ignore'
[1.319s] Level 1:colcon.colcon_core.package_identification:_identify(.) by extension 'ignore_ament_install'
[1.319s] Level 1:colcon.colcon_core.package_identification:_identify(.) by extensions ['colcon_pkg']
[1.319s] Level 1:colcon.colcon_core.package_identification:_identify(.) by extension 'colcon_pkg'
[1.320s] Level 1:colcon.colcon_core.package_identification:_identify(.) by extensions ['colcon_meta']
[1.320s] Level 1:colcon.colcon_core.package_identification:_identify(.) by extension 'colcon_meta'
[1.320s] Level 1:colcon.colcon_core.package_identification:_identify(.) by extensions ['ros']
[1.320s] Level 1:colcon.colcon_core.package_identification:_identify(.) by extension 'ros'
[1.361s] Level 1:colcon.colcon_core.package_identification:_identify(.) by extensions ['cmake', 'python']
[1.361s] Level 1:colcon.colcon_core.package_identification:_identify(.) by extension 'cmake'
[1.361s] Level 1:colcon.colcon_core.package_identification:_identify(.) by extension 'python'
[1.361s] Level 1:colcon.colcon_core.package_identification:_identify(.) by extensions ['python_setup_py']
[1.362s] Level 1:colcon.colcon_core.package_identification:_identify(.) by extension 'python_setup_py'
[1.362s] Level 1:colcon.colcon_core.package_identification:_identify(build) by extensions ['ignore', 'ignore_ament_install']
[1.362s] Level 1:colcon.colcon_core.package_identification:_identify(build) by extension 'ignore'
[1.363s] Level 1:colcon.colcon_core.package_identification:_identify(build) ignored
[1.363s] Level 1:colcon.colcon_core.package_identification:_identify(install) by extensions ['ignore', 'ignore_ament_install']
[1.363s] Level 1:colcon.colcon_core.package_identification:_identify(install) by extension 'ignore'
[1.364s] Level 1:colcon.colcon_core.package_identification:_identify(install) ignored
[1.364s] Level 1:colcon.colcon_core.package_identification:_identify(log) by extensions ['ignore', 'ignore_ament_install']
[1.364s] Level 1:colcon.colcon_core.package_identification:_identify(log) by extension 'ignore'
[1.365s] Level 1:colcon.colcon_core.package_identification:_identify(log) ignored
[1.365s] Level 1:colcon.colcon_core.package_identification:_identify(src) by extensions ['ignore', 'ignore_ament_install']
[1.365s] Level 1:colcon.colcon_core.package_identification:_identify(src) by extension 'ignore'
[1.365s] Level 1:colcon.colcon_core.package_identification:_identify(src) by extension 'ignore_ament_install'
[1.366s] Level 1:colcon.colcon_core.package_identification:_identify(src) by extensions ['colcon_pkg']
[1.366s] Level 1:colcon.colcon_core.package_identification:_identify(src) by extension 'colcon_pkg'
[1.366s] Level 1:colcon.colcon_core.package_identification:_identify(src) by extensions ['colcon_meta']
[1.366s] Level 1:colcon.colcon_core.package_identification:_identify(src) by extension 'colcon_meta'
[1.366s] Level 1:colcon.colcon_core.package_identification:_identify(src) by extensions ['ros']
[1.366s] Level 1:colcon.colcon_core.package_identification:_identify(src) by extension 'ros'
[1.367s] Level 1:colcon.colcon_core.package_identification:_identify(src) by extensions ['cmake', 'python']
[1.367s] Level 1:colcon.colcon_core.package_identification:_identify(src) by extension 'cmake'
[1.367s] Level 1:colcon.colcon_core.package_identification:_identify(src) by extension 'python'
[1.367s] Level 1:colcon.colcon_core.package_identification:_identify(src) by extensions ['python_setup_py']
[1.367s] Level 1:colcon.colcon_core.package_identification:_identify(src) by extension 'python_setup_py'
[1.368s] Level 1:colcon.colcon_core.package_identification:_identify(src/f1tenth_system) by extensions ['ignore', 'ignore_ament_install']
[1.368s] Level 1:colcon.colcon_core.package_identification:_identify(src/f1tenth_system) by extension 'ignore'
[1.368s] Level 1:colcon.colcon_core.package_identification:_identify(src/f1tenth_system) by extension 'ignore_ament_install'
[1.368s] Level 1:colcon.colcon_core.package_identification:_identify(src/f1tenth_system) by extensions ['colcon_pkg']
[1.368s] Level 1:colcon.colcon_core.package_identification:_identify(src/f1tenth_system) by extension 'colcon_pkg'
[1.369s] Level 1:colcon.colcon_core.package_identification:_identify(src/f1tenth_system) by extensions ['colcon_meta']
[1.369s] Level 1:colcon.colcon_core.package_identification:_identify(src/f1tenth_system) by extension 'colcon_meta'
[1.369s] Level 1:colcon.colcon_core.package_identification:_identify(src/f1tenth_system) by extensions ['ros']
[1.369s] Level 1:colcon.colcon_core.package_identification:_identify(src/f1tenth_system) by extension 'ros'
[1.369s] Level 1:colcon.colcon_core.package_identification:_identify(src/f1tenth_system) by extensions ['cmake', 'python']
[1.369s] Level 1:colcon.colcon_core.package_identification:_identify(src/f1tenth_system) by extension 'cmake'
[1.370s] Level 1:colcon.colcon_core.package_identification:_identify(src/f1tenth_system) by extension 'python'
[1.370s] Level 1:colcon.colcon_core.package_identification:_identify(src/f1tenth_system) by extensions ['python_setup_py']
[1.370s] Level 1:colcon.colcon_core.package_identification:_identify(src/f1tenth_system) by extension 'python_setup_py'
[1.370s] Level 1:colcon.colcon_core.package_identification:_identify(src/f1tenth_system/ackermann_mux) by extensions ['ignore', 'ignore_ament_install']
[1.371s] Level 1:colcon.colcon_core.package_identification:_identify(src/f1tenth_system/ackermann_mux) by extension 'ignore'
[1.371s] Level 1:colcon.colcon_core.package_identification:_identify(src/f1tenth_system/ackermann_mux) by extension 'ignore_ament_install'
[1.371s] Level 1:colcon.colcon_core.package_identification:_identify(src/f1tenth_system/ackermann_mux) by extensions ['colcon_pkg']
[1.371s] Level 1:colcon.colcon_core.package_identification:_identify(src/f1tenth_system/ackermann_mux) by extension 'colcon_pkg'
[1.371s] Level 1:colcon.colcon_core.package_identification:_identify(src/f1tenth_system/ackermann_mux) by extensions ['colcon_meta']
[1.372s] Level 1:colcon.colcon_core.package_identification:_identify(src/f1tenth_system/ackermann_mux) by extension 'colcon_meta'
[1.372s] Level 1:colcon.colcon_core.package_identification:_identify(src/f1tenth_system/ackermann_mux) by extensions ['ros']
[1.372s] Level 1:colcon.colcon_core.package_identification:_identify(src/f1tenth_system/ackermann_mux) by extension 'ros'
[1.382s] DEBUG:colcon.colcon_core.package_identification:Package 'src/f1tenth_system/ackermann_mux' with type 'ros.ament_cmake' and name 'ackermann_mux'
[1.383s] Level 1:colcon.colcon_core.package_identification:_identify(src/f1tenth_system/f1tenth_stack) by extensions ['ignore', 'ignore_ament_install']
[1.383s] Level 1:colcon.colcon_core.package_identification:_identify(src/f1tenth_system/f1tenth_stack) by extension 'ignore'
[1.383s] Level 1:colcon.colcon_core.package_identification:_identify(src/f1tenth_system/f1tenth_stack) by extension 'ignore_ament_install'
[1.383s] Level 1:colcon.colcon_core.package_identification:_identify(src/f1tenth_system/f1tenth_stack) by extensions ['colcon_pkg']
[1.383s] Level 1:colcon.colcon_core.package_identification:_identify(src/f1tenth_system/f1tenth_stack) by extension 'colcon_pkg'
[1.384s] Level 1:colcon.colcon_core.package_identification:_identify(src/f1tenth_system/f1tenth_stack) by extensions ['colcon_meta']
[1.384s] Level 1:colcon.colcon_core.package_identification:_identify(src/f1tenth_system/f1tenth_stack) by extension 'colcon_meta'
[1.384s] Level 1:colcon.colcon_core.package_identification:_identify(src/f1tenth_system/f1tenth_stack) by extensions ['ros']
[1.384s] Level 1:colcon.colcon_core.package_identification:_identify(src/f1tenth_system/f1tenth_stack) by extension 'ros'
[1.388s] DEBUG:colcon.colcon_core.package_identification:Package 'src/f1tenth_system/f1tenth_stack' with type 'ros.ament_python' and name 'f1tenth_stack'
[1.389s] Level 1:colcon.colcon_core.package_identification:_identify(src/f1tenth_system/particle filter) by extensions ['ignore', 'ignore_ament_install']
[1.389s] Level 1:colcon.colcon_core.package_identification:_identify(src/f1tenth_system/particle filter) by extension 'ignore'
[1.389s] Level 1:colcon.colcon_core.package_identification:_identify(src/f1tenth_system/particle filter) by extension 'ignore_ament_install'
[1.389s] Level 1:colcon.colcon_core.package_identification:_identify(src/f1tenth_system/particle filter) by extensions ['colcon_pkg']
[1.390s] Level 1:colcon.colcon_core.package_identification:_identify(src/f1tenth_system/particle filter) by extension 'colcon_pkg'
[1.390s] Level 1:colcon.colcon_core.package_identification:_identify(src/f1tenth_system/particle filter) by extensions ['colcon_meta']
[1.390s] Level 1:colcon.colcon_core.package_identification:_identify(src/f1tenth_system/particle filter) by extension 'colcon_meta'
[1.390s] Level 1:colcon.colcon_core.package_identification:_identify(src/f1tenth_system/particle filter) by extensions ['ros']
[1.390s] Level 1:colcon.colcon_core.package_identification:_identify(src/f1tenth_system/particle filter) by extension 'ros'
[1.394s] DEBUG:colcon.colcon_core.package_identification:Package 'src/f1tenth_system/particle filter' with type 'ros.ament_python' and name 'particle_filter'
[1.394s] Level 1:colcon.colcon_core.package_identification:_identify(src/f1tenth_system/scripts) by extensions ['ignore', 'ignore_ament_install']
[1.395s] Level 1:colcon.colcon_core.package_identification:_identify(src/f1tenth_system/scripts) by extension 'ignore'
[1.395s] Level 1:colcon.colcon_core.package_identification:_identify(src/f1tenth_system/scripts) by extension 'ignore_ament_install'
[1.395s] Level 1:colcon.colcon_core.package_identification:_identify(src/f1tenth_system/scripts) by extensions ['colcon_pkg']
[1.395s] Level 1:colcon.colcon_core.package_identification:_identify(src/f1tenth_system/scripts) by extension 'colcon_pkg'
[1.395s] Level 1:colcon.colcon_core.package_identification:_identify(src/f1tenth_system/scripts) by extensions ['colcon_meta']
[1.396s] Level 1:colcon.colcon_core.package_identification:_identify(src/f1tenth_system/scripts) by extension 'colcon_meta'
[1.396s] Level 1:colcon.colcon_core.package_identification:_identify(src/f1tenth_system/scripts) by extensions ['ros']
[1.396s] Level 1:colcon.colcon_core.package_identification:_identify(src/f1tenth_system/scripts) by extension 'ros'
[1.396s] Level 1:colcon.colcon_core.package_identification:_identify(src/f1tenth_system/scripts) by extensions ['cmake', 'python']
[1.396s] Level 1:colcon.colcon_core.package_identification:_identify(src/f1tenth_system/scripts) by extension 'cmake'
[1.396s] Level 1:colcon.colcon_core.package_identification:_identify(src/f1tenth_system/scripts) by extension 'python'
[1.397s] Level 1:colcon.colcon_core.package_identification:_identify(src/f1tenth_system/scripts) by extensions ['python_setup_py']
[1.397s] Level 1:colcon.colcon_core.package_identification:_identify(src/f1tenth_system/scripts) by extension 'python_setup_py'
[1.397s] Level 1:colcon.colcon_core.package_identification:_identify(src/f1tenth_system/slam) by extensions ['ignore', 'ignore_ament_install']
[1.397s] Level 1:colcon.colcon_core.package_identification:_identify(src/f1tenth_system/slam) by extension 'ignore'
[1.398s] Level 1:colcon.colcon_core.package_identification:_identify(src/f1tenth_system/slam) by extension 'ignore_ament_install'
[1.398s] Level 1:colcon.colcon_core.package_identification:_identify(src/f1tenth_system/slam) by extensions ['colcon_pkg']
[1.398s] Level 1:colcon.colcon_core.package_identification:_identify(src/f1tenth_system/slam) by extension 'colcon_pkg'
[1.398s] Level 1:colcon.colcon_core.package_identification:_identify(src/f1tenth_system/slam) by extensions ['colcon_meta']
[1.398s] Level 1:colcon.colcon_core.package_identification:_identify(src/f1tenth_system/slam) by extension 'colcon_meta'
[1.398s] Level 1:colcon.colcon_core.package_identification:_identify(src/f1tenth_system/slam) by extensions ['ros']
[1.399s] Level 1:colcon.colcon_core.package_identification:_identify(src/f1tenth_system/slam) by extension 'ros'
[1.399s] Level 1:colcon.colcon_core.package_identification:_identify(src/f1tenth_system/slam) by extensions ['cmake', 'python']
[1.399s] Level 1:colcon.colcon_core.package_identification:_identify(src/f1tenth_system/slam) by extension 'cmake'
[1.399s] Level 1:colcon.colcon_core.package_identification:_identify(src/f1tenth_system/slam) by extension 'python'
[1.399s] Level 1:colcon.colcon_core.package_identification:_identify(src/f1tenth_system/slam) by extensions ['python_setup_py']
[1.399s] Level 1:colcon.colcon_core.package_identification:_identify(src/f1tenth_system/slam) by extension 'python_setup_py'
[1.400s] Level 1:colcon.colcon_core.package_identification:_identify(src/f1tenth_system/teleop_tools) by extensions ['ignore', 'ignore_ament_install']
[1.400s] Level 1:colcon.colcon_core.package_identification:_identify(src/f1tenth_system/teleop_tools) by extension 'ignore'
[1.400s] Level 1:colcon.colcon_core.package_identification:_identify(src/f1tenth_system/teleop_tools) by extension 'ignore_ament_install'
[1.401s] Level 1:colcon.colcon_core.package_identification:_identify(src/f1tenth_system/teleop_tools) by extensions ['colcon_pkg']
[1.401s] Level 1:colcon.colcon_core.package_identification:_identify(src/f1tenth_system/teleop_tools) by extension 'colcon_pkg'
[1.401s] Level 1:colcon.colcon_core.package_identification:_identify(src/f1tenth_system/teleop_tools) by extensions ['colcon_meta']
[1.401s] Level 1:colcon.colcon_core.package_identification:_identify(src/f1tenth_system/teleop_tools) by extension 'colcon_meta'
[1.401s] Level 1:colcon.colcon_core.package_identification:_identify(src/f1tenth_system/teleop_tools) by extensions ['ros']
[1.401s] Level 1:colcon.colcon_core.package_identification:_identify(src/f1tenth_system/teleop_tools) by extension 'ros'
[1.402s] Level 1:colcon.colcon_core.package_identification:_identify(src/f1tenth_system/teleop_tools) by extensions ['cmake', 'python']
[1.402s] Level 1:colcon.colcon_core.package_identification:_identify(src/f1tenth_system/teleop_tools) by extension 'cmake'
[1.402s] Level 1:colcon.colcon_core.package_identification:_identify(src/f1tenth_system/teleop_tools) by extension 'python'
[1.402s] Level 1:colcon.colcon_core.package_identification:_identify(src/f1tenth_system/teleop_tools) by extensions ['python_setup_py']
[1.402s] Level 1:colcon.colcon_core.package_identification:_identify(src/f1tenth_system/teleop_tools) by extension 'python_setup_py'
[1.403s] Level 1:colcon.colcon_core.package_identification:_identify(src/f1tenth_system/teleop_tools/joy_teleop) by extensions ['ignore', 'ignore_ament_install']
[1.403s] Level 1:colcon.colcon_core.package_identification:_identify(src/f1tenth_system/teleop_tools/joy_teleop) by extension 'ignore'
[1.403s] Level 1:colcon.colcon_core.package_identification:_identify(src/f1tenth_system/teleop_tools/joy_teleop) by extension 'ignore_ament_install'
[1.403s] Level 1:colcon.colcon_core.package_identification:_identify(src/f1tenth_system/teleop_tools/joy_teleop) by extensions ['colcon_pkg']
[1.403s] Level 1:colcon.colcon_core.package_identification:_identify(src/f1tenth_system/teleop_tools/joy_teleop) by extension 'colcon_pkg'
[1.404s] Level 1:colcon.colcon_core.package_identification:_identify(src/f1tenth_system/teleop_tools/joy_teleop) by extensions ['colcon_meta']
[1.404s] Level 1:colcon.colcon_core.package_identification:_identify(src/f1tenth_system/teleop_tools/joy_teleop) by extension 'colcon_meta'
[1.404s] Level 1:colcon.colcon_core.package_identification:_identify(src/f1tenth_system/teleop_tools/joy_teleop) by extensions ['ros']
[1.404s] Level 1:colcon.colcon_core.package_identification:_identify(src/f1tenth_system/teleop_tools/joy_teleop) by extension 'ros'
[1.407s] DEBUG:colcon.colcon_core.package_identification:Package 'src/f1tenth_system/teleop_tools/joy_teleop' with type 'ros.ament_python' and name 'joy_teleop'
[1.407s] Level 1:colcon.colcon_core.package_identification:_identify(src/f1tenth_system/teleop_tools/key_teleop) by extensions ['ignore', 'ignore_ament_install']
[1.407s] Level 1:colcon.colcon_core.package_identification:_identify(src/f1tenth_system/teleop_tools/key_teleop) by extension 'ignore'
[1.408s] Level 1:colcon.colcon_core.package_identification:_identify(src/f1tenth_system/teleop_tools/key_teleop) by extension 'ignore_ament_install'
[1.408s] Level 1:colcon.colcon_core.package_identification:_identify(src/f1tenth_system/teleop_tools/key_teleop) by extensions ['colcon_pkg']
[1.408s] Level 1:colcon.colcon_core.package_identification:_identify(src/f1tenth_system/teleop_tools/key_teleop) by extension 'colcon_pkg'
[1.408s] Level 1:colcon.colcon_core.package_identification:_identify(src/f1tenth_system/teleop_tools/key_teleop) by extensions ['colcon_meta']
[1.408s] Level 1:colcon.colcon_core.package_identification:_identify(src/f1tenth_system/teleop_tools/key_teleop) by extension 'colcon_meta'
[1.408s] Level 1:colcon.colcon_core.package_identification:_identify(src/f1tenth_system/teleop_tools/key_teleop) by extensions ['ros']
[1.409s] Level 1:colcon.colcon_core.package_identification:_identify(src/f1tenth_system/teleop_tools/key_teleop) by extension 'ros'
[1.410s] DEBUG:colcon.colcon_core.package_identification:Package 'src/f1tenth_system/teleop_tools/key_teleop' with type 'ros.ament_python' and name 'key_teleop'
[1.411s] Level 1:colcon.colcon_core.package_identification:_identify(src/f1tenth_system/teleop_tools/mouse_teleop) by extensions ['ignore', 'ignore_ament_install']
[1.411s] Level 1:colcon.colcon_core.package_identification:_identify(src/f1tenth_system/teleop_tools/mouse_teleop) by extension 'ignore'
[1.411s] Level 1:colcon.colcon_core.package_identification:_identify(src/f1tenth_system/teleop_tools/mouse_teleop) by extension 'ignore_ament_install'
[1.412s] Level 1:colcon.colcon_core.package_identification:_identify(src/f1tenth_system/teleop_tools/mouse_teleop) by extensions ['colcon_pkg']
[1.412s] Level 1:colcon.colcon_core.package_identification:_identify(src/f1tenth_system/teleop_tools/mouse_teleop) by extension 'colcon_pkg'
[1.412s] Level 1:colcon.colcon_core.package_identification:_identify(src/f1tenth_system/teleop_tools/mouse_teleop) by extensions ['colcon_meta']
[1.412s] Level 1:colcon.colcon_core.package_identification:_identify(src/f1tenth_system/teleop_tools/mouse_teleop) by extension 'colcon_meta'
[1.412s] Level 1:colcon.colcon_core.package_identification:_identify(src/f1tenth_system/teleop_tools/mouse_teleop) by extensions ['ros']
[1.412s] Level 1:colcon.colcon_core.package_identification:_identify(src/f1tenth_system/teleop_tools/mouse_teleop) by extension 'ros'
[1.414s] DEBUG:colcon.colcon_core.package_identification:Package 'src/f1tenth_system/teleop_tools/mouse_teleop' with type 'ros.ament_python' and name 'mouse_teleop'
[1.415s] Level 1:colcon.colcon_core.package_identification:_identify(src/f1tenth_system/teleop_tools/teleop_tools) by extensions ['ignore', 'ignore_ament_install']
[1.415s] Level 1:colcon.colcon_core.package_identification:_identify(src/f1tenth_system/teleop_tools/teleop_tools) by extension 'ignore'
[1.415s] Level 1:colcon.colcon_core.package_identification:_identify(src/f1tenth_system/teleop_tools/teleop_tools) by extension 'ignore_ament_install'
[1.416s] Level 1:colcon.colcon_core.package_identification:_identify(src/f1tenth_system/teleop_tools/teleop_tools) by extensions ['colcon_pkg']
[1.416s] Level 1:colcon.colcon_core.package_identification:_identify(src/f1tenth_system/teleop_tools/teleop_tools) by extension 'colcon_pkg'
[1.416s] Level 1:colcon.colcon_core.package_identification:_identify(src/f1tenth_system/teleop_tools/teleop_tools) by extensions ['colcon_meta']
[1.416s] Level 1:colcon.colcon_core.package_identification:_identify(src/f1tenth_system/teleop_tools/teleop_tools) by extension 'colcon_meta'
[1.416s] Level 1:colcon.colcon_core.package_identification:_identify(src/f1tenth_system/teleop_tools/teleop_tools) by extensions ['ros']
[1.416s] Level 1:colcon.colcon_core.package_identification:_identify(src/f1tenth_system/teleop_tools/teleop_tools) by extension 'ros'
[1.418s] DEBUG:colcon.colcon_core.package_identification:Package 'src/f1tenth_system/teleop_tools/teleop_tools' with type 'ros.ament_cmake' and name 'teleop_tools'
[1.419s] Level 1:colcon.colcon_core.package_identification:_identify(src/f1tenth_system/teleop_tools/teleop_tools_msgs) by extensions ['ignore', 'ignore_ament_install']
[1.419s] Level 1:colcon.colcon_core.package_identification:_identify(src/f1tenth_system/teleop_tools/teleop_tools_msgs) by extension 'ignore'
[1.419s] Level 1:colcon.colcon_core.package_identification:_identify(src/f1tenth_system/teleop_tools/teleop_tools_msgs) by extension 'ignore_ament_install'
[1.420s] Level 1:colcon.colcon_core.package_identification:_identify(src/f1tenth_system/teleop_tools/teleop_tools_msgs) by extensions ['colcon_pkg']
[1.420s] Level 1:colcon.colcon_core.package_identification:_identify(src/f1tenth_system/teleop_tools/teleop_tools_msgs) by extension 'colcon_pkg'
[1.420s] Level 1:colcon.colcon_core.package_identification:_identify(src/f1tenth_system/teleop_tools/teleop_tools_msgs) by extensions ['colcon_meta']
[1.420s] Level 1:colcon.colcon_core.package_identification:_identify(src/f1tenth_system/teleop_tools/teleop_tools_msgs) by extension 'colcon_meta'
[1.420s] Level 1:colcon.colcon_core.package_identification:_identify(src/f1tenth_system/teleop_tools/teleop_tools_msgs) by extensions ['ros']
[1.420s] Level 1:colcon.colcon_core.package_identification:_identify(src/f1tenth_system/teleop_tools/teleop_tools_msgs) by extension 'ros'
[1.422s] DEBUG:colcon.colcon_core.package_identification:Package 'src/f1tenth_system/teleop_tools/teleop_tools_msgs' with type 'ros.ament_cmake' and name 'teleop_tools_msgs'
[1.423s] Level 1:colcon.colcon_core.package_identification:_identify(src/f1tenth_system/vesc) by extensions ['ignore', 'ignore_ament_install']
[1.423s] Level 1:colcon.colcon_core.package_identification:_identify(src/f1tenth_system/vesc) by extension 'ignore'
[1.423s] Level 1:colcon.colcon_core.package_identification:_identify(src/f1tenth_system/vesc) by extension 'ignore_ament_install'
[1.423s] Level 1:colcon.colcon_core.package_identification:_identify(src/f1tenth_system/vesc) by extensions ['colcon_pkg']
[1.424s] Level 1:colcon.colcon_core.package_identification:_identify(src/f1tenth_system/vesc) by extension 'colcon_pkg'
[1.424s] Level 1:colcon.colcon_core.package_identification:_identify(src/f1tenth_system/vesc) by extensions ['colcon_meta']
[1.424s] Level 1:colcon.colcon_core.package_identification:_identify(src/f1tenth_system/vesc) by extension 'colcon_meta'
[1.424s] Level 1:colcon.colcon_core.package_identification:_identify(src/f1tenth_system/vesc) by extensions ['ros']
[1.424s] Level 1:colcon.colcon_core.package_identification:_identify(src/f1tenth_system/vesc) by extension 'ros'
[1.424s] Level 1:colcon.colcon_core.package_identification:_identify(src/f1tenth_system/vesc) by extensions ['cmake', 'python']
[1.425s] Level 1:colcon.colcon_core.package_identification:_identify(src/f1tenth_system/vesc) by extension 'cmake'
[1.425s] Level 1:colcon.colcon_core.package_identification:_identify(src/f1tenth_system/vesc) by extension 'python'
[1.425s] Level 1:colcon.colcon_core.package_identification:_identify(src/f1tenth_system/vesc) by extensions ['python_setup_py']
[1.425s] Level 1:colcon.colcon_core.package_identification:_identify(src/f1tenth_system/vesc) by extension 'python_setup_py'
[1.426s] Level 1:colcon.colcon_core.package_identification:_identify(src/f1tenth_system/vesc/vesc) by extensions ['ignore', 'ignore_ament_install']
[1.426s] Level 1:colcon.colcon_core.package_identification:_identify(src/f1tenth_system/vesc/vesc) by extension 'ignore'
[1.426s] Level 1:colcon.colcon_core.package_identification:_identify(src/f1tenth_system/vesc/vesc) by extension 'ignore_ament_install'
[1.426s] Level 1:colcon.colcon_core.package_identification:_identify(src/f1tenth_system/vesc/vesc) by extensions ['colcon_pkg']
[1.426s] Level 1:colcon.colcon_core.package_identification:_identify(src/f1tenth_system/vesc/vesc) by extension 'colcon_pkg'
[1.427s] Level 1:colcon.colcon_core.package_identification:_identify(src/f1tenth_system/vesc/vesc) by extensions ['colcon_meta']
[1.427s] Level 1:colcon.colcon_core.package_identification:_identify(src/f1tenth_system/vesc/vesc) by extension 'colcon_meta'
[1.427s] Level 1:colcon.colcon_core.package_identification:_identify(src/f1tenth_system/vesc/vesc) by extensions ['ros']
[1.427s] Level 1:colcon.colcon_core.package_identification:_identify(src/f1tenth_system/vesc/vesc) by extension 'ros'
[1.429s] DEBUG:colcon.colcon_core.package_identification:Package 'src/f1tenth_system/vesc/vesc' with type 'ros.ament_cmake' and name 'vesc'
[1.429s] Level 1:colcon.colcon_core.package_identification:_identify(src/f1tenth_system/vesc/vesc_ackermann) by extensions ['ignore', 'ignore_ament_install']
[1.430s] Level 1:colcon.colcon_core.package_identification:_identify(src/f1tenth_system/vesc/vesc_ackermann) by extension 'ignore'
[1.430s] Level 1:colcon.colcon_core.package_identification:_identify(src/f1tenth_system/vesc/vesc_ackermann) by extension 'ignore_ament_install'
[1.430s] Level 1:colcon.colcon_core.package_identification:_identify(src/f1tenth_system/vesc/vesc_ackermann) by extensions ['colcon_pkg']
[1.430s] Level 1:colcon.colcon_core.package_identification:_identify(src/f1tenth_system/vesc/vesc_ackermann) by extension 'colcon_pkg'
[1.430s] Level 1:colcon.colcon_core.package_identification:_identify(src/f1tenth_system/vesc/vesc_ackermann) by extensions ['colcon_meta']
[1.431s] Level 1:colcon.colcon_core.package_identification:_identify(src/f1tenth_system/vesc/vesc_ackermann) by extension 'colcon_meta'
[1.431s] Level 1:colcon.colcon_core.package_identification:_identify(src/f1tenth_system/vesc/vesc_ackermann) by extensions ['ros']
[1.431s] Level 1:colcon.colcon_core.package_identification:_identify(src/f1tenth_system/vesc/vesc_ackermann) by extension 'ros'
[1.435s] DEBUG:colcon.colcon_core.package_identification:Package 'src/f1tenth_system/vesc/vesc_ackermann' with type 'ros.ament_cmake' and name 'vesc_ackermann'
[1.435s] Level 1:colcon.colcon_core.package_identification:_identify(src/f1tenth_system/vesc/vesc_driver) by extensions ['ignore', 'ignore_ament_install']
[1.436s] Level 1:colcon.colcon_core.package_identification:_identify(src/f1tenth_system/vesc/vesc_driver) by extension 'ignore'
[1.436s] Level 1:colcon.colcon_core.package_identification:_identify(src/f1tenth_system/vesc/vesc_driver) by extension 'ignore_ament_install'
[1.436s] Level 1:colcon.colcon_core.package_identification:_identify(src/f1tenth_system/vesc/vesc_driver) by extensions ['colcon_pkg']
[1.436s] Level 1:colcon.colcon_core.package_identification:_identify(src/f1tenth_system/vesc/vesc_driver) by extension 'colcon_pkg'
[1.436s] Level 1:colcon.colcon_core.package_identification:_identify(src/f1tenth_system/vesc/vesc_driver) by extensions ['colcon_meta']
[1.436s] Level 1:colcon.colcon_core.package_identification:_identify(src/f1tenth_system/vesc/vesc_driver) by extension 'colcon_meta'
[1.437s] Level 1:colcon.colcon_core.package_identification:_identify(src/f1tenth_system/vesc/vesc_driver) by extensions ['ros']
[1.437s] Level 1:colcon.colcon_core.package_identification:_identify(src/f1tenth_system/vesc/vesc_driver) by extension 'ros'
[1.445s] DEBUG:colcon.colcon_core.package_identification:Package 'src/f1tenth_system/vesc/vesc_driver' with type 'ros.ament_cmake' and name 'vesc_driver'
[1.446s] Level 1:colcon.colcon_core.package_identification:_identify(src/f1tenth_system/vesc/vesc_msgs) by extensions ['ignore', 'ignore_ament_install']
[1.446s] Level 1:colcon.colcon_core.package_identification:_identify(src/f1tenth_system/vesc/vesc_msgs) by extension 'ignore'
[1.446s] Level 1:colcon.colcon_core.package_identification:_identify(src/f1tenth_system/vesc/vesc_msgs) by extension 'ignore_ament_install'
[1.446s] Level 1:colcon.colcon_core.package_identification:_identify(src/f1tenth_system/vesc/vesc_msgs) by extensions ['colcon_pkg']
[1.447s] Level 1:colcon.colcon_core.package_identification:_identify(src/f1tenth_system/vesc/vesc_msgs) by extension 'colcon_pkg'
[1.447s] Level 1:colcon.colcon_core.package_identification:_identify(src/f1tenth_system/vesc/vesc_msgs) by extensions ['colcon_meta']
[1.447s] Level 1:colcon.colcon_core.package_identification:_identify(src/f1tenth_system/vesc/vesc_msgs) by extension 'colcon_meta'
[1.447s] Level 1:colcon.colcon_core.package_identification:_identify(src/f1tenth_system/vesc/vesc_msgs) by extensions ['ros']
[1.447s] Level 1:colcon.colcon_core.package_identification:_identify(src/f1tenth_system/vesc/vesc_msgs) by extension 'ros'
[1.450s] DEBUG:colcon.colcon_core.package_identification:Package 'src/f1tenth_system/vesc/vesc_msgs' with type 'ros.ament_cmake' and name 'vesc_msgs'
[1.450s] Level 1:colcon.colcon_core.package_discovery:discover_packages(recursive) using defaults
[1.451s] Level 1:colcon.colcon_core.package_discovery:discover_packages(ignore) discover
[1.451s] Level 1:colcon.colcon_core.package_discovery:discover_packages(ignore) using defaults
[1.451s] Level 1:colcon.colcon_core.package_discovery:discover_packages(path) discover
[1.451s] Level 1:colcon.colcon_core.package_discovery:discover_packages(path) using defaults
[1.520s] Level 1:colcon.colcon_core.package_discovery:discover_packages(prefix_path) check parameters
[1.521s] Level 1:colcon.colcon_core.package_discovery:discover_packages(prefix_path) discover
[1.531s] DEBUG:colcon.colcon_installed_package_information.package_discovery:Found 12 installed packages in /home/coche/coche_ws/install
[1.539s] DEBUG:colcon.colcon_installed_package_information.package_discovery:Found 280 installed packages in /opt/ros/foxy
[1.546s] Level 1:colcon.colcon_core.package_discovery:discover_packages(prefix_path) using defaults
[1.813s] Level 5:colcon.colcon_core.verb:set package 'ackermann_mux' build argument 'cmake_args' from command line to 'None'
[1.814s] Level 5:colcon.colcon_core.verb:set package 'ackermann_mux' build argument 'cmake_target' from command line to 'None'
[1.814s] Level 5:colcon.colcon_core.verb:set package 'ackermann_mux' build argument 'cmake_target_skip_unavailable' from command line to 'False'
[1.814s] Level 5:colcon.colcon_core.verb:set package 'ackermann_mux' build argument 'cmake_clean_cache' from command line to 'False'
[1.814s] Level 5:colcon.colcon_core.verb:set package 'ackermann_mux' build argument 'cmake_clean_first' from command line to 'False'
[1.814s] Level 5:colcon.colcon_core.verb:set package 'ackermann_mux' build argument 'cmake_force_configure' from command line to 'False'
[1.814s] Level 5:colcon.colcon_core.verb:set package 'ackermann_mux' build argument 'ament_cmake_args' from command line to 'None'
[1.815s] Level 5:colcon.colcon_core.verb:set package 'ackermann_mux' build argument 'catkin_cmake_args' from command line to 'None'
[1.815s] Level 5:colcon.colcon_core.verb:set package 'ackermann_mux' build argument 'catkin_skip_building_tests' from command line to 'False'
[1.815s] DEBUG:colcon.colcon_core.verb:Building package 'ackermann_mux' with the following arguments: {'ament_cmake_args': None, 'build_base': '/home/coche/coche_ws/build/ackermann_mux', 'catkin_cmake_args': None, 'catkin_skip_building_tests': False, 'cmake_args': None, 'cmake_clean_cache': False, 'cmake_clean_first': False, 'cmake_force_configure': False, 'cmake_target': None, 'cmake_target_skip_unavailable': False, 'install_base': '/home/coche/coche_ws/install/ackermann_mux', 'merge_install': False, 'path': '/home/coche/coche_ws/src/f1tenth_system/ackermann_mux', 'symlink_install': False, 'test_result_base': None}
[1.816s] Level 5:colcon.colcon_core.verb:set package 'key_teleop' build argument 'cmake_args' from command line to 'None'
[1.816s] Level 5:colcon.colcon_core.verb:set package 'key_teleop' build argument 'cmake_target' from command line to 'None'
[1.817s] Level 5:colcon.colcon_core.verb:set package 'key_teleop' build argument 'cmake_target_skip_unavailable' from command line to 'False'
[1.817s] Level 5:colcon.colcon_core.verb:set package 'key_teleop' build argument 'cmake_clean_cache' from command line to 'False'
[1.817s] Level 5:colcon.colcon_core.verb:set package 'key_teleop' build argument 'cmake_clean_first' from command line to 'False'
[1.817s] Level 5:colcon.colcon_core.verb:set package 'key_teleop' build argument 'cmake_force_configure' from command line to 'False'
[1.817s] Level 5:colcon.colcon_core.verb:set package 'key_teleop' build argument 'ament_cmake_args' from command line to 'None'
[1.817s] Level 5:colcon.colcon_core.verb:set package 'key_teleop' build argument 'catkin_cmake_args' from command line to 'None'
[1.817s] Level 5:colcon.colcon_core.verb:set package 'key_teleop' build argument 'catkin_skip_building_tests' from command line to 'False'
[1.817s] DEBUG:colcon.colcon_core.verb:Building package 'key_teleop' with the following arguments: {'ament_cmake_args': None, 'build_base': '/home/coche/coche_ws/build/key_teleop', 'catkin_cmake_args': None, 'catkin_skip_building_tests': False, 'cmake_args': None, 'cmake_clean_cache': False, 'cmake_clean_first': False, 'cmake_force_configure': False, 'cmake_target': None, 'cmake_target_skip_unavailable': False, 'install_base': '/home/coche/coche_ws/install/key_teleop', 'merge_install': False, 'path': '/home/coche/coche_ws/src/f1tenth_system/teleop_tools/key_teleop', 'symlink_install': False, 'test_result_base': None}
[1.819s] Level 5:colcon.colcon_core.verb:set package 'mouse_teleop' build argument 'cmake_args' from command line to 'None'
[1.819s] Level 5:colcon.colcon_core.verb:set package 'mouse_teleop' build argument 'cmake_target' from command line to 'None'
[1.819s] Level 5:colcon.colcon_core.verb:set package 'mouse_teleop' build argument 'cmake_target_skip_unavailable' from command line to 'False'
[1.819s] Level 5:colcon.colcon_core.verb:set package 'mouse_teleop' build argument 'cmake_clean_cache' from command line to 'False'
[1.819s] Level 5:colcon.colcon_core.verb:set package 'mouse_teleop' build argument 'cmake_clean_first' from command line to 'False'
[1.819s] Level 5:colcon.colcon_core.verb:set package 'mouse_teleop' build argument 'cmake_force_configure' from command line to 'False'
[1.819s] Level 5:colcon.colcon_core.verb:set package 'mouse_teleop' build argument 'ament_cmake_args' from command line to 'None'
[1.819s] Level 5:colcon.colcon_core.verb:set package 'mouse_teleop' build argument 'catkin_cmake_args' from command line to 'None'
[1.820s] Level 5:colcon.colcon_core.verb:set package 'mouse_teleop' build argument 'catkin_skip_building_tests' from command line to 'False'
[1.820s] DEBUG:colcon.colcon_core.verb:Building package 'mouse_teleop' with the following arguments: {'ament_cmake_args': None, 'build_base': '/home/coche/coche_ws/build/mouse_teleop', 'catkin_cmake_args': None, 'catkin_skip_building_tests': False, 'cmake_args': None, 'cmake_clean_cache': False, 'cmake_clean_first': False, 'cmake_force_configure': False, 'cmake_target': None, 'cmake_target_skip_unavailable': False, 'install_base': '/home/coche/coche_ws/install/mouse_teleop', 'merge_install': False, 'path': '/home/coche/coche_ws/src/f1tenth_system/teleop_tools/mouse_teleop', 'symlink_install': False, 'test_result_base': None}
[1.821s] Level 5:colcon.colcon_core.verb:set package 'particle_filter' build argument 'cmake_args' from command line to 'None'
[1.821s] Level 5:colcon.colcon_core.verb:set package 'particle_filter' build argument 'cmake_target' from command line to 'None'
[1.821s] Level 5:colcon.colcon_core.verb:set package 'particle_filter' build argument 'cmake_target_skip_unavailable' from command line to 'False'
[1.821s] Level 5:colcon.colcon_core.verb:set package 'particle_filter' build argument 'cmake_clean_cache' from command line to 'False'
[1.822s] Level 5:colcon.colcon_core.verb:set package 'particle_filter' build argument 'cmake_clean_first' from command line to 'False'
[1.822s] Level 5:colcon.colcon_core.verb:set package 'particle_filter' build argument 'cmake_force_configure' from command line to 'False'
[1.822s] Level 5:colcon.colcon_core.verb:set package 'particle_filter' build argument 'ament_cmake_args' from command line to 'None'
[1.822s] Level 5:colcon.colcon_core.verb:set package 'particle_filter' build argument 'catkin_cmake_args' from command line to 'None'
[1.822s] Level 5:colcon.colcon_core.verb:set package 'particle_filter' build argument 'catkin_skip_building_tests' from command line to 'False'
[1.822s] DEBUG:colcon.colcon_core.verb:Building package 'particle_filter' with the following arguments: {'ament_cmake_args': None, 'build_base': '/home/coche/coche_ws/build/particle_filter', 'catkin_cmake_args': None, 'catkin_skip_building_tests': False, 'cmake_args': None, 'cmake_clean_cache': False, 'cmake_clean_first': False, 'cmake_force_configure': False, 'cmake_target': None, 'cmake_target_skip_unavailable': False, 'install_base': '/home/coche/coche_ws/install/particle_filter', 'merge_install': False, 'path': '/home/coche/coche_ws/src/f1tenth_system/particle filter', 'symlink_install': False, 'test_result_base': None}
[1.823s] Level 5:colcon.colcon_core.verb:set package 'teleop_tools_msgs' build argument 'cmake_args' from command line to 'None'
[1.823s] Level 5:colcon.colcon_core.verb:set package 'teleop_tools_msgs' build argument 'cmake_target' from command line to 'None'
[1.824s] Level 5:colcon.colcon_core.verb:set package 'teleop_tools_msgs' build argument 'cmake_target_skip_unavailable' from command line to 'False'
[1.824s] Level 5:colcon.colcon_core.verb:set package 'teleop_tools_msgs' build argument 'cmake_clean_cache' from command line to 'False'
[1.824s] Level 5:colcon.colcon_core.verb:set package 'teleop_tools_msgs' build argument 'cmake_clean_first' from command line to 'False'
[1.824s] Level 5:colcon.colcon_core.verb:set package 'teleop_tools_msgs' build argument 'cmake_force_configure' from command line to 'False'
[1.824s] Level 5:colcon.colcon_core.verb:set package 'teleop_tools_msgs' build argument 'ament_cmake_args' from command line to 'None'
[1.824s] Level 5:colcon.colcon_core.verb:set package 'teleop_tools_msgs' build argument 'catkin_cmake_args' from command line to 'None'
[1.824s] Level 5:colcon.colcon_core.verb:set package 'teleop_tools_msgs' build argument 'catkin_skip_building_tests' from command line to 'False'
[1.824s] DEBUG:colcon.colcon_core.verb:Building package 'teleop_tools_msgs' with the following arguments: {'ament_cmake_args': None, 'build_base': '/home/coche/coche_ws/build/teleop_tools_msgs', 'catkin_cmake_args': None, 'catkin_skip_building_tests': False, 'cmake_args': None, 'cmake_clean_cache': False, 'cmake_clean_first': False, 'cmake_force_configure': False, 'cmake_target': None, 'cmake_target_skip_unavailable': False, 'install_base': '/home/coche/coche_ws/install/teleop_tools_msgs', 'merge_install': False, 'path': '/home/coche/coche_ws/src/f1tenth_system/teleop_tools/teleop_tools_msgs', 'symlink_install': False, 'test_result_base': None}
[1.826s] Level 5:colcon.colcon_core.verb:set package 'vesc_msgs' build argument 'cmake_args' from command line to 'None'
[1.826s] Level 5:colcon.colcon_core.verb:set package 'vesc_msgs' build argument 'cmake_target' from command line to 'None'
[1.826s] Level 5:colcon.colcon_core.verb:set package 'vesc_msgs' build argument 'cmake_target_skip_unavailable' from command line to 'False'
[1.826s] Level 5:colcon.colcon_core.verb:set package 'vesc_msgs' build argument 'cmake_clean_cache' from command line to 'False'
[1.826s] Level 5:colcon.colcon_core.verb:set package 'vesc_msgs' build argument 'cmake_clean_first' from command line to 'False'
[1.826s] Level 5:colcon.colcon_core.verb:set package 'vesc_msgs' build argument 'cmake_force_configure' from command line to 'False'
[1.826s] Level 5:colcon.colcon_core.verb:set package 'vesc_msgs' build argument 'ament_cmake_args' from command line to 'None'
[1.826s] Level 5:colcon.colcon_core.verb:set package 'vesc_msgs' build argument 'catkin_cmake_args' from command line to 'None'
[1.827s] Level 5:colcon.colcon_core.verb:set package 'vesc_msgs' build argument 'catkin_skip_building_tests' from command line to 'False'
[1.827s] DEBUG:colcon.colcon_core.verb:Building package 'vesc_msgs' with the following arguments: {'ament_cmake_args': None, 'build_base': '/home/coche/coche_ws/build/vesc_msgs', 'catkin_cmake_args': None, 'catkin_skip_building_tests': False, 'cmake_args': None, 'cmake_clean_cache': False, 'cmake_clean_first': False, 'cmake_force_configure': False, 'cmake_target': None, 'cmake_target_skip_unavailable': False, 'install_base': '/home/coche/coche_ws/install/vesc_msgs', 'merge_install': False, 'path': '/home/coche/coche_ws/src/f1tenth_system/vesc/vesc_msgs', 'symlink_install': False, 'test_result_base': None}
[1.828s] Level 5:colcon.colcon_core.verb:set package 'joy_teleop' build argument 'cmake_args' from command line to 'None'
[1.828s] Level 5:colcon.colcon_core.verb:set package 'joy_teleop' build argument 'cmake_target' from command line to 'None'
[1.828s] Level 5:colcon.colcon_core.verb:set package 'joy_teleop' build argument 'cmake_target_skip_unavailable' from command line to 'False'
[1.828s] Level 5:colcon.colcon_core.verb:set package 'joy_teleop' build argument 'cmake_clean_cache' from command line to 'False'
[1.828s] Level 5:colcon.colcon_core.verb:set package 'joy_teleop' build argument 'cmake_clean_first' from command line to 'False'
[1.828s] Level 5:colcon.colcon_core.verb:set package 'joy_teleop' build argument 'cmake_force_configure' from command line to 'False'
[1.829s] Level 5:colcon.colcon_core.verb:set package 'joy_teleop' build argument 'ament_cmake_args' from command line to 'None'
[1.829s] Level 5:colcon.colcon_core.verb:set package 'joy_teleop' build argument 'catkin_cmake_args' from command line to 'None'
[1.829s] Level 5:colcon.colcon_core.verb:set package 'joy_teleop' build argument 'catkin_skip_building_tests' from command line to 'False'
[1.829s] DEBUG:colcon.colcon_core.verb:Building package 'joy_teleop' with the following arguments: {'ament_cmake_args': None, 'build_base': '/home/coche/coche_ws/build/joy_teleop', 'catkin_cmake_args': None, 'catkin_skip_building_tests': False, 'cmake_args': None, 'cmake_clean_cache': False, 'cmake_clean_first': False, 'cmake_force_configure': False, 'cmake_target': None, 'cmake_target_skip_unavailable': False, 'install_base': '/home/coche/coche_ws/install/joy_teleop', 'merge_install': False, 'path': '/home/coche/coche_ws/src/f1tenth_system/teleop_tools/joy_teleop', 'symlink_install': False, 'test_result_base': None}
[1.830s] Level 5:colcon.colcon_core.verb:set package 'vesc_ackermann' build argument 'cmake_args' from command line to 'None'
[1.830s] Level 5:colcon.colcon_core.verb:set package 'vesc_ackermann' build argument 'cmake_target' from command line to 'None'
[1.831s] Level 5:colcon.colcon_core.verb:set package 'vesc_ackermann' build argument 'cmake_target_skip_unavailable' from command line to 'False'
[1.831s] Level 5:colcon.colcon_core.verb:set package 'vesc_ackermann' build argument 'cmake_clean_cache' from command line to 'False'
[1.831s] Level 5:colcon.colcon_core.verb:set package 'vesc_ackermann' build argument 'cmake_clean_first' from command line to 'False'
[1.831s] Level 5:colcon.colcon_core.verb:set package 'vesc_ackermann' build argument 'cmake_force_configure' from command line to 'False'
[1.831s] Level 5:colcon.colcon_core.verb:set package 'vesc_ackermann' build argument 'ament_cmake_args' from command line to 'None'
[1.831s] Level 5:colcon.colcon_core.verb:set package 'vesc_ackermann' build argument 'catkin_cmake_args' from command line to 'None'
[1.831s] Level 5:colcon.colcon_core.verb:set package 'vesc_ackermann' build argument 'catkin_skip_building_tests' from command line to 'False'
[1.831s] DEBUG:colcon.colcon_core.verb:Building package 'vesc_ackermann' with the following arguments: {'ament_cmake_args': None, 'build_base': '/home/coche/coche_ws/build/vesc_ackermann', 'catkin_cmake_args': None, 'catkin_skip_building_tests': False, 'cmake_args': None, 'cmake_clean_cache': False, 'cmake_clean_first': False, 'cmake_force_configure': False, 'cmake_target': None, 'cmake_target_skip_unavailable': False, 'install_base': '/home/coche/coche_ws/install/vesc_ackermann', 'merge_install': False, 'path': '/home/coche/coche_ws/src/f1tenth_system/vesc/vesc_ackermann', 'symlink_install': False, 'test_result_base': None}
[1.832s] Level 5:colcon.colcon_core.verb:set package 'vesc_driver' build argument 'cmake_args' from command line to 'None'
[1.833s] Level 5:colcon.colcon_core.verb:set package 'vesc_driver' build argument 'cmake_target' from command line to 'None'
[1.833s] Level 5:colcon.colcon_core.verb:set package 'vesc_driver' build argument 'cmake_target_skip_unavailable' from command line to 'False'
[1.833s] Level 5:colcon.colcon_core.verb:set package 'vesc_driver' build argument 'cmake_clean_cache' from command line to 'False'
[1.833s] Level 5:colcon.colcon_core.verb:set package 'vesc_driver' build argument 'cmake_clean_first' from command line to 'False'
[1.833s] Level 5:colcon.colcon_core.verb:set package 'vesc_driver' build argument 'cmake_force_configure' from command line to 'False'
[1.833s] Level 5:colcon.colcon_core.verb:set package 'vesc_driver' build argument 'ament_cmake_args' from command line to 'None'
[1.833s] Level 5:colcon.colcon_core.verb:set package 'vesc_driver' build argument 'catkin_cmake_args' from command line to 'None'
[1.833s] Level 5:colcon.colcon_core.verb:set package 'vesc_driver' build argument 'catkin_skip_building_tests' from command line to 'False'
[1.834s] DEBUG:colcon.colcon_core.verb:Building package 'vesc_driver' with the following arguments: {'ament_cmake_args': None, 'build_base': '/home/coche/coche_ws/build/vesc_driver', 'catkin_cmake_args': None, 'catkin_skip_building_tests': False, 'cmake_args': None, 'cmake_clean_cache': False, 'cmake_clean_first': False, 'cmake_force_configure': False, 'cmake_target': None, 'cmake_target_skip_unavailable': False, 'install_base': '/home/coche/coche_ws/install/vesc_driver', 'merge_install': False, 'path': '/home/coche/coche_ws/src/f1tenth_system/vesc/vesc_driver', 'symlink_install': False, 'test_result_base': None}
[1.835s] Level 5:colcon.colcon_core.verb:set package 'teleop_tools' build argument 'cmake_args' from command line to 'None'
[1.835s] Level 5:colcon.colcon_core.verb:set package 'teleop_tools' build argument 'cmake_target' from command line to 'None'
[1.835s] Level 5:colcon.colcon_core.verb:set package 'teleop_tools' build argument 'cmake_target_skip_unavailable' from command line to 'False'
[1.835s] Level 5:colcon.colcon_core.verb:set package 'teleop_tools' build argument 'cmake_clean_cache' from command line to 'False'
[1.835s] Level 5:colcon.colcon_core.verb:set package 'teleop_tools' build argument 'cmake_clean_first' from command line to 'False'
[1.835s] Level 5:colcon.colcon_core.verb:set package 'teleop_tools' build argument 'cmake_force_configure' from command line to 'False'
[1.835s] Level 5:colcon.colcon_core.verb:set package 'teleop_tools' build argument 'ament_cmake_args' from command line to 'None'
[1.836s] Level 5:colcon.colcon_core.verb:set package 'teleop_tools' build argument 'catkin_cmake_args' from command line to 'None'
[1.836s] Level 5:colcon.colcon_core.verb:set package 'teleop_tools' build argument 'catkin_skip_building_tests' from command line to 'False'
[1.836s] DEBUG:colcon.colcon_core.verb:Building package 'teleop_tools' with the following arguments: {'ament_cmake_args': None, 'build_base': '/home/coche/coche_ws/build/teleop_tools', 'catkin_cmake_args': None, 'catkin_skip_building_tests': False, 'cmake_args': None, 'cmake_clean_cache': False, 'cmake_clean_first': False, 'cmake_force_configure': False, 'cmake_target': None, 'cmake_target_skip_unavailable': False, 'install_base': '/home/coche/coche_ws/install/teleop_tools', 'merge_install': False, 'path': '/home/coche/coche_ws/src/f1tenth_system/teleop_tools/teleop_tools', 'symlink_install': False, 'test_result_base': None}
[1.837s] Level 5:colcon.colcon_core.verb:set package 'vesc' build argument 'cmake_args' from command line to 'None'
[1.837s] Level 5:colcon.colcon_core.verb:set package 'vesc' build argument 'cmake_target' from command line to 'None'
[1.837s] Level 5:colcon.colcon_core.verb:set package 'vesc' build argument 'cmake_target_skip_unavailable' from command line to 'False'
[1.837s] Level 5:colcon.colcon_core.verb:set package 'vesc' build argument 'cmake_clean_cache' from command line to 'False'
[1.838s] Level 5:colcon.colcon_core.verb:set package 'vesc' build argument 'cmake_clean_first' from command line to 'False'
[1.838s] Level 5:colcon.colcon_core.verb:set package 'vesc' build argument 'cmake_force_configure' from command line to 'False'
[1.838s] Level 5:colcon.colcon_core.verb:set package 'vesc' build argument 'ament_cmake_args' from command line to 'None'
[1.838s] Level 5:colcon.colcon_core.verb:set package 'vesc' build argument 'catkin_cmake_args' from command line to 'None'
[1.838s] Level 5:colcon.colcon_core.verb:set package 'vesc' build argument 'catkin_skip_building_tests' from command line to 'False'
[1.838s] DEBUG:colcon.colcon_core.verb:Building package 'vesc' with the following arguments: {'ament_cmake_args': None, 'build_base': '/home/coche/coche_ws/build/vesc', 'catkin_cmake_args': None, 'catkin_skip_building_tests': False, 'cmake_args': None, 'cmake_clean_cache': False, 'cmake_clean_first': False, 'cmake_force_configure': False, 'cmake_target': None, 'cmake_target_skip_unavailable': False, 'install_base': '/home/coche/coche_ws/install/vesc', 'merge_install': False, 'path': '/home/coche/coche_ws/src/f1tenth_system/vesc/vesc', 'symlink_install': False, 'test_result_base': None}
[1.839s] Level 5:colcon.colcon_core.verb:set package 'f1tenth_stack' build argument 'cmake_args' from command line to 'None'
[1.839s] Level 5:colcon.colcon_core.verb:set package 'f1tenth_stack' build argument 'cmake_target' from command line to 'None'
[1.840s] Level 5:colcon.colcon_core.verb:set package 'f1tenth_stack' build argument 'cmake_target_skip_unavailable' from command line to 'False'
[1.840s] Level 5:colcon.colcon_core.verb:set package 'f1tenth_stack' build argument 'cmake_clean_cache' from command line to 'False'
[1.840s] Level 5:colcon.colcon_core.verb:set package 'f1tenth_stack' build argument 'cmake_clean_first' from command line to 'False'
[1.840s] Level 5:colcon.colcon_core.verb:set package 'f1tenth_stack' build argument 'cmake_force_configure' from command line to 'False'
[1.840s] Level 5:colcon.colcon_core.verb:set package 'f1tenth_stack' build argument 'ament_cmake_args' from command line to 'None'
[1.840s] Level 5:colcon.colcon_core.verb:set package 'f1tenth_stack' build argument 'catkin_cmake_args' from command line to 'None'
[1.840s] Level 5:colcon.colcon_core.verb:set package 'f1tenth_stack' build argument 'catkin_skip_building_tests' from command line to 'False'
[1.840s] DEBUG:colcon.colcon_core.verb:Building package 'f1tenth_stack' with the following arguments: {'ament_cmake_args': None, 'build_base': '/home/coche/coche_ws/build/f1tenth_stack', 'catkin_cmake_args': None, 'catkin_skip_building_tests': False, 'cmake_args': None, 'cmake_clean_cache': False, 'cmake_clean_first': False, 'cmake_force_configure': False, 'cmake_target': None, 'cmake_target_skip_unavailable': False, 'install_base': '/home/coche/coche_ws/install/f1tenth_stack', 'merge_install': False, 'path': '/home/coche/coche_ws/src/f1tenth_system/f1tenth_stack', 'symlink_install': False, 'test_result_base': None}
[1.841s] INFO:colcon.colcon_core.executor:Executing jobs using 'parallel' executor
[1.845s] DEBUG:colcon.colcon_parallel_executor.executor.parallel:run_until_complete
[1.846s] INFO:colcon.colcon_ros.task.ament_cmake.build:Building ROS package in '/home/coche/coche_ws/src/f1tenth_system/vesc/vesc_msgs' with build type 'ament_cmake'
[1.847s] INFO:colcon.colcon_cmake.task.cmake.build:Building CMake package in '/home/coche/coche_ws/src/f1tenth_system/vesc/vesc_msgs'
[1.856s] INFO:colcon.colcon_core.plugin_system:Skipping extension 'colcon_core.shell.bat': Not used on non-Windows systems
[1.857s] INFO:colcon.colcon_core.shell:Skip shell extension 'powershell' for command environment: Not usable outside of PowerShell
[1.857s] DEBUG:colcon.colcon_core.shell:Skip shell extension 'dsv' for command environment
[1.883s] INFO:colcon.colcon_ros.task.ament_cmake.build:Building ROS package in '/home/coche/coche_ws/src/f1tenth_system/teleop_tools/teleop_tools_msgs' with build type 'ament_cmake'
[1.886s] INFO:colcon.colcon_cmake.task.cmake.build:Building CMake package in '/home/coche/coche_ws/src/f1tenth_system/teleop_tools/teleop_tools_msgs'
[1.890s] INFO:colcon.colcon_core.shell:Skip shell extension 'powershell' for command environment: Not usable outside of PowerShell
[1.890s] DEBUG:colcon.colcon_core.shell:Skip shell extension 'dsv' for command environment
[1.923s] INFO:colcon.colcon_ros.task.ament_cmake.build:Building ROS package in '/home/coche/coche_ws/src/f1tenth_system/ackermann_mux' with build type 'ament_cmake'
[1.927s] INFO:colcon.colcon_cmake.task.cmake.build:Building CMake package in '/home/coche/coche_ws/src/f1tenth_system/ackermann_mux'
[1.930s] INFO:colcon.colcon_core.shell:Skip shell extension 'powershell' for command environment: Not usable outside of PowerShell
[1.930s] DEBUG:colcon.colcon_core.shell:Skip shell extension 'dsv' for command environment
[1.962s] INFO:colcon.colcon_ros.task.ament_python.build:Building ROS package in '/home/coche/coche_ws/src/f1tenth_system/teleop_tools/key_teleop' with build type 'ament_python'
[1.965s] Level 1:colcon.colcon_core.shell:create_environment_hook('key_teleop', 'ament_prefix_path')
[1.968s] INFO:colcon.colcon_core.shell:Creating environment hook '/home/coche/coche_ws/install/key_teleop/share/key_teleop/hook/ament_prefix_path.ps1'
[1.973s] INFO:colcon.colcon_core.shell:Creating environment descriptor '/home/coche/coche_ws/install/key_teleop/share/key_teleop/hook/ament_prefix_path.dsv'
[1.977s] INFO:colcon.colcon_core.shell:Creating environment hook '/home/coche/coche_ws/install/key_teleop/share/key_teleop/hook/ament_prefix_path.sh'
[1.980s] INFO:colcon.colcon_core.shell:Skip shell extension 'powershell' for command environment: Not usable outside of PowerShell
[1.980s] DEBUG:colcon.colcon_core.shell:Skip shell extension 'dsv' for command environment
[2.034s] DEBUG:colcon.colcon_core.event_handler.log_command:Invoking command in '/home/coche/coche_ws/build/vesc_msgs': CMAKE_PREFIX_PATH=${CMAKE_PREFIX_PATH}:/home/coche/coche_ws/install/f1tenth_stack:/home/coche/coche_ws/install/joy_teleop:/home/coche/coche_ws/install/particle_filter:/home/coche/coche_ws/install/mouse_teleop:/home/coche/coche_ws/install/key_teleop:/opt/ros/foxy /usr/bin/cmake --build /home/coche/coche_ws/build/vesc_msgs -- -j4 -l4
[2.071s] DEBUG:colcon.colcon_core.event_handler.log_command:Invoking command in '/home/coche/coche_ws/build/teleop_tools_msgs': CMAKE_PREFIX_PATH=${CMAKE_PREFIX_PATH}:/home/coche/coche_ws/install/f1tenth_stack:/home/coche/coche_ws/install/joy_teleop:/home/coche/coche_ws/install/particle_filter:/home/coche/coche_ws/install/mouse_teleop:/home/coche/coche_ws/install/key_teleop:/opt/ros/foxy /usr/bin/cmake --build /home/coche/coche_ws/build/teleop_tools_msgs -- -j4 -l4
[2.101s] DEBUG:colcon.colcon_core.event_handler.log_command:Invoking command in '/home/coche/coche_ws/build/ackermann_mux': CMAKE_PREFIX_PATH=${CMAKE_PREFIX_PATH}:/home/coche/coche_ws/install/f1tenth_stack:/home/coche/coche_ws/install/joy_teleop:/home/coche/coche_ws/install/particle_filter:/home/coche/coche_ws/install/mouse_teleop:/home/coche/coche_ws/install/key_teleop:/opt/ros/foxy /usr/bin/cmake --build /home/coche/coche_ws/build/ackermann_mux -- -j4 -l4
[3.625s] INFO:colcon.colcon_core.task.python.build:Building Python package in '/home/coche/coche_ws/src/f1tenth_system/teleop_tools/key_teleop'
[3.628s] INFO:colcon.colcon_core.shell:Skip shell extension 'powershell' for command environment: Not usable outside of PowerShell
[3.628s] DEBUG:colcon.colcon_core.shell:Skip shell extension 'dsv' for command environment
[3.669s] DEBUG:colcon.colcon_core.event_handler.log_command:Invoked command in '/home/coche/coche_ws/build/ackermann_mux' returned '0': CMAKE_PREFIX_PATH=${CMAKE_PREFIX_PATH}:/home/coche/coche_ws/install/f1tenth_stack:/home/coche/coche_ws/install/joy_teleop:/home/coche/coche_ws/install/particle_filter:/home/coche/coche_ws/install/mouse_teleop:/home/coche/coche_ws/install/key_teleop:/opt/ros/foxy /usr/bin/cmake --build /home/coche/coche_ws/build/ackermann_mux -- -j4 -l4
[3.687s] DEBUG:colcon.colcon_core.event_handler.log_command:Invoked command in '/home/coche/coche_ws/build/vesc_msgs' returned '0': CMAKE_PREFIX_PATH=${CMAKE_PREFIX_PATH}:/home/coche/coche_ws/install/f1tenth_stack:/home/coche/coche_ws/install/joy_teleop:/home/coche/coche_ws/install/particle_filter:/home/coche/coche_ws/install/mouse_teleop:/home/coche/coche_ws/install/key_teleop:/opt/ros/foxy /usr/bin/cmake --build /home/coche/coche_ws/build/vesc_msgs -- -j4 -l4
[3.706s] DEBUG:colcon.colcon_core.event_handler.log_command:Invoked command in '/home/coche/coche_ws/build/teleop_tools_msgs' returned '0': CMAKE_PREFIX_PATH=${CMAKE_PREFIX_PATH}:/home/coche/coche_ws/install/f1tenth_stack:/home/coche/coche_ws/install/joy_teleop:/home/coche/coche_ws/install/particle_filter:/home/coche/coche_ws/install/mouse_teleop:/home/coche/coche_ws/install/key_teleop:/opt/ros/foxy /usr/bin/cmake --build /home/coche/coche_ws/build/teleop_tools_msgs -- -j4 -l4
[3.907s] DEBUG:colcon.colcon_core.event_handler.log_command:Invoking command in '/home/coche/coche_ws/build/ackermann_mux': CMAKE_PREFIX_PATH=${CMAKE_PREFIX_PATH}:/home/coche/coche_ws/install/f1tenth_stack:/home/coche/coche_ws/install/joy_teleop:/home/coche/coche_ws/install/particle_filter:/home/coche/coche_ws/install/mouse_teleop:/home/coche/coche_ws/install/key_teleop:/opt/ros/foxy /usr/bin/cmake --install /home/coche/coche_ws/build/ackermann_mux
[3.965s] Level 1:colcon.colcon_core.environment:create_environment_scripts_only(ackermann_mux)
[3.976s] DEBUG:colcon.colcon_core.event_handler.log_command:Invoked command in '/home/coche/coche_ws/build/ackermann_mux' returned '0': CMAKE_PREFIX_PATH=${CMAKE_PREFIX_PATH}:/home/coche/coche_ws/install/f1tenth_stack:/home/coche/coche_ws/install/joy_teleop:/home/coche/coche_ws/install/particle_filter:/home/coche/coche_ws/install/mouse_teleop:/home/coche/coche_ws/install/key_teleop:/opt/ros/foxy /usr/bin/cmake --install /home/coche/coche_ws/build/ackermann_mux
[3.988s] Level 1:colcon.colcon_core.environment:checking '/home/coche/coche_ws/install/ackermann_mux' for CMake module files
[3.991s] Level 1:colcon.colcon_core.environment:checking '/home/coche/coche_ws/install/ackermann_mux' for CMake config files
[3.993s] Level 1:colcon.colcon_core.shell:create_environment_hook('ackermann_mux', 'cmake_prefix_path')
[3.994s] INFO:colcon.colcon_core.shell:Creating environment hook '/home/coche/coche_ws/install/ackermann_mux/share/ackermann_mux/hook/cmake_prefix_path.ps1'
[3.997s] INFO:colcon.colcon_core.shell:Creating environment descriptor '/home/coche/coche_ws/install/ackermann_mux/share/ackermann_mux/hook/cmake_prefix_path.dsv'
[4.000s] INFO:colcon.colcon_core.shell:Creating environment hook '/home/coche/coche_ws/install/ackermann_mux/share/ackermann_mux/hook/cmake_prefix_path.sh'
[4.004s] Level 1:colcon.colcon_core.environment:checking '/home/coche/coche_ws/install/ackermann_mux/lib'
[4.005s] Level 1:colcon.colcon_core.environment:checking '/home/coche/coche_ws/install/ackermann_mux/bin'
[4.005s] Level 1:colcon.colcon_core.environment:checking '/home/coche/coche_ws/install/ackermann_mux/lib/pkgconfig/ackermann_mux.pc'
[4.007s] Level 1:colcon.colcon_core.environment:checking '/home/coche/coche_ws/install/ackermann_mux/lib/python3.8/site-packages'
[4.007s] Level 1:colcon.colcon_core.environment:checking '/home/coche/coche_ws/install/ackermann_mux/bin'
[4.008s] INFO:colcon.colcon_core.shell:Creating package script '/home/coche/coche_ws/install/ackermann_mux/share/ackermann_mux/package.ps1'
[4.013s] INFO:colcon.colcon_core.shell:Creating package descriptor '/home/coche/coche_ws/install/ackermann_mux/share/ackermann_mux/package.dsv'
[4.016s] INFO:colcon.colcon_core.shell:Creating package script '/home/coche/coche_ws/install/ackermann_mux/share/ackermann_mux/package.sh'
[4.019s] INFO:colcon.colcon_core.shell:Creating package script '/home/coche/coche_ws/install/ackermann_mux/share/ackermann_mux/package.bash'
[4.022s] INFO:colcon.colcon_core.shell:Creating package script '/home/coche/coche_ws/install/ackermann_mux/share/ackermann_mux/package.zsh'
[4.025s] Level 1:colcon.colcon_core.environment:create_file_with_runtime_dependencies(/home/coche/coche_ws/install/ackermann_mux/share/colcon-core/packages/ackermann_mux)
[4.055s] DEBUG:colcon.colcon_core.event_handler.log_command:Invoking command in '/home/coche/coche_ws/build/teleop_tools_msgs': CMAKE_PREFIX_PATH=${CMAKE_PREFIX_PATH}:/home/coche/coche_ws/install/f1tenth_stack:/home/coche/coche_ws/install/joy_teleop:/home/coche/coche_ws/install/particle_filter:/home/coche/coche_ws/install/mouse_teleop:/home/coche/coche_ws/install/key_teleop:/opt/ros/foxy /usr/bin/cmake --install /home/coche/coche_ws/build/teleop_tools_msgs
[4.202s] Level 1:colcon.colcon_core.environment:create_environment_scripts_only(ackermann_mux)
[4.204s] Level 1:colcon.colcon_core.environment:checking '/home/coche/coche_ws/install/ackermann_mux' for CMake module files
[4.206s] Level 1:colcon.colcon_core.environment:checking '/home/coche/coche_ws/install/ackermann_mux' for CMake config files
[4.209s] Level 1:colcon.colcon_core.shell:create_environment_hook('ackermann_mux', 'cmake_prefix_path')
[4.210s] INFO:colcon.colcon_core.shell:Creating environment hook '/home/coche/coche_ws/install/ackermann_mux/share/ackermann_mux/hook/cmake_prefix_path.ps1'
[4.213s] INFO:colcon.colcon_core.shell:Creating environment descriptor '/home/coche/coche_ws/install/ackermann_mux/share/ackermann_mux/hook/cmake_prefix_path.dsv'
[4.215s] INFO:colcon.colcon_core.shell:Creating environment hook '/home/coche/coche_ws/install/ackermann_mux/share/ackermann_mux/hook/cmake_prefix_path.sh'
[4.219s] Level 1:colcon.colcon_core.environment:checking '/home/coche/coche_ws/install/ackermann_mux/lib'
[4.220s] Level 1:colcon.colcon_core.environment:checking '/home/coche/coche_ws/install/ackermann_mux/bin'
[4.220s] Level 1:colcon.colcon_core.environment:checking '/home/coche/coche_ws/install/ackermann_mux/lib/pkgconfig/ackermann_mux.pc'
[4.221s] Level 1:colcon.colcon_core.environment:checking '/home/coche/coche_ws/install/ackermann_mux/lib/python3.8/site-packages'
[4.222s] Level 1:colcon.colcon_core.environment:checking '/home/coche/coche_ws/install/ackermann_mux/bin'
[4.223s] INFO:colcon.colcon_core.shell:Creating package script '/home/coche/coche_ws/install/ackermann_mux/share/ackermann_mux/package.ps1'
[4.226s] INFO:colcon.colcon_core.shell:Creating package descriptor '/home/coche/coche_ws/install/ackermann_mux/share/ackermann_mux/package.dsv'
[4.228s] INFO:colcon.colcon_core.shell:Creating package script '/home/coche/coche_ws/install/ackermann_mux/share/ackermann_mux/package.sh'
[4.230s] INFO:colcon.colcon_core.shell:Creating package script '/home/coche/coche_ws/install/ackermann_mux/share/ackermann_mux/package.bash'
[4.232s] INFO:colcon.colcon_core.shell:Creating package script '/home/coche/coche_ws/install/ackermann_mux/share/ackermann_mux/package.zsh'
[4.234s] Level 1:colcon.colcon_core.environment:create_file_with_runtime_dependencies(/home/coche/coche_ws/install/ackermann_mux/share/colcon-core/packages/ackermann_mux)
[4.236s] INFO:colcon.colcon_ros.task.ament_python.build:Building ROS package in '/home/coche/coche_ws/src/f1tenth_system/teleop_tools/mouse_teleop' with build type 'ament_python'
[4.237s] Level 1:colcon.colcon_core.shell:create_environment_hook('mouse_teleop', 'ament_prefix_path')
[4.239s] INFO:colcon.colcon_core.shell:Creating environment hook '/home/coche/coche_ws/install/mouse_teleop/share/mouse_teleop/hook/ament_prefix_path.ps1'
[4.243s] INFO:colcon.colcon_core.shell:Creating environment descriptor '/home/coche/coche_ws/install/mouse_teleop/share/mouse_teleop/hook/ament_prefix_path.dsv'
[4.245s] INFO:colcon.colcon_core.shell:Creating environment hook '/home/coche/coche_ws/install/mouse_teleop/share/mouse_teleop/hook/ament_prefix_path.sh'
[4.248s] INFO:colcon.colcon_core.shell:Skip shell extension 'powershell' for command environment: Not usable outside of PowerShell
[4.248s] DEBUG:colcon.colcon_core.shell:Skip shell extension 'dsv' for command environment
[4.343s] DEBUG:colcon.colcon_core.event_handler.log_command:Invoking command in '/home/coche/coche_ws/build/vesc_msgs': CMAKE_PREFIX_PATH=${CMAKE_PREFIX_PATH}:/home/coche/coche_ws/install/f1tenth_stack:/home/coche/coche_ws/install/joy_teleop:/home/coche/coche_ws/install/particle_filter:/home/coche/coche_ws/install/mouse_teleop:/home/coche/coche_ws/install/key_teleop:/opt/ros/foxy /usr/bin/cmake --install /home/coche/coche_ws/build/vesc_msgs
[5.366s] INFO:colcon.colcon_core.task.python.build:Building Python package in '/home/coche/coche_ws/src/f1tenth_system/teleop_tools/mouse_teleop'
[5.370s] INFO:colcon.colcon_core.shell:Skip shell extension 'powershell' for command environment: Not usable outside of PowerShell
[5.370s] DEBUG:colcon.colcon_core.shell:Skip shell extension 'dsv' for command environment
[5.409s] Level 1:colcon.colcon_core.environment:create_environment_scripts_only(vesc_msgs)
[5.413s] Level 1:colcon.colcon_core.environment:checking '/home/coche/coche_ws/install/vesc_msgs' for CMake module files
[5.416s] DEBUG:colcon.colcon_core.event_handler.log_command:Invoked command in '/home/coche/coche_ws/build/vesc_msgs' returned '0': CMAKE_PREFIX_PATH=${CMAKE_PREFIX_PATH}:/home/coche/coche_ws/install/f1tenth_stack:/home/coche/coche_ws/install/joy_teleop:/home/coche/coche_ws/install/particle_filter:/home/coche/coche_ws/install/mouse_teleop:/home/coche/coche_ws/install/key_teleop:/opt/ros/foxy /usr/bin/cmake --install /home/coche/coche_ws/build/vesc_msgs
[5.419s] Level 1:colcon.colcon_core.environment:checking '/home/coche/coche_ws/install/vesc_msgs' for CMake config files
[5.422s] Level 1:colcon.colcon_core.shell:create_environment_hook('vesc_msgs', 'cmake_prefix_path')
[5.424s] INFO:colcon.colcon_core.shell:Creating environment hook '/home/coche/coche_ws/install/vesc_msgs/share/vesc_msgs/hook/cmake_prefix_path.ps1'
[5.427s] INFO:colcon.colcon_core.shell:Creating environment descriptor '/home/coche/coche_ws/install/vesc_msgs/share/vesc_msgs/hook/cmake_prefix_path.dsv'
[5.429s] INFO:colcon.colcon_core.shell:Creating environment hook '/home/coche/coche_ws/install/vesc_msgs/share/vesc_msgs/hook/cmake_prefix_path.sh'
[5.431s] Level 1:colcon.colcon_core.environment:checking '/home/coche/coche_ws/install/vesc_msgs/lib'
[5.432s] Level 1:colcon.colcon_core.shell:create_environment_hook('vesc_msgs', 'ld_library_path_lib')
[5.433s] INFO:colcon.colcon_core.shell:Creating environment hook '/home/coche/coche_ws/install/vesc_msgs/share/vesc_msgs/hook/ld_library_path_lib.ps1'
[5.434s] INFO:colcon.colcon_core.shell:Creating environment descriptor '/home/coche/coche_ws/install/vesc_msgs/share/vesc_msgs/hook/ld_library_path_lib.dsv'
[5.436s] INFO:colcon.colcon_core.shell:Creating environment hook '/home/coche/coche_ws/install/vesc_msgs/share/vesc_msgs/hook/ld_library_path_lib.sh'
[5.437s] Level 1:colcon.colcon_core.environment:checking '/home/coche/coche_ws/install/vesc_msgs/bin'
[5.437s] Level 1:colcon.colcon_core.environment:checking '/home/coche/coche_ws/install/vesc_msgs/lib/pkgconfig/vesc_msgs.pc'
[5.439s] Level 1:colcon.colcon_core.environment:checking '/home/coche/coche_ws/install/vesc_msgs/lib/python3.8/site-packages'
[5.439s] Level 1:colcon.colcon_core.shell:create_environment_hook('vesc_msgs', 'pythonpath')
[5.440s] INFO:colcon.colcon_core.shell:Creating environment hook '/home/coche/coche_ws/install/vesc_msgs/share/vesc_msgs/hook/pythonpath.ps1'
[5.441s] INFO:colcon.colcon_core.shell:Creating environment descriptor '/home/coche/coche_ws/install/vesc_msgs/share/vesc_msgs/hook/pythonpath.dsv'
[5.443s] INFO:colcon.colcon_core.shell:Creating environment hook '/home/coche/coche_ws/install/vesc_msgs/share/vesc_msgs/hook/pythonpath.sh'
[5.444s] Level 1:colcon.colcon_core.environment:checking '/home/coche/coche_ws/install/vesc_msgs/bin'
[5.446s] INFO:colcon.colcon_core.shell:Creating package script '/home/coche/coche_ws/install/vesc_msgs/share/vesc_msgs/package.ps1'
[5.448s] INFO:colcon.colcon_core.shell:Creating package descriptor '/home/coche/coche_ws/install/vesc_msgs/share/vesc_msgs/package.dsv'
[5.451s] INFO:colcon.colcon_core.shell:Creating package script '/home/coche/coche_ws/install/vesc_msgs/share/vesc_msgs/package.sh'
[5.453s] INFO:colcon.colcon_core.shell:Creating package script '/home/coche/coche_ws/install/vesc_msgs/share/vesc_msgs/package.bash'
[5.454s] INFO:colcon.colcon_core.shell:Creating package script '/home/coche/coche_ws/install/vesc_msgs/share/vesc_msgs/package.zsh'
[5.456s] Level 1:colcon.colcon_core.environment:create_file_with_runtime_dependencies(/home/coche/coche_ws/install/vesc_msgs/share/colcon-core/packages/vesc_msgs)
[5.471s] Level 1:colcon.colcon_core.environment:create_environment_scripts_only(teleop_tools_msgs)
[5.475s] DEBUG:colcon.colcon_core.event_handler.log_command:Invoked command in '/home/coche/coche_ws/build/teleop_tools_msgs' returned '0': CMAKE_PREFIX_PATH=${CMAKE_PREFIX_PATH}:/home/coche/coche_ws/install/f1tenth_stack:/home/coche/coche_ws/install/joy_teleop:/home/coche/coche_ws/install/particle_filter:/home/coche/coche_ws/install/mouse_teleop:/home/coche/coche_ws/install/key_teleop:/opt/ros/foxy /usr/bin/cmake --install /home/coche/coche_ws/build/teleop_tools_msgs
[5.478s] Level 1:colcon.colcon_core.environment:checking '/home/coche/coche_ws/install/teleop_tools_msgs' for CMake module files
[5.482s] Level 1:colcon.colcon_core.environment:checking '/home/coche/coche_ws/install/teleop_tools_msgs' for CMake config files
[5.484s] Level 1:colcon.colcon_core.shell:create_environment_hook('teleop_tools_msgs', 'cmake_prefix_path')
[5.486s] INFO:colcon.colcon_core.shell:Creating environment hook '/home/coche/coche_ws/install/teleop_tools_msgs/share/teleop_tools_msgs/hook/cmake_prefix_path.ps1'
[5.491s] INFO:colcon.colcon_core.shell:Creating environment descriptor '/home/coche/coche_ws/install/teleop_tools_msgs/share/teleop_tools_msgs/hook/cmake_prefix_path.dsv'
[5.493s] INFO:colcon.colcon_core.shell:Creating environment hook '/home/coche/coche_ws/install/teleop_tools_msgs/share/teleop_tools_msgs/hook/cmake_prefix_path.sh'
[5.497s] Level 1:colcon.colcon_core.environment:checking '/home/coche/coche_ws/install/teleop_tools_msgs/lib'
[5.498s] Level 1:colcon.colcon_core.shell:create_environment_hook('teleop_tools_msgs', 'ld_library_path_lib')
[5.499s] INFO:colcon.colcon_core.shell:Creating environment hook '/home/coche/coche_ws/install/teleop_tools_msgs/share/teleop_tools_msgs/hook/ld_library_path_lib.ps1'
[5.501s] INFO:colcon.colcon_core.shell:Creating environment descriptor '/home/coche/coche_ws/install/teleop_tools_msgs/share/teleop_tools_msgs/hook/ld_library_path_lib.dsv'
[5.503s] INFO:colcon.colcon_core.shell:Creating environment hook '/home/coche/coche_ws/install/teleop_tools_msgs/share/teleop_tools_msgs/hook/ld_library_path_lib.sh'
[5.505s] Level 1:colcon.colcon_core.environment:checking '/home/coche/coche_ws/install/teleop_tools_msgs/bin'
[5.505s] Level 1:colcon.colcon_core.environment:checking '/home/coche/coche_ws/install/teleop_tools_msgs/lib/pkgconfig/teleop_tools_msgs.pc'
[5.507s] Level 1:colcon.colcon_core.environment:checking '/home/coche/coche_ws/install/teleop_tools_msgs/lib/python3.8/site-packages'
[5.507s] Level 1:colcon.colcon_core.shell:create_environment_hook('teleop_tools_msgs', 'pythonpath')
[5.508s] INFO:colcon.colcon_core.shell:Creating environment hook '/home/coche/coche_ws/install/teleop_tools_msgs/share/teleop_tools_msgs/hook/pythonpath.ps1'
[5.510s] INFO:colcon.colcon_core.shell:Creating environment descriptor '/home/coche/coche_ws/install/teleop_tools_msgs/share/teleop_tools_msgs/hook/pythonpath.dsv'
[5.512s] INFO:colcon.colcon_core.shell:Creating environment hook '/home/coche/coche_ws/install/teleop_tools_msgs/share/teleop_tools_msgs/hook/pythonpath.sh'
[5.514s] Level 1:colcon.colcon_core.environment:checking '/home/coche/coche_ws/install/teleop_tools_msgs/bin'
[5.517s] INFO:colcon.colcon_core.shell:Creating package script '/home/coche/coche_ws/install/teleop_tools_msgs/share/teleop_tools_msgs/package.ps1'
[5.523s] INFO:colcon.colcon_core.shell:Creating package descriptor '/home/coche/coche_ws/install/teleop_tools_msgs/share/teleop_tools_msgs/package.dsv'
[5.526s] INFO:colcon.colcon_core.shell:Creating package script '/home/coche/coche_ws/install/teleop_tools_msgs/share/teleop_tools_msgs/package.sh'
[5.529s] INFO:colcon.colcon_core.shell:Creating package script '/home/coche/coche_ws/install/teleop_tools_msgs/share/teleop_tools_msgs/package.bash'
[5.531s] INFO:colcon.colcon_core.shell:Creating package script '/home/coche/coche_ws/install/teleop_tools_msgs/share/teleop_tools_msgs/package.zsh'
[5.533s] Level 1:colcon.colcon_core.environment:create_file_with_runtime_dependencies(/home/coche/coche_ws/install/teleop_tools_msgs/share/colcon-core/packages/teleop_tools_msgs)
[5.620s] DEBUG:colcon.colcon_core.event_handler.log_command:Invoking command in '/home/coche/coche_ws/src/f1tenth_system/teleop_tools/key_teleop': PYTHONPATH=/home/coche/coche_ws/build/key_teleop/prefix_override:/usr/lib/python3/dist-packages/colcon_core/task/python/colcon_distutils_commands:/home/coche/coche_ws/install/key_teleop/lib/python3.8/site-packages:${PYTHONPATH} /usr/bin/python3 -W ignore:setup.py install is deprecated setup.py egg_info --egg-base ../../../../build/key_teleop build --build-base /home/coche/coche_ws/build/key_teleop/build install --record /home/coche/coche_ws/build/key_teleop/install.log --install-scripts $base/lib/key_teleop --single-version-externally-managed install_data
[5.869s] Level 1:colcon.colcon_core.environment:create_environment_scripts_only(teleop_tools_msgs)
[5.870s] Level 1:colcon.colcon_core.environment:checking '/home/coche/coche_ws/install/teleop_tools_msgs' for CMake module files
[5.874s] Level 1:colcon.colcon_core.environment:checking '/home/coche/coche_ws/install/teleop_tools_msgs' for CMake config files
[5.878s] Level 1:colcon.colcon_core.shell:create_environment_hook('teleop_tools_msgs', 'cmake_prefix_path')
[5.879s] INFO:colcon.colcon_core.shell:Creating environment hook '/home/coche/coche_ws/install/teleop_tools_msgs/share/teleop_tools_msgs/hook/cmake_prefix_path.ps1'
[5.882s] INFO:colcon.colcon_core.shell:Creating environment descriptor '/home/coche/coche_ws/install/teleop_tools_msgs/share/teleop_tools_msgs/hook/cmake_prefix_path.dsv'
[5.884s] INFO:colcon.colcon_core.shell:Creating environment hook '/home/coche/coche_ws/install/teleop_tools_msgs/share/teleop_tools_msgs/hook/cmake_prefix_path.sh'
[5.887s] Level 1:colcon.colcon_core.environment:checking '/home/coche/coche_ws/install/teleop_tools_msgs/lib'
[5.887s] Level 1:colcon.colcon_core.shell:create_environment_hook('teleop_tools_msgs', 'ld_library_path_lib')
[5.888s] INFO:colcon.colcon_core.shell:Creating environment hook '/home/coche/coche_ws/install/teleop_tools_msgs/share/teleop_tools_msgs/hook/ld_library_path_lib.ps1'
[5.890s] INFO:colcon.colcon_core.shell:Creating environment descriptor '/home/coche/coche_ws/install/teleop_tools_msgs/share/teleop_tools_msgs/hook/ld_library_path_lib.dsv'
[5.894s] INFO:colcon.colcon_core.shell:Creating environment hook '/home/coche/coche_ws/install/teleop_tools_msgs/share/teleop_tools_msgs/hook/ld_library_path_lib.sh'
[5.896s] Level 1:colcon.colcon_core.environment:checking '/home/coche/coche_ws/install/teleop_tools_msgs/bin'
[5.896s] Level 1:colcon.colcon_core.environment:checking '/home/coche/coche_ws/install/teleop_tools_msgs/lib/pkgconfig/teleop_tools_msgs.pc'
[5.898s] Level 1:colcon.colcon_core.environment:checking '/home/coche/coche_ws/install/teleop_tools_msgs/lib/python3.8/site-packages'
[5.900s] Level 1:colcon.colcon_core.shell:create_environment_hook('teleop_tools_msgs', 'pythonpath')
[5.901s] INFO:colcon.colcon_core.shell:Creating environment hook '/home/coche/coche_ws/install/teleop_tools_msgs/share/teleop_tools_msgs/hook/pythonpath.ps1'
[5.903s] INFO:colcon.colcon_core.shell:Creating environment descriptor '/home/coche/coche_ws/install/teleop_tools_msgs/share/teleop_tools_msgs/hook/pythonpath.dsv'
[5.906s] INFO:colcon.colcon_core.shell:Creating environment hook '/home/coche/coche_ws/install/teleop_tools_msgs/share/teleop_tools_msgs/hook/pythonpath.sh'
[5.908s] Level 1:colcon.colcon_core.environment:checking '/home/coche/coche_ws/install/teleop_tools_msgs/bin'
[5.909s] INFO:colcon.colcon_core.shell:Creating package script '/home/coche/coche_ws/install/teleop_tools_msgs/share/teleop_tools_msgs/package.ps1'
[5.912s] INFO:colcon.colcon_core.shell:Creating package descriptor '/home/coche/coche_ws/install/teleop_tools_msgs/share/teleop_tools_msgs/package.dsv'
[5.915s] INFO:colcon.colcon_core.shell:Creating package script '/home/coche/coche_ws/install/teleop_tools_msgs/share/teleop_tools_msgs/package.sh'
[5.917s] INFO:colcon.colcon_core.shell:Creating package script '/home/coche/coche_ws/install/teleop_tools_msgs/share/teleop_tools_msgs/package.bash'
[5.921s] INFO:colcon.colcon_core.shell:Creating package script '/home/coche/coche_ws/install/teleop_tools_msgs/share/teleop_tools_msgs/package.zsh'
[5.924s] Level 1:colcon.colcon_core.environment:create_file_with_runtime_dependencies(/home/coche/coche_ws/install/teleop_tools_msgs/share/colcon-core/packages/teleop_tools_msgs)
[5.929s] INFO:colcon.colcon_ros.task.ament_python.build:Building ROS package in '/home/coche/coche_ws/src/f1tenth_system/teleop_tools/joy_teleop' with build type 'ament_python'
[5.931s] Level 1:colcon.colcon_core.shell:create_environment_hook('joy_teleop', 'ament_prefix_path')
[5.932s] INFO:colcon.colcon_core.shell:Creating environment hook '/home/coche/coche_ws/install/joy_teleop/share/joy_teleop/hook/ament_prefix_path.ps1'
[5.934s] INFO:colcon.colcon_core.shell:Creating environment descriptor '/home/coche/coche_ws/install/joy_teleop/share/joy_teleop/hook/ament_prefix_path.dsv'
[5.936s] INFO:colcon.colcon_core.shell:Creating environment hook '/home/coche/coche_ws/install/joy_teleop/share/joy_teleop/hook/ament_prefix_path.sh'
[5.938s] INFO:colcon.colcon_core.shell:Skip shell extension 'powershell' for command environment: Not usable outside of PowerShell
[5.939s] DEBUG:colcon.colcon_core.shell:Skip shell extension 'dsv' for command environment
[7.086s] INFO:colcon.colcon_core.task.python.build:Building Python package in '/home/coche/coche_ws/src/f1tenth_system/teleop_tools/joy_teleop'
[7.090s] INFO:colcon.colcon_core.shell:Skip shell extension 'powershell' for command environment: Not usable outside of PowerShell
[7.090s] DEBUG:colcon.colcon_core.shell:Skip shell extension 'dsv' for command environment
[7.130s] Level 1:colcon.colcon_core.environment:create_environment_scripts_only(vesc_msgs)
[7.134s] Level 1:colcon.colcon_core.environment:checking '/home/coche/coche_ws/install/vesc_msgs' for CMake module files
[7.138s] Level 1:colcon.colcon_core.environment:checking '/home/coche/coche_ws/install/vesc_msgs' for CMake config files
[7.140s] Level 1:colcon.colcon_core.shell:create_environment_hook('vesc_msgs', 'cmake_prefix_path')
[7.141s] INFO:colcon.colcon_core.shell:Creating environment hook '/home/coche/coche_ws/install/vesc_msgs/share/vesc_msgs/hook/cmake_prefix_path.ps1'
[7.145s] INFO:colcon.colcon_core.shell:Creating environment descriptor '/home/coche/coche_ws/install/vesc_msgs/share/vesc_msgs/hook/cmake_prefix_path.dsv'
[7.147s] INFO:colcon.colcon_core.shell:Creating environment hook '/home/coche/coche_ws/install/vesc_msgs/share/vesc_msgs/hook/cmake_prefix_path.sh'
[7.150s] Level 1:colcon.colcon_core.environment:checking '/home/coche/coche_ws/install/vesc_msgs/lib'
[7.150s] Level 1:colcon.colcon_core.shell:create_environment_hook('vesc_msgs', 'ld_library_path_lib')
[7.151s] INFO:colcon.colcon_core.shell:Creating environment hook '/home/coche/coche_ws/install/vesc_msgs/share/vesc_msgs/hook/ld_library_path_lib.ps1'
[7.153s] INFO:colcon.colcon_core.shell:Creating environment descriptor '/home/coche/coche_ws/install/vesc_msgs/share/vesc_msgs/hook/ld_library_path_lib.dsv'
[7.154s] INFO:colcon.colcon_core.shell:Creating environment hook '/home/coche/coche_ws/install/vesc_msgs/share/vesc_msgs/hook/ld_library_path_lib.sh'
[7.155s] Level 1:colcon.colcon_core.environment:checking '/home/coche/coche_ws/install/vesc_msgs/bin'
[7.156s] Level 1:colcon.colcon_core.environment:checking '/home/coche/coche_ws/install/vesc_msgs/lib/pkgconfig/vesc_msgs.pc'
[7.157s] Level 1:colcon.colcon_core.environment:checking '/home/coche/coche_ws/install/vesc_msgs/lib/python3.8/site-packages'
[7.157s] Level 1:colcon.colcon_core.shell:create_environment_hook('vesc_msgs', 'pythonpath')
[7.158s] INFO:colcon.colcon_core.shell:Creating environment hook '/home/coche/coche_ws/install/vesc_msgs/share/vesc_msgs/hook/pythonpath.ps1'
[7.160s] INFO:colcon.colcon_core.shell:Creating environment descriptor '/home/coche/coche_ws/install/vesc_msgs/share/vesc_msgs/hook/pythonpath.dsv'
[7.161s] INFO:colcon.colcon_core.shell:Creating environment hook '/home/coche/coche_ws/install/vesc_msgs/share/vesc_msgs/hook/pythonpath.sh'
[7.163s] Level 1:colcon.colcon_core.environment:checking '/home/coche/coche_ws/install/vesc_msgs/bin'
[7.164s] INFO:colcon.colcon_core.shell:Creating package script '/home/coche/coche_ws/install/vesc_msgs/share/vesc_msgs/package.ps1'
[7.167s] INFO:colcon.colcon_core.shell:Creating package descriptor '/home/coche/coche_ws/install/vesc_msgs/share/vesc_msgs/package.dsv'
[7.169s] INFO:colcon.colcon_core.shell:Creating package script '/home/coche/coche_ws/install/vesc_msgs/share/vesc_msgs/package.sh'
[7.171s] INFO:colcon.colcon_core.shell:Creating package script '/home/coche/coche_ws/install/vesc_msgs/share/vesc_msgs/package.bash'
[7.173s] INFO:colcon.colcon_core.shell:Creating package script '/home/coche/coche_ws/install/vesc_msgs/share/vesc_msgs/package.zsh'
[7.175s] Level 1:colcon.colcon_core.environment:create_file_with_runtime_dependencies(/home/coche/coche_ws/install/vesc_msgs/share/colcon-core/packages/vesc_msgs)
[7.180s] INFO:colcon.colcon_ros.task.ament_cmake.build:Building ROS package in '/home/coche/coche_ws/src/f1tenth_system/vesc/vesc_ackermann' with build type 'ament_cmake'
[7.182s] INFO:colcon.colcon_cmake.task.cmake.build:Building CMake package in '/home/coche/coche_ws/src/f1tenth_system/vesc/vesc_ackermann'
[7.183s] INFO:colcon.colcon_core.shell:Skip shell extension 'powershell' for command environment: Not usable outside of PowerShell
[7.183s] DEBUG:colcon.colcon_core.shell:Skip shell extension 'dsv' for command environment
[7.222s] Level 1:colcon.colcon_core.environment:checking '/home/coche/coche_ws/install/key_teleop' for CMake module files
[7.228s] DEBUG:colcon.colcon_core.event_handler.log_command:Invoked command in '/home/coche/coche_ws/src/f1tenth_system/teleop_tools/key_teleop' returned '0': PYTHONPATH=/home/coche/coche_ws/build/key_teleop/prefix_override:/usr/lib/python3/dist-packages/colcon_core/task/python/colcon_distutils_commands:/home/coche/coche_ws/install/key_teleop/lib/python3.8/site-packages:${PYTHONPATH} /usr/bin/python3 -W ignore:setup.py install is deprecated setup.py egg_info --egg-base ../../../../build/key_teleop build --build-base /home/coche/coche_ws/build/key_teleop/build install --record /home/coche/coche_ws/build/key_teleop/install.log --install-scripts $base/lib/key_teleop --single-version-externally-managed install_data
[7.230s] Level 1:colcon.colcon_core.environment:checking '/home/coche/coche_ws/install/key_teleop' for CMake config files
[7.234s] Level 1:colcon.colcon_core.environment:checking '/home/coche/coche_ws/install/key_teleop/lib'
[7.234s] Level 1:colcon.colcon_core.environment:checking '/home/coche/coche_ws/install/key_teleop/bin'
[7.235s] Level 1:colcon.colcon_core.environment:checking '/home/coche/coche_ws/install/key_teleop/lib/pkgconfig/key_teleop.pc'
[7.236s] Level 1:colcon.colcon_core.environment:checking '/home/coche/coche_ws/install/key_teleop/lib/python3.8/site-packages'
[7.237s] Level 1:colcon.colcon_core.shell:create_environment_hook('key_teleop', 'pythonpath')
[7.238s] INFO:colcon.colcon_core.shell:Creating environment hook '/home/coche/coche_ws/install/key_teleop/share/key_teleop/hook/pythonpath.ps1'
[7.243s] INFO:colcon.colcon_core.shell:Creating environment descriptor '/home/coche/coche_ws/install/key_teleop/share/key_teleop/hook/pythonpath.dsv'
[7.247s] INFO:colcon.colcon_core.shell:Creating environment hook '/home/coche/coche_ws/install/key_teleop/share/key_teleop/hook/pythonpath.sh'
[7.251s] Level 1:colcon.colcon_core.environment:checking '/home/coche/coche_ws/install/key_teleop/bin'
[7.251s] Level 1:colcon.colcon_core.environment:create_environment_scripts_only(key_teleop)
[7.253s] INFO:colcon.colcon_core.shell:Creating package script '/home/coche/coche_ws/install/key_teleop/share/key_teleop/package.ps1'
[7.255s] INFO:colcon.colcon_core.shell:Creating package descriptor '/home/coche/coche_ws/install/key_teleop/share/key_teleop/package.dsv'
[7.259s] INFO:colcon.colcon_core.shell:Creating package script '/home/coche/coche_ws/install/key_teleop/share/key_teleop/package.sh'
[7.262s] INFO:colcon.colcon_core.shell:Creating package script '/home/coche/coche_ws/install/key_teleop/share/key_teleop/package.bash'
[7.264s] INFO:colcon.colcon_core.shell:Creating package script '/home/coche/coche_ws/install/key_teleop/share/key_teleop/package.zsh'
[7.265s] Level 1:colcon.colcon_core.environment:create_file_with_runtime_dependencies(/home/coche/coche_ws/install/key_teleop/share/colcon-core/packages/key_teleop)
[7.270s] INFO:colcon.colcon_ros.task.ament_cmake.build:Building ROS package in '/home/coche/coche_ws/src/f1tenth_system/vesc/vesc_driver' with build type 'ament_cmake'
[7.271s] INFO:colcon.colcon_cmake.task.cmake.build:Building CMake package in '/home/coche/coche_ws/src/f1tenth_system/vesc/vesc_driver'
[7.272s] INFO:colcon.colcon_core.shell:Skip shell extension 'powershell' for command environment: Not usable outside of PowerShell
[7.273s] DEBUG:colcon.colcon_core.shell:Skip shell extension 'dsv' for command environment
[7.378s] DEBUG:colcon.colcon_core.event_handler.log_command:Invoking command in '/home/coche/coche_ws/build/vesc_ackermann': CMAKE_PREFIX_PATH=/home/coche/coche_ws/install/vesc_msgs:/home/coche/coche_ws/install/vesc:/home/coche/coche_ws/install/vesc_driver:/home/coche/coche_ws/install/vesc_ackermann:/home/coche/coche_ws/install/teleop_tools:/home/coche/coche_ws/install/teleop_tools_msgs:/home/coche/coche_ws/install/ackermann_mux:/home/coche/coche_ws/install/f1tenth_stack:/home/coche/coche_ws/install/joy_teleop:/home/coche/coche_ws/install/particle_filter:/home/coche/coche_ws/install/mouse_teleop:/home/coche/coche_ws/install/key_teleop:/opt/ros/foxy LD_LIBRARY_PATH=/home/coche/coche_ws/install/vesc_msgs/lib:/home/coche/coche_ws/install/vesc_driver/lib:/home/coche/coche_ws/install/vesc_ackermann/lib:/home/coche/coche_ws/install/teleop_tools_msgs/lib:/opt/ros/foxy/opt/yaml_cpp_vendor/lib:/opt/ros/foxy/opt/rviz_ogre_vendor/lib:/opt/ros/foxy/lib/aarch64-linux-gnu:/opt/ros/foxy/lib PYTHONPATH=/home/coche/coche_ws/install/vesc_msgs/lib/python3.8/site-packages:/home/coche/coche_ws/install/f1tenth_stack/lib/python3.8/site-packages:/home/coche/coche_ws/install/joy_teleop/lib/python3.8/site-packages:/home/coche/coche_ws/install/teleop_tools_msgs/lib/python3.8/site-packages:/home/coche/coche_ws/install/particle_filter/lib/python3.8/site-packages:/home/coche/coche_ws/install/mouse_teleop/lib/python3.8/site-packages:/home/coche/coche_ws/install/key_teleop/lib/python3.8/site-packages:/opt/ros/foxy/lib/python3.8/site-packages /usr/bin/cmake --build /home/coche/coche_ws/build/vesc_ackermann -- -j4 -l4
[7.410s] DEBUG:colcon.colcon_core.event_handler.log_command:Invoking command in '/home/coche/coche_ws/build/vesc_driver': CMAKE_PREFIX_PATH=/home/coche/coche_ws/install/vesc_msgs:/home/coche/coche_ws/install/vesc:/home/coche/coche_ws/install/vesc_driver:/home/coche/coche_ws/install/vesc_ackermann:/home/coche/coche_ws/install/teleop_tools:/home/coche/coche_ws/install/teleop_tools_msgs:/home/coche/coche_ws/install/ackermann_mux:/home/coche/coche_ws/install/f1tenth_stack:/home/coche/coche_ws/install/joy_teleop:/home/coche/coche_ws/install/particle_filter:/home/coche/coche_ws/install/mouse_teleop:/home/coche/coche_ws/install/key_teleop:/opt/ros/foxy LD_LIBRARY_PATH=/home/coche/coche_ws/install/vesc_msgs/lib:/home/coche/coche_ws/install/vesc_driver/lib:/home/coche/coche_ws/install/vesc_ackermann/lib:/home/coche/coche_ws/install/teleop_tools_msgs/lib:/opt/ros/foxy/opt/yaml_cpp_vendor/lib:/opt/ros/foxy/opt/rviz_ogre_vendor/lib:/opt/ros/foxy/lib/aarch64-linux-gnu:/opt/ros/foxy/lib PYTHONPATH=/home/coche/coche_ws/install/vesc_msgs/lib/python3.8/site-packages:/home/coche/coche_ws/install/f1tenth_stack/lib/python3.8/site-packages:/home/coche/coche_ws/install/joy_teleop/lib/python3.8/site-packages:/home/coche/coche_ws/install/teleop_tools_msgs/lib/python3.8/site-packages:/home/coche/coche_ws/install/particle_filter/lib/python3.8/site-packages:/home/coche/coche_ws/install/mouse_teleop/lib/python3.8/site-packages:/home/coche/coche_ws/install/key_teleop/lib/python3.8/site-packages:/opt/ros/foxy/lib/python3.8/site-packages /usr/bin/cmake --build /home/coche/coche_ws/build/vesc_driver -- -j4 -l4
[7.445s] DEBUG:colcon.colcon_core.event_handler.log_command:Invoking command in '/home/coche/coche_ws/src/f1tenth_system/teleop_tools/mouse_teleop': PYTHONPATH=/home/coche/coche_ws/build/mouse_teleop/prefix_override:/usr/lib/python3/dist-packages/colcon_core/task/python/colcon_distutils_commands:/home/coche/coche_ws/install/mouse_teleop/lib/python3.8/site-packages:${PYTHONPATH} /usr/bin/python3 -W ignore:setup.py install is deprecated setup.py egg_info --egg-base ../../../../build/mouse_teleop build --build-base /home/coche/coche_ws/build/mouse_teleop/build install --record /home/coche/coche_ws/build/mouse_teleop/install.log --install-scripts $base/lib/mouse_teleop --single-version-externally-managed install_data
[7.974s] DEBUG:colcon.colcon_core.event_handler.log_command:Invoked command in '/home/coche/coche_ws/build/vesc_ackermann' returned '0': CMAKE_PREFIX_PATH=/home/coche/coche_ws/install/vesc_msgs:/home/coche/coche_ws/install/vesc:/home/coche/coche_ws/install/vesc_driver:/home/coche/coche_ws/install/vesc_ackermann:/home/coche/coche_ws/install/teleop_tools:/home/coche/coche_ws/install/teleop_tools_msgs:/home/coche/coche_ws/install/ackermann_mux:/home/coche/coche_ws/install/f1tenth_stack:/home/coche/coche_ws/install/joy_teleop:/home/coche/coche_ws/install/particle_filter:/home/coche/coche_ws/install/mouse_teleop:/home/coche/coche_ws/install/key_teleop:/opt/ros/foxy LD_LIBRARY_PATH=/home/coche/coche_ws/install/vesc_msgs/lib:/home/coche/coche_ws/install/vesc_driver/lib:/home/coche/coche_ws/install/vesc_ackermann/lib:/home/coche/coche_ws/install/teleop_tools_msgs/lib:/opt/ros/foxy/opt/yaml_cpp_vendor/lib:/opt/ros/foxy/opt/rviz_ogre_vendor/lib:/opt/ros/foxy/lib/aarch64-linux-gnu:/opt/ros/foxy/lib PYTHONPATH=/home/coche/coche_ws/install/vesc_msgs/lib/python3.8/site-packages:/home/coche/coche_ws/install/f1tenth_stack/lib/python3.8/site-packages:/home/coche/coche_ws/install/joy_teleop/lib/python3.8/site-packages:/home/coche/coche_ws/install/teleop_tools_msgs/lib/python3.8/site-packages:/home/coche/coche_ws/install/particle_filter/lib/python3.8/site-packages:/home/coche/coche_ws/install/mouse_teleop/lib/python3.8/site-packages:/home/coche/coche_ws/install/key_teleop/lib/python3.8/site-packages:/opt/ros/foxy/lib/python3.8/site-packages /usr/bin/cmake --build /home/coche/coche_ws/build/vesc_ackermann -- -j4 -l4
[8.169s] DEBUG:colcon.colcon_core.event_handler.log_command:Invoked command in '/home/coche/coche_ws/build/vesc_driver' returned '0': CMAKE_PREFIX_PATH=/home/coche/coche_ws/install/vesc_msgs:/home/coche/coche_ws/install/vesc:/home/coche/coche_ws/install/vesc_driver:/home/coche/coche_ws/install/vesc_ackermann:/home/coche/coche_ws/install/teleop_tools:/home/coche/coche_ws/install/teleop_tools_msgs:/home/coche/coche_ws/install/ackermann_mux:/home/coche/coche_ws/install/f1tenth_stack:/home/coche/coche_ws/install/joy_teleop:/home/coche/coche_ws/install/particle_filter:/home/coche/coche_ws/install/mouse_teleop:/home/coche/coche_ws/install/key_teleop:/opt/ros/foxy LD_LIBRARY_PATH=/home/coche/coche_ws/install/vesc_msgs/lib:/home/coche/coche_ws/install/vesc_driver/lib:/home/coche/coche_ws/install/vesc_ackermann/lib:/home/coche/coche_ws/install/teleop_tools_msgs/lib:/opt/ros/foxy/opt/yaml_cpp_vendor/lib:/opt/ros/foxy/opt/rviz_ogre_vendor/lib:/opt/ros/foxy/lib/aarch64-linux-gnu:/opt/ros/foxy/lib PYTHONPATH=/home/coche/coche_ws/install/vesc_msgs/lib/python3.8/site-packages:/home/coche/coche_ws/install/f1tenth_stack/lib/python3.8/site-packages:/home/coche/coche_ws/install/joy_teleop/lib/python3.8/site-packages:/home/coche/coche_ws/install/teleop_tools_msgs/lib/python3.8/site-packages:/home/coche/coche_ws/install/particle_filter/lib/python3.8/site-packages:/home/coche/coche_ws/install/mouse_teleop/lib/python3.8/site-packages:/home/coche/coche_ws/install/key_teleop/lib/python3.8/site-packages:/opt/ros/foxy/lib/python3.8/site-packages /usr/bin/cmake --build /home/coche/coche_ws/build/vesc_driver -- -j4 -l4
[8.247s] DEBUG:colcon.colcon_core.event_handler.log_command:Invoking command in '/home/coche/coche_ws/build/vesc_ackermann': CMAKE_PREFIX_PATH=/home/coche/coche_ws/install/vesc_msgs:/home/coche/coche_ws/install/vesc:/home/coche/coche_ws/install/vesc_driver:/home/coche/coche_ws/install/vesc_ackermann:/home/coche/coche_ws/install/teleop_tools:/home/coche/coche_ws/install/teleop_tools_msgs:/home/coche/coche_ws/install/ackermann_mux:/home/coche/coche_ws/install/f1tenth_stack:/home/coche/coche_ws/install/joy_teleop:/home/coche/coche_ws/install/particle_filter:/home/coche/coche_ws/install/mouse_teleop:/home/coche/coche_ws/install/key_teleop:/opt/ros/foxy LD_LIBRARY_PATH=/home/coche/coche_ws/install/vesc_msgs/lib:/home/coche/coche_ws/install/vesc_driver/lib:/home/coche/coche_ws/install/vesc_ackermann/lib:/home/coche/coche_ws/install/teleop_tools_msgs/lib:/opt/ros/foxy/opt/yaml_cpp_vendor/lib:/opt/ros/foxy/opt/rviz_ogre_vendor/lib:/opt/ros/foxy/lib/aarch64-linux-gnu:/opt/ros/foxy/lib PYTHONPATH=/home/coche/coche_ws/install/vesc_msgs/lib/python3.8/site-packages:/home/coche/coche_ws/install/f1tenth_stack/lib/python3.8/site-packages:/home/coche/coche_ws/install/joy_teleop/lib/python3.8/site-packages:/home/coche/coche_ws/install/teleop_tools_msgs/lib/python3.8/site-packages:/home/coche/coche_ws/install/particle_filter/lib/python3.8/site-packages:/home/coche/coche_ws/install/mouse_teleop/lib/python3.8/site-packages:/home/coche/coche_ws/install/key_teleop/lib/python3.8/site-packages:/opt/ros/foxy/lib/python3.8/site-packages /usr/bin/cmake --install /home/coche/coche_ws/build/vesc_ackermann
[8.313s] Level 1:colcon.colcon_core.environment:create_environment_scripts_only(vesc_ackermann)
[8.316s] Level 1:colcon.colcon_core.environment:checking '/home/coche/coche_ws/install/vesc_ackermann' for CMake module files
[8.319s] DEBUG:colcon.colcon_core.event_handler.log_command:Invoked command in '/home/coche/coche_ws/build/vesc_ackermann' returned '0': CMAKE_PREFIX_PATH=/home/coche/coche_ws/install/vesc_msgs:/home/coche/coche_ws/install/vesc:/home/coche/coche_ws/install/vesc_driver:/home/coche/coche_ws/install/vesc_ackermann:/home/coche/coche_ws/install/teleop_tools:/home/coche/coche_ws/install/teleop_tools_msgs:/home/coche/coche_ws/install/ackermann_mux:/home/coche/coche_ws/install/f1tenth_stack:/home/coche/coche_ws/install/joy_teleop:/home/coche/coche_ws/install/particle_filter:/home/coche/coche_ws/install/mouse_teleop:/home/coche/coche_ws/install/key_teleop:/opt/ros/foxy LD_LIBRARY_PATH=/home/coche/coche_ws/install/vesc_msgs/lib:/home/coche/coche_ws/install/vesc_driver/lib:/home/coche/coche_ws/install/vesc_ackermann/lib:/home/coche/coche_ws/install/teleop_tools_msgs/lib:/opt/ros/foxy/opt/yaml_cpp_vendor/lib:/opt/ros/foxy/opt/rviz_ogre_vendor/lib:/opt/ros/foxy/lib/aarch64-linux-gnu:/opt/ros/foxy/lib PYTHONPATH=/home/coche/coche_ws/install/vesc_msgs/lib/python3.8/site-packages:/home/coche/coche_ws/install/f1tenth_stack/lib/python3.8/site-packages:/home/coche/coche_ws/install/joy_teleop/lib/python3.8/site-packages:/home/coche/coche_ws/install/teleop_tools_msgs/lib/python3.8/site-packages:/home/coche/coche_ws/install/particle_filter/lib/python3.8/site-packages:/home/coche/coche_ws/install/mouse_teleop/lib/python3.8/site-packages:/home/coche/coche_ws/install/key_teleop/lib/python3.8/site-packages:/opt/ros/foxy/lib/python3.8/site-packages /usr/bin/cmake --install /home/coche/coche_ws/build/vesc_ackermann
[8.322s] Level 1:colcon.colcon_core.environment:checking '/home/coche/coche_ws/install/vesc_ackermann' for CMake config files
[8.324s] Level 1:colcon.colcon_core.shell:create_environment_hook('vesc_ackermann', 'cmake_prefix_path')
[8.326s] INFO:colcon.colcon_core.shell:Creating environment hook '/home/coche/coche_ws/install/vesc_ackermann/share/vesc_ackermann/hook/cmake_prefix_path.ps1'
[8.329s] INFO:colcon.colcon_core.shell:Creating environment descriptor '/home/coche/coche_ws/install/vesc_ackermann/share/vesc_ackermann/hook/cmake_prefix_path.dsv'
[8.333s] INFO:colcon.colcon_core.shell:Creating environment hook '/home/coche/coche_ws/install/vesc_ackermann/share/vesc_ackermann/hook/cmake_prefix_path.sh'
[8.336s] Level 1:colcon.colcon_core.environment:checking '/home/coche/coche_ws/install/vesc_ackermann/lib'
[8.336s] Level 1:colcon.colcon_core.shell:create_environment_hook('vesc_ackermann', 'ld_library_path_lib')
[8.338s] INFO:colcon.colcon_core.shell:Creating environment hook '/home/coche/coche_ws/install/vesc_ackermann/share/vesc_ackermann/hook/ld_library_path_lib.ps1'
[8.341s] INFO:colcon.colcon_core.shell:Creating environment descriptor '/home/coche/coche_ws/install/vesc_ackermann/share/vesc_ackermann/hook/ld_library_path_lib.dsv'
[8.343s] INFO:colcon.colcon_core.shell:Creating environment hook '/home/coche/coche_ws/install/vesc_ackermann/share/vesc_ackermann/hook/ld_library_path_lib.sh'
[8.344s] Level 1:colcon.colcon_core.environment:checking '/home/coche/coche_ws/install/vesc_ackermann/bin'
[8.345s] Level 1:colcon.colcon_core.environment:checking '/home/coche/coche_ws/install/vesc_ackermann/lib/pkgconfig/vesc_ackermann.pc'
[8.346s] Level 1:colcon.colcon_core.environment:checking '/home/coche/coche_ws/install/vesc_ackermann/lib/python3.8/site-packages'
[8.347s] Level 1:colcon.colcon_core.environment:checking '/home/coche/coche_ws/install/vesc_ackermann/bin'
[8.351s] INFO:colcon.colcon_core.shell:Creating package script '/home/coche/coche_ws/install/vesc_ackermann/share/vesc_ackermann/package.ps1'
[8.358s] INFO:colcon.colcon_core.shell:Creating package descriptor '/home/coche/coche_ws/install/vesc_ackermann/share/vesc_ackermann/package.dsv'
[8.360s] INFO:colcon.colcon_core.shell:Creating package script '/home/coche/coche_ws/install/vesc_ackermann/share/vesc_ackermann/package.sh'
[8.363s] INFO:colcon.colcon_core.shell:Creating package script '/home/coche/coche_ws/install/vesc_ackermann/share/vesc_ackermann/package.bash'
[8.364s] INFO:colcon.colcon_core.shell:Creating package script '/home/coche/coche_ws/install/vesc_ackermann/share/vesc_ackermann/package.zsh'
[8.366s] Level 1:colcon.colcon_core.environment:create_file_with_runtime_dependencies(/home/coche/coche_ws/install/vesc_ackermann/share/colcon-core/packages/vesc_ackermann)
[8.490s] DEBUG:colcon.colcon_core.event_handler.log_command:Invoking command in '/home/coche/coche_ws/build/vesc_driver': CMAKE_PREFIX_PATH=/home/coche/coche_ws/install/vesc_msgs:/home/coche/coche_ws/install/vesc:/home/coche/coche_ws/install/vesc_driver:/home/coche/coche_ws/install/vesc_ackermann:/home/coche/coche_ws/install/teleop_tools:/home/coche/coche_ws/install/teleop_tools_msgs:/home/coche/coche_ws/install/ackermann_mux:/home/coche/coche_ws/install/f1tenth_stack:/home/coche/coche_ws/install/joy_teleop:/home/coche/coche_ws/install/particle_filter:/home/coche/coche_ws/install/mouse_teleop:/home/coche/coche_ws/install/key_teleop:/opt/ros/foxy LD_LIBRARY_PATH=/home/coche/coche_ws/install/vesc_msgs/lib:/home/coche/coche_ws/install/vesc_driver/lib:/home/coche/coche_ws/install/vesc_ackermann/lib:/home/coche/coche_ws/install/teleop_tools_msgs/lib:/opt/ros/foxy/opt/yaml_cpp_vendor/lib:/opt/ros/foxy/opt/rviz_ogre_vendor/lib:/opt/ros/foxy/lib/aarch64-linux-gnu:/opt/ros/foxy/lib PYTHONPATH=/home/coche/coche_ws/install/vesc_msgs/lib/python3.8/site-packages:/home/coche/coche_ws/install/f1tenth_stack/lib/python3.8/site-packages:/home/coche/coche_ws/install/joy_teleop/lib/python3.8/site-packages:/home/coche/coche_ws/install/teleop_tools_msgs/lib/python3.8/site-packages:/home/coche/coche_ws/install/particle_filter/lib/python3.8/site-packages:/home/coche/coche_ws/install/mouse_teleop/lib/python3.8/site-packages:/home/coche/coche_ws/install/key_teleop/lib/python3.8/site-packages:/opt/ros/foxy/lib/python3.8/site-packages /usr/bin/cmake --install /home/coche/coche_ws/build/vesc_driver
[8.574s] Level 1:colcon.colcon_core.environment:create_environment_scripts_only(vesc_driver)
[8.578s] Level 1:colcon.colcon_core.environment:checking '/home/coche/coche_ws/install/vesc_driver' for CMake module files
[8.581s] DEBUG:colcon.colcon_core.event_handler.log_command:Invoked command in '/home/coche/coche_ws/build/vesc_driver' returned '0': CMAKE_PREFIX_PATH=/home/coche/coche_ws/install/vesc_msgs:/home/coche/coche_ws/install/vesc:/home/coche/coche_ws/install/vesc_driver:/home/coche/coche_ws/install/vesc_ackermann:/home/coche/coche_ws/install/teleop_tools:/home/coche/coche_ws/install/teleop_tools_msgs:/home/coche/coche_ws/install/ackermann_mux:/home/coche/coche_ws/install/f1tenth_stack:/home/coche/coche_ws/install/joy_teleop:/home/coche/coche_ws/install/particle_filter:/home/coche/coche_ws/install/mouse_teleop:/home/coche/coche_ws/install/key_teleop:/opt/ros/foxy LD_LIBRARY_PATH=/home/coche/coche_ws/install/vesc_msgs/lib:/home/coche/coche_ws/install/vesc_driver/lib:/home/coche/coche_ws/install/vesc_ackermann/lib:/home/coche/coche_ws/install/teleop_tools_msgs/lib:/opt/ros/foxy/opt/yaml_cpp_vendor/lib:/opt/ros/foxy/opt/rviz_ogre_vendor/lib:/opt/ros/foxy/lib/aarch64-linux-gnu:/opt/ros/foxy/lib PYTHONPATH=/home/coche/coche_ws/install/vesc_msgs/lib/python3.8/site-packages:/home/coche/coche_ws/install/f1tenth_stack/lib/python3.8/site-packages:/home/coche/coche_ws/install/joy_teleop/lib/python3.8/site-packages:/home/coche/coche_ws/install/teleop_tools_msgs/lib/python3.8/site-packages:/home/coche/coche_ws/install/particle_filter/lib/python3.8/site-packages:/home/coche/coche_ws/install/mouse_teleop/lib/python3.8/site-packages:/home/coche/coche_ws/install/key_teleop/lib/python3.8/site-packages:/opt/ros/foxy/lib/python3.8/site-packages /usr/bin/cmake --install /home/coche/coche_ws/build/vesc_driver
[8.583s] Level 1:colcon.colcon_core.environment:checking '/home/coche/coche_ws/install/vesc_driver' for CMake config files
[8.585s] Level 1:colcon.colcon_core.shell:create_environment_hook('vesc_driver', 'cmake_prefix_path')
[8.588s] INFO:colcon.colcon_core.shell:Creating environment hook '/home/coche/coche_ws/install/vesc_driver/share/vesc_driver/hook/cmake_prefix_path.ps1'
[8.591s] INFO:colcon.colcon_core.shell:Creating environment descriptor '/home/coche/coche_ws/install/vesc_driver/share/vesc_driver/hook/cmake_prefix_path.dsv'
[8.593s] INFO:colcon.colcon_core.shell:Creating environment hook '/home/coche/coche_ws/install/vesc_driver/share/vesc_driver/hook/cmake_prefix_path.sh'
[8.597s] Level 1:colcon.colcon_core.environment:checking '/home/coche/coche_ws/install/vesc_driver/lib'
[8.598s] Level 1:colcon.colcon_core.shell:create_environment_hook('vesc_driver', 'ld_library_path_lib')
[8.599s] INFO:colcon.colcon_core.shell:Creating environment hook '/home/coche/coche_ws/install/vesc_driver/share/vesc_driver/hook/ld_library_path_lib.ps1'
[8.601s] INFO:colcon.colcon_core.shell:Creating environment descriptor '/home/coche/coche_ws/install/vesc_driver/share/vesc_driver/hook/ld_library_path_lib.dsv'
[8.602s] INFO:colcon.colcon_core.shell:Creating environment hook '/home/coche/coche_ws/install/vesc_driver/share/vesc_driver/hook/ld_library_path_lib.sh'
[8.604s] Level 1:colcon.colcon_core.environment:checking '/home/coche/coche_ws/install/vesc_driver/bin'
[8.604s] Level 1:colcon.colcon_core.environment:checking '/home/coche/coche_ws/install/vesc_driver/lib/pkgconfig/vesc_driver.pc'
[8.606s] Level 1:colcon.colcon_core.environment:checking '/home/coche/coche_ws/install/vesc_driver/lib/python3.8/site-packages'
[8.606s] Level 1:colcon.colcon_core.environment:checking '/home/coche/coche_ws/install/vesc_driver/bin'
[8.608s] INFO:colcon.colcon_core.shell:Creating package script '/home/coche/coche_ws/install/vesc_driver/share/vesc_driver/package.ps1'
[8.610s] INFO:colcon.colcon_core.shell:Creating package descriptor '/home/coche/coche_ws/install/vesc_driver/share/vesc_driver/package.dsv'
[8.612s] INFO:colcon.colcon_core.shell:Creating package script '/home/coche/coche_ws/install/vesc_driver/share/vesc_driver/package.sh'
[8.614s] INFO:colcon.colcon_core.shell:Creating package script '/home/coche/coche_ws/install/vesc_driver/share/vesc_driver/package.bash'
[8.617s] INFO:colcon.colcon_core.shell:Creating package script '/home/coche/coche_ws/install/vesc_driver/share/vesc_driver/package.zsh'
[8.620s] Level 1:colcon.colcon_core.environment:create_file_with_runtime_dependencies(/home/coche/coche_ws/install/vesc_driver/share/colcon-core/packages/vesc_driver)
[8.646s] Level 1:colcon.colcon_core.environment:create_environment_scripts_only(vesc_ackermann)
[8.648s] Level 1:colcon.colcon_core.environment:checking '/home/coche/coche_ws/install/vesc_ackermann' for CMake module files
[8.653s] Level 1:colcon.colcon_core.environment:checking '/home/coche/coche_ws/install/vesc_ackermann' for CMake config files
[8.654s] Level 1:colcon.colcon_core.shell:create_environment_hook('vesc_ackermann', 'cmake_prefix_path')
[8.656s] INFO:colcon.colcon_core.shell:Creating environment hook '/home/coche/coche_ws/install/vesc_ackermann/share/vesc_ackermann/hook/cmake_prefix_path.ps1'
[8.660s] INFO:colcon.colcon_core.shell:Creating environment descriptor '/home/coche/coche_ws/install/vesc_ackermann/share/vesc_ackermann/hook/cmake_prefix_path.dsv'
[8.661s] INFO:colcon.colcon_core.shell:Creating environment hook '/home/coche/coche_ws/install/vesc_ackermann/share/vesc_ackermann/hook/cmake_prefix_path.sh'
[8.666s] Level 1:colcon.colcon_core.environment:checking '/home/coche/coche_ws/install/vesc_ackermann/lib'
[8.667s] Level 1:colcon.colcon_core.shell:create_environment_hook('vesc_ackermann', 'ld_library_path_lib')
[8.668s] INFO:colcon.colcon_core.shell:Creating environment hook '/home/coche/coche_ws/install/vesc_ackermann/share/vesc_ackermann/hook/ld_library_path_lib.ps1'
[8.670s] INFO:colcon.colcon_core.shell:Creating environment descriptor '/home/coche/coche_ws/install/vesc_ackermann/share/vesc_ackermann/hook/ld_library_path_lib.dsv'
[8.671s] INFO:colcon.colcon_core.shell:Creating environment hook '/home/coche/coche_ws/install/vesc_ackermann/share/vesc_ackermann/hook/ld_library_path_lib.sh'
[8.673s] Level 1:colcon.colcon_core.environment:checking '/home/coche/coche_ws/install/vesc_ackermann/bin'
[8.673s] Level 1:colcon.colcon_core.environment:checking '/home/coche/coche_ws/install/vesc_ackermann/lib/pkgconfig/vesc_ackermann.pc'
[8.675s] Level 1:colcon.colcon_core.environment:checking '/home/coche/coche_ws/install/vesc_ackermann/lib/python3.8/site-packages'
[8.676s] Level 1:colcon.colcon_core.environment:checking '/home/coche/coche_ws/install/vesc_ackermann/bin'
[8.677s] INFO:colcon.colcon_core.shell:Creating package script '/home/coche/coche_ws/install/vesc_ackermann/share/vesc_ackermann/package.ps1'
[8.680s] INFO:colcon.colcon_core.shell:Creating package descriptor '/home/coche/coche_ws/install/vesc_ackermann/share/vesc_ackermann/package.dsv'
[8.682s] INFO:colcon.colcon_core.shell:Creating package script '/home/coche/coche_ws/install/vesc_ackermann/share/vesc_ackermann/package.sh'
[8.684s] INFO:colcon.colcon_core.shell:Creating package script '/home/coche/coche_ws/install/vesc_ackermann/share/vesc_ackermann/package.bash'
[8.692s] INFO:colcon.colcon_core.shell:Creating package script '/home/coche/coche_ws/install/vesc_ackermann/share/vesc_ackermann/package.zsh'
[8.694s] Level 1:colcon.colcon_core.environment:create_file_with_runtime_dependencies(/home/coche/coche_ws/install/vesc_ackermann/share/colcon-core/packages/vesc_ackermann)
[8.696s] INFO:colcon.colcon_ros.task.ament_python.build:Building ROS package in '/home/coche/coche_ws/src/f1tenth_system/particle filter' with build type 'ament_python'
[8.697s] Level 1:colcon.colcon_core.shell:create_environment_hook('particle_filter', 'ament_prefix_path')
[8.698s] INFO:colcon.colcon_core.shell:Creating environment hook '/home/coche/coche_ws/install/particle_filter/share/particle_filter/hook/ament_prefix_path.ps1'
[8.703s] INFO:colcon.colcon_core.shell:Creating environment descriptor '/home/coche/coche_ws/install/particle_filter/share/particle_filter/hook/ament_prefix_path.dsv'
[8.705s] INFO:colcon.colcon_core.shell:Creating environment hook '/home/coche/coche_ws/install/particle_filter/share/particle_filter/hook/ament_prefix_path.sh'
[8.707s] INFO:colcon.colcon_core.shell:Skip shell extension 'powershell' for command environment: Not usable outside of PowerShell
[8.708s] DEBUG:colcon.colcon_core.shell:Skip shell extension 'dsv' for command environment
[9.742s] INFO:colcon.colcon_core.task.python.build:Building Python package in '/home/coche/coche_ws/src/f1tenth_system/particle filter'
[9.746s] INFO:colcon.colcon_core.shell:Skip shell extension 'powershell' for command environment: Not usable outside of PowerShell
[9.746s] DEBUG:colcon.colcon_core.shell:Skip shell extension 'dsv' for command environment
[9.784s] Level 1:colcon.colcon_core.environment:checking '/home/coche/coche_ws/install/mouse_teleop' for CMake module files
[9.789s] DEBUG:colcon.colcon_core.event_handler.log_command:Invoked command in '/home/coche/coche_ws/src/f1tenth_system/teleop_tools/mouse_teleop' returned '0': PYTHONPATH=/home/coche/coche_ws/build/mouse_teleop/prefix_override:/usr/lib/python3/dist-packages/colcon_core/task/python/colcon_distutils_commands:/home/coche/coche_ws/install/mouse_teleop/lib/python3.8/site-packages:${PYTHONPATH} /usr/bin/python3 -W ignore:setup.py install is deprecated setup.py egg_info --egg-base ../../../../build/mouse_teleop build --build-base /home/coche/coche_ws/build/mouse_teleop/build install --record /home/coche/coche_ws/build/mouse_teleop/install.log --install-scripts $base/lib/mouse_teleop --single-version-externally-managed install_data
[9.790s] Level 1:colcon.colcon_core.environment:checking '/home/coche/coche_ws/install/mouse_teleop' for CMake config files
[9.793s] Level 1:colcon.colcon_core.environment:checking '/home/coche/coche_ws/install/mouse_teleop/lib'
[9.794s] Level 1:colcon.colcon_core.environment:checking '/home/coche/coche_ws/install/mouse_teleop/bin'
[9.794s] Level 1:colcon.colcon_core.environment:checking '/home/coche/coche_ws/install/mouse_teleop/lib/pkgconfig/mouse_teleop.pc'
[9.795s] Level 1:colcon.colcon_core.environment:checking '/home/coche/coche_ws/install/mouse_teleop/lib/python3.8/site-packages'
[9.795s] Level 1:colcon.colcon_core.shell:create_environment_hook('mouse_teleop', 'pythonpath')
[9.797s] INFO:colcon.colcon_core.shell:Creating environment hook '/home/coche/coche_ws/install/mouse_teleop/share/mouse_teleop/hook/pythonpath.ps1'
[9.799s] INFO:colcon.colcon_core.shell:Creating environment descriptor '/home/coche/coche_ws/install/mouse_teleop/share/mouse_teleop/hook/pythonpath.dsv'
[9.801s] INFO:colcon.colcon_core.shell:Creating environment hook '/home/coche/coche_ws/install/mouse_teleop/share/mouse_teleop/hook/pythonpath.sh'
[9.802s] Level 1:colcon.colcon_core.environment:checking '/home/coche/coche_ws/install/mouse_teleop/bin'
[9.803s] Level 1:colcon.colcon_core.environment:create_environment_scripts_only(mouse_teleop)
[9.804s] INFO:colcon.colcon_core.shell:Creating package script '/home/coche/coche_ws/install/mouse_teleop/share/mouse_teleop/package.ps1'
[9.806s] INFO:colcon.colcon_core.shell:Creating package descriptor '/home/coche/coche_ws/install/mouse_teleop/share/mouse_teleop/package.dsv'
[9.808s] INFO:colcon.colcon_core.shell:Creating package script '/home/coche/coche_ws/install/mouse_teleop/share/mouse_teleop/package.sh'
[9.809s] INFO:colcon.colcon_core.shell:Creating package script '/home/coche/coche_ws/install/mouse_teleop/share/mouse_teleop/package.bash'
[9.811s] INFO:colcon.colcon_core.shell:Creating package script '/home/coche/coche_ws/install/mouse_teleop/share/mouse_teleop/package.zsh'
[9.812s] Level 1:colcon.colcon_core.environment:create_file_with_runtime_dependencies(/home/coche/coche_ws/install/mouse_teleop/share/colcon-core/packages/mouse_teleop)
[9.814s] Level 1:colcon.colcon_core.environment:create_environment_scripts_only(vesc_driver)
[9.815s] Level 1:colcon.colcon_core.environment:checking '/home/coche/coche_ws/install/vesc_driver' for CMake module files
[9.819s] Level 1:colcon.colcon_core.environment:checking '/home/coche/coche_ws/install/vesc_driver' for CMake config files
[9.821s] Level 1:colcon.colcon_core.shell:create_environment_hook('vesc_driver', 'cmake_prefix_path')
[9.822s] INFO:colcon.colcon_core.shell:Creating environment hook '/home/coche/coche_ws/install/vesc_driver/share/vesc_driver/hook/cmake_prefix_path.ps1'
[9.823s] INFO:colcon.colcon_core.shell:Creating environment descriptor '/home/coche/coche_ws/install/vesc_driver/share/vesc_driver/hook/cmake_prefix_path.dsv'
[9.825s] INFO:colcon.colcon_core.shell:Creating environment hook '/home/coche/coche_ws/install/vesc_driver/share/vesc_driver/hook/cmake_prefix_path.sh'
[9.827s] Level 1:colcon.colcon_core.environment:checking '/home/coche/coche_ws/install/vesc_driver/lib'
[9.827s] Level 1:colcon.colcon_core.shell:create_environment_hook('vesc_driver', 'ld_library_path_lib')
[9.828s] INFO:colcon.colcon_core.shell:Creating environment hook '/home/coche/coche_ws/install/vesc_driver/share/vesc_driver/hook/ld_library_path_lib.ps1'
[9.829s] INFO:colcon.colcon_core.shell:Creating environment descriptor '/home/coche/coche_ws/install/vesc_driver/share/vesc_driver/hook/ld_library_path_lib.dsv'
[9.832s] INFO:colcon.colcon_core.shell:Creating environment hook '/home/coche/coche_ws/install/vesc_driver/share/vesc_driver/hook/ld_library_path_lib.sh'
[9.834s] Level 1:colcon.colcon_core.environment:checking '/home/coche/coche_ws/install/vesc_driver/bin'
[9.834s] Level 1:colcon.colcon_core.environment:checking '/home/coche/coche_ws/install/vesc_driver/lib/pkgconfig/vesc_driver.pc'
[9.834s] Level 1:colcon.colcon_core.environment:checking '/home/coche/coche_ws/install/vesc_driver/lib/python3.8/site-packages'
[9.835s] Level 1:colcon.colcon_core.environment:checking '/home/coche/coche_ws/install/vesc_driver/bin'
[9.836s] INFO:colcon.colcon_core.shell:Creating package script '/home/coche/coche_ws/install/vesc_driver/share/vesc_driver/package.ps1'
[9.839s] INFO:colcon.colcon_core.shell:Creating package descriptor '/home/coche/coche_ws/install/vesc_driver/share/vesc_driver/package.dsv'
[9.841s] INFO:colcon.colcon_core.shell:Creating package script '/home/coche/coche_ws/install/vesc_driver/share/vesc_driver/package.sh'
[9.843s] INFO:colcon.colcon_core.shell:Creating package script '/home/coche/coche_ws/install/vesc_driver/share/vesc_driver/package.bash'
[9.845s] INFO:colcon.colcon_core.shell:Creating package script '/home/coche/coche_ws/install/vesc_driver/share/vesc_driver/package.zsh'
[9.847s] Level 1:colcon.colcon_core.environment:create_file_with_runtime_dependencies(/home/coche/coche_ws/install/vesc_driver/share/colcon-core/packages/vesc_driver)
[9.870s] INFO:colcon.colcon_ros.task.ament_cmake.build:Building ROS package in '/home/coche/coche_ws/src/f1tenth_system/vesc/vesc' with build type 'ament_cmake'
[9.871s] INFO:colcon.colcon_cmake.task.cmake.build:Building CMake package in '/home/coche/coche_ws/src/f1tenth_system/vesc/vesc'
[9.875s] INFO:colcon.colcon_core.shell:Skip shell extension 'powershell' for command environment: Not usable outside of PowerShell
[9.875s] DEBUG:colcon.colcon_core.shell:Skip shell extension 'dsv' for command environment
[9.879s] DEBUG:colcon.colcon_core.event_handler.log_command:Invoking command in '/home/coche/coche_ws/src/f1tenth_system/teleop_tools/joy_teleop': CMAKE_PREFIX_PATH=/home/coche/coche_ws/install/teleop_tools_msgs:/home/coche/coche_ws/install/vesc:/home/coche/coche_ws/install/vesc_driver:/home/coche/coche_ws/install/vesc_ackermann:/home/coche/coche_ws/install/vesc_msgs:/home/coche/coche_ws/install/teleop_tools:/home/coche/coche_ws/install/ackermann_mux LD_LIBRARY_PATH=/home/coche/coche_ws/install/teleop_tools_msgs/lib:/home/coche/coche_ws/install/vesc_driver/lib:/home/coche/coche_ws/install/vesc_ackermann/lib:/home/coche/coche_ws/install/vesc_msgs/lib:/opt/ros/foxy/opt/yaml_cpp_vendor/lib:/opt/ros/foxy/opt/rviz_ogre_vendor/lib:/opt/ros/foxy/lib/aarch64-linux-gnu:/opt/ros/foxy/lib PYTHONPATH=/home/coche/coche_ws/build/joy_teleop/prefix_override:/usr/lib/python3/dist-packages/colcon_core/task/python/colcon_distutils_commands:/home/coche/coche_ws/install/joy_teleop/lib/python3.8/site-packages:/home/coche/coche_ws/install/teleop_tools_msgs/lib/python3.8/site-packages:/home/coche/coche_ws/install/f1tenth_stack/lib/python3.8/site-packages:/home/coche/coche_ws/install/vesc_msgs/lib/python3.8/site-packages:/home/coche/coche_ws/install/joy_teleop/lib/python3.8/site-packages:/home/coche/coche_ws/install/particle_filter/lib/python3.8/site-packages:/home/coche/coche_ws/install/mouse_teleop/lib/python3.8/site-packages:/home/coche/coche_ws/install/key_teleop/lib/python3.8/site-packages:/opt/ros/foxy/lib/python3.8/site-packages /usr/bin/python3 -W ignore:setup.py install is deprecated setup.py egg_info --egg-base ../../../../build/joy_teleop build --build-base /home/coche/coche_ws/build/joy_teleop/build install --record /home/coche/coche_ws/build/joy_teleop/install.log --install-scripts $base/lib/joy_teleop --single-version-externally-managed install_data
[9.998s] DEBUG:colcon.colcon_core.event_handler.log_command:Invoking command in '/home/coche/coche_ws/build/vesc': CMAKE_PREFIX_PATH=/home/coche/coche_ws/install/vesc_driver:/home/coche/coche_ws/install/vesc_ackermann:/home/coche/coche_ws/install/vesc_msgs:/home/coche/coche_ws/install/vesc:/home/coche/coche_ws/install/teleop_tools:/home/coche/coche_ws/install/teleop_tools_msgs:/home/coche/coche_ws/install/ackermann_mux:/home/coche/coche_ws/install/f1tenth_stack:/home/coche/coche_ws/install/joy_teleop:/home/coche/coche_ws/install/particle_filter:/home/coche/coche_ws/install/mouse_teleop:/home/coche/coche_ws/install/key_teleop:/opt/ros/foxy PYTHONPATH=/home/coche/coche_ws/install/vesc_msgs/lib/python3.8/site-packages:/home/coche/coche_ws/install/f1tenth_stack/lib/python3.8/site-packages:/home/coche/coche_ws/install/joy_teleop/lib/python3.8/site-packages:/home/coche/coche_ws/install/teleop_tools_msgs/lib/python3.8/site-packages:/home/coche/coche_ws/install/particle_filter/lib/python3.8/site-packages:/home/coche/coche_ws/install/mouse_teleop/lib/python3.8/site-packages:/home/coche/coche_ws/install/key_teleop/lib/python3.8/site-packages:/opt/ros/foxy/lib/python3.8/site-packages /usr/bin/cmake --build /home/coche/coche_ws/build/vesc -- -j4 -l4
[10.201s] DEBUG:colcon.colcon_core.event_handler.log_command:Invoked command in '/home/coche/coche_ws/build/vesc' returned '0': CMAKE_PREFIX_PATH=/home/coche/coche_ws/install/vesc_driver:/home/coche/coche_ws/install/vesc_ackermann:/home/coche/coche_ws/install/vesc_msgs:/home/coche/coche_ws/install/vesc:/home/coche/coche_ws/install/teleop_tools:/home/coche/coche_ws/install/teleop_tools_msgs:/home/coche/coche_ws/install/ackermann_mux:/home/coche/coche_ws/install/f1tenth_stack:/home/coche/coche_ws/install/joy_teleop:/home/coche/coche_ws/install/particle_filter:/home/coche/coche_ws/install/mouse_teleop:/home/coche/coche_ws/install/key_teleop:/opt/ros/foxy PYTHONPATH=/home/coche/coche_ws/install/vesc_msgs/lib/python3.8/site-packages:/home/coche/coche_ws/install/f1tenth_stack/lib/python3.8/site-packages:/home/coche/coche_ws/install/joy_teleop/lib/python3.8/site-packages:/home/coche/coche_ws/install/teleop_tools_msgs/lib/python3.8/site-packages:/home/coche/coche_ws/install/particle_filter/lib/python3.8/site-packages:/home/coche/coche_ws/install/mouse_teleop/lib/python3.8/site-packages:/home/coche/coche_ws/install/key_teleop/lib/python3.8/site-packages:/opt/ros/foxy/lib/python3.8/site-packages /usr/bin/cmake --build /home/coche/coche_ws/build/vesc -- -j4 -l4
[10.332s] DEBUG:colcon.colcon_core.event_handler.log_command:Invoking command in '/home/coche/coche_ws/build/vesc': CMAKE_PREFIX_PATH=/home/coche/coche_ws/install/vesc_driver:/home/coche/coche_ws/install/vesc_ackermann:/home/coche/coche_ws/install/vesc_msgs:/home/coche/coche_ws/install/vesc:/home/coche/coche_ws/install/teleop_tools:/home/coche/coche_ws/install/teleop_tools_msgs:/home/coche/coche_ws/install/ackermann_mux:/home/coche/coche_ws/install/f1tenth_stack:/home/coche/coche_ws/install/joy_teleop:/home/coche/coche_ws/install/particle_filter:/home/coche/coche_ws/install/mouse_teleop:/home/coche/coche_ws/install/key_teleop:/opt/ros/foxy PYTHONPATH=/home/coche/coche_ws/install/vesc_msgs/lib/python3.8/site-packages:/home/coche/coche_ws/install/f1tenth_stack/lib/python3.8/site-packages:/home/coche/coche_ws/install/joy_teleop/lib/python3.8/site-packages:/home/coche/coche_ws/install/teleop_tools_msgs/lib/python3.8/site-packages:/home/coche/coche_ws/install/particle_filter/lib/python3.8/site-packages:/home/coche/coche_ws/install/mouse_teleop/lib/python3.8/site-packages:/home/coche/coche_ws/install/key_teleop/lib/python3.8/site-packages:/opt/ros/foxy/lib/python3.8/site-packages /usr/bin/cmake --install /home/coche/coche_ws/build/vesc
[10.391s] Level 1:colcon.colcon_core.environment:create_environment_scripts_only(vesc)
[10.394s] Level 1:colcon.colcon_core.environment:checking '/home/coche/coche_ws/install/vesc' for CMake module files
[10.396s] DEBUG:colcon.colcon_core.event_handler.log_command:Invoked command in '/home/coche/coche_ws/build/vesc' returned '0': CMAKE_PREFIX_PATH=/home/coche/coche_ws/install/vesc_driver:/home/coche/coche_ws/install/vesc_ackermann:/home/coche/coche_ws/install/vesc_msgs:/home/coche/coche_ws/install/vesc:/home/coche/coche_ws/install/teleop_tools:/home/coche/coche_ws/install/teleop_tools_msgs:/home/coche/coche_ws/install/ackermann_mux:/home/coche/coche_ws/install/f1tenth_stack:/home/coche/coche_ws/install/joy_teleop:/home/coche/coche_ws/install/particle_filter:/home/coche/coche_ws/install/mouse_teleop:/home/coche/coche_ws/install/key_teleop:/opt/ros/foxy PYTHONPATH=/home/coche/coche_ws/install/vesc_msgs/lib/python3.8/site-packages:/home/coche/coche_ws/install/f1tenth_stack/lib/python3.8/site-packages:/home/coche/coche_ws/install/joy_teleop/lib/python3.8/site-packages:/home/coche/coche_ws/install/teleop_tools_msgs/lib/python3.8/site-packages:/home/coche/coche_ws/install/particle_filter/lib/python3.8/site-packages:/home/coche/coche_ws/install/mouse_teleop/lib/python3.8/site-packages:/home/coche/coche_ws/install/key_teleop/lib/python3.8/site-packages:/opt/ros/foxy/lib/python3.8/site-packages /usr/bin/cmake --install /home/coche/coche_ws/build/vesc
[10.398s] Level 1:colcon.colcon_core.environment:checking '/home/coche/coche_ws/install/vesc' for CMake config files
[10.400s] Level 1:colcon.colcon_core.shell:create_environment_hook('vesc', 'cmake_prefix_path')
[10.401s] INFO:colcon.colcon_core.shell:Creating environment hook '/home/coche/coche_ws/install/vesc/share/vesc/hook/cmake_prefix_path.ps1'
[10.404s] INFO:colcon.colcon_core.shell:Creating environment descriptor '/home/coche/coche_ws/install/vesc/share/vesc/hook/cmake_prefix_path.dsv'
[10.406s] INFO:colcon.colcon_core.shell:Creating environment hook '/home/coche/coche_ws/install/vesc/share/vesc/hook/cmake_prefix_path.sh'
[10.409s] Level 1:colcon.colcon_core.environment:checking '/home/coche/coche_ws/install/vesc/bin'
[10.409s] Level 1:colcon.colcon_core.environment:checking '/home/coche/coche_ws/install/vesc/lib/pkgconfig/vesc.pc'
[10.411s] Level 1:colcon.colcon_core.environment:checking '/home/coche/coche_ws/install/vesc/lib/python3.8/site-packages'
[10.412s] Level 1:colcon.colcon_core.environment:checking '/home/coche/coche_ws/install/vesc/bin'
[10.413s] INFO:colcon.colcon_core.shell:Creating package script '/home/coche/coche_ws/install/vesc/share/vesc/package.ps1'
[10.415s] INFO:colcon.colcon_core.shell:Creating package descriptor '/home/coche/coche_ws/install/vesc/share/vesc/package.dsv'
[10.417s] INFO:colcon.colcon_core.shell:Creating package script '/home/coche/coche_ws/install/vesc/share/vesc/package.sh'
[10.419s] INFO:colcon.colcon_core.shell:Creating package script '/home/coche/coche_ws/install/vesc/share/vesc/package.bash'
[10.420s] INFO:colcon.colcon_core.shell:Creating package script '/home/coche/coche_ws/install/vesc/share/vesc/package.zsh'
[10.422s] Level 1:colcon.colcon_core.environment:create_file_with_runtime_dependencies(/home/coche/coche_ws/install/vesc/share/colcon-core/packages/vesc)
[10.538s] Level 1:colcon.colcon_core.environment:create_environment_scripts_only(vesc)
[10.541s] Level 1:colcon.colcon_core.environment:checking '/home/coche/coche_ws/install/vesc' for CMake module files
[10.544s] Level 1:colcon.colcon_core.environment:checking '/home/coche/coche_ws/install/vesc' for CMake config files
[10.546s] Level 1:colcon.colcon_core.shell:create_environment_hook('vesc', 'cmake_prefix_path')
[10.547s] INFO:colcon.colcon_core.shell:Creating environment hook '/home/coche/coche_ws/install/vesc/share/vesc/hook/cmake_prefix_path.ps1'
[10.550s] INFO:colcon.colcon_core.shell:Creating environment descriptor '/home/coche/coche_ws/install/vesc/share/vesc/hook/cmake_prefix_path.dsv'
[10.551s] INFO:colcon.colcon_core.shell:Creating environment hook '/home/coche/coche_ws/install/vesc/share/vesc/hook/cmake_prefix_path.sh'
[10.555s] Level 1:colcon.colcon_core.environment:checking '/home/coche/coche_ws/install/vesc/bin'
[10.555s] Level 1:colcon.colcon_core.environment:checking '/home/coche/coche_ws/install/vesc/lib/pkgconfig/vesc.pc'
[10.557s] Level 1:colcon.colcon_core.environment:checking '/home/coche/coche_ws/install/vesc/lib/python3.8/site-packages'
[10.557s] Level 1:colcon.colcon_core.environment:checking '/home/coche/coche_ws/install/vesc/bin'
[10.559s] INFO:colcon.colcon_core.shell:Creating package script '/home/coche/coche_ws/install/vesc/share/vesc/package.ps1'
[10.563s] INFO:colcon.colcon_core.shell:Creating package descriptor '/home/coche/coche_ws/install/vesc/share/vesc/package.dsv'
[10.565s] INFO:colcon.colcon_core.shell:Creating package script '/home/coche/coche_ws/install/vesc/share/vesc/package.sh'
[10.567s] INFO:colcon.colcon_core.shell:Creating package script '/home/coche/coche_ws/install/vesc/share/vesc/package.bash'
[10.568s] INFO:colcon.colcon_core.shell:Creating package script '/home/coche/coche_ws/install/vesc/share/vesc/package.zsh'
[10.571s] Level 1:colcon.colcon_core.environment:create_file_with_runtime_dependencies(/home/coche/coche_ws/install/vesc/share/colcon-core/packages/vesc)
[11.181s] Level 1:colcon.colcon_core.environment:checking '/home/coche/coche_ws/install/joy_teleop' for CMake module files
[11.184s] DEBUG:colcon.colcon_core.event_handler.log_command:Invoked command in '/home/coche/coche_ws/src/f1tenth_system/teleop_tools/joy_teleop' returned '0': CMAKE_PREFIX_PATH=/home/coche/coche_ws/install/teleop_tools_msgs:/home/coche/coche_ws/install/vesc:/home/coche/coche_ws/install/vesc_driver:/home/coche/coche_ws/install/vesc_ackermann:/home/coche/coche_ws/install/vesc_msgs:/home/coche/coche_ws/install/teleop_tools:/home/coche/coche_ws/install/ackermann_mux LD_LIBRARY_PATH=/home/coche/coche_ws/install/teleop_tools_msgs/lib:/home/coche/coche_ws/install/vesc_driver/lib:/home/coche/coche_ws/install/vesc_ackermann/lib:/home/coche/coche_ws/install/vesc_msgs/lib:/opt/ros/foxy/opt/yaml_cpp_vendor/lib:/opt/ros/foxy/opt/rviz_ogre_vendor/lib:/opt/ros/foxy/lib/aarch64-linux-gnu:/opt/ros/foxy/lib PYTHONPATH=/home/coche/coche_ws/build/joy_teleop/prefix_override:/usr/lib/python3/dist-packages/colcon_core/task/python/colcon_distutils_commands:/home/coche/coche_ws/install/joy_teleop/lib/python3.8/site-packages:/home/coche/coche_ws/install/teleop_tools_msgs/lib/python3.8/site-packages:/home/coche/coche_ws/install/f1tenth_stack/lib/python3.8/site-packages:/home/coche/coche_ws/install/vesc_msgs/lib/python3.8/site-packages:/home/coche/coche_ws/install/joy_teleop/lib/python3.8/site-packages:/home/coche/coche_ws/install/particle_filter/lib/python3.8/site-packages:/home/coche/coche_ws/install/mouse_teleop/lib/python3.8/site-packages:/home/coche/coche_ws/install/key_teleop/lib/python3.8/site-packages:/opt/ros/foxy/lib/python3.8/site-packages /usr/bin/python3 -W ignore:setup.py install is deprecated setup.py egg_info --egg-base ../../../../build/joy_teleop build --build-base /home/coche/coche_ws/build/joy_teleop/build install --record /home/coche/coche_ws/build/joy_teleop/install.log --install-scripts $base/lib/joy_teleop --single-version-externally-managed install_data
[11.185s] Level 1:colcon.colcon_core.environment:checking '/home/coche/coche_ws/install/joy_teleop' for CMake config files
[11.188s] Level 1:colcon.colcon_core.environment:checking '/home/coche/coche_ws/install/joy_teleop/lib'
[11.188s] Level 1:colcon.colcon_core.environment:checking '/home/coche/coche_ws/install/joy_teleop/bin'
[11.189s] Level 1:colcon.colcon_core.environment:checking '/home/coche/coche_ws/install/joy_teleop/lib/pkgconfig/joy_teleop.pc'
[11.189s] Level 1:colcon.colcon_core.environment:checking '/home/coche/coche_ws/install/joy_teleop/lib/python3.8/site-packages'
[11.190s] Level 1:colcon.colcon_core.shell:create_environment_hook('joy_teleop', 'pythonpath')
[11.190s] INFO:colcon.colcon_core.shell:Creating environment hook '/home/coche/coche_ws/install/joy_teleop/share/joy_teleop/hook/pythonpath.ps1'
[11.192s] INFO:colcon.colcon_core.shell:Creating environment descriptor '/home/coche/coche_ws/install/joy_teleop/share/joy_teleop/hook/pythonpath.dsv'
[11.194s] INFO:colcon.colcon_core.shell:Creating environment hook '/home/coche/coche_ws/install/joy_teleop/share/joy_teleop/hook/pythonpath.sh'
[11.195s] Level 1:colcon.colcon_core.environment:checking '/home/coche/coche_ws/install/joy_teleop/bin'
[11.196s] Level 1:colcon.colcon_core.environment:create_environment_scripts_only(joy_teleop)
[11.197s] INFO:colcon.colcon_core.shell:Creating package script '/home/coche/coche_ws/install/joy_teleop/share/joy_teleop/package.ps1'
[11.199s] INFO:colcon.colcon_core.shell:Creating package descriptor '/home/coche/coche_ws/install/joy_teleop/share/joy_teleop/package.dsv'
[11.201s] INFO:colcon.colcon_core.shell:Creating package script '/home/coche/coche_ws/install/joy_teleop/share/joy_teleop/package.sh'
[11.202s] INFO:colcon.colcon_core.shell:Creating package script '/home/coche/coche_ws/install/joy_teleop/share/joy_teleop/package.bash'
[11.204s] INFO:colcon.colcon_core.shell:Creating package script '/home/coche/coche_ws/install/joy_teleop/share/joy_teleop/package.zsh'
[11.205s] Level 1:colcon.colcon_core.environment:create_file_with_runtime_dependencies(/home/coche/coche_ws/install/joy_teleop/share/colcon-core/packages/joy_teleop)
[11.207s] INFO:colcon.colcon_ros.task.ament_cmake.build:Building ROS package in '/home/coche/coche_ws/src/f1tenth_system/teleop_tools/teleop_tools' with build type 'ament_cmake'
[11.208s] INFO:colcon.colcon_cmake.task.cmake.build:Building CMake package in '/home/coche/coche_ws/src/f1tenth_system/teleop_tools/teleop_tools'
[11.209s] INFO:colcon.colcon_core.shell:Skip shell extension 'powershell' for command environment: Not usable outside of PowerShell
[11.209s] DEBUG:colcon.colcon_core.shell:Skip shell extension 'dsv' for command environment
[11.252s] INFO:colcon.colcon_ros.task.ament_python.build:Building ROS package in '/home/coche/coche_ws/src/f1tenth_system/f1tenth_stack' with build type 'ament_python'
[11.255s] Level 1:colcon.colcon_core.shell:create_environment_hook('f1tenth_stack', 'ament_prefix_path')
[11.258s] INFO:colcon.colcon_core.shell:Creating environment hook '/home/coche/coche_ws/install/f1tenth_stack/share/f1tenth_stack/hook/ament_prefix_path.ps1'
[11.263s] INFO:colcon.colcon_core.shell:Creating environment descriptor '/home/coche/coche_ws/install/f1tenth_stack/share/f1tenth_stack/hook/ament_prefix_path.dsv'
[11.265s] INFO:colcon.colcon_core.shell:Creating environment hook '/home/coche/coche_ws/install/f1tenth_stack/share/f1tenth_stack/hook/ament_prefix_path.sh'
[11.268s] INFO:colcon.colcon_core.shell:Skip shell extension 'powershell' for command environment: Not usable outside of PowerShell
[11.268s] DEBUG:colcon.colcon_core.shell:Skip shell extension 'dsv' for command environment
[11.333s] DEBUG:colcon.colcon_core.event_handler.log_command:Invoking command in '/home/coche/coche_ws/build/teleop_tools': AMENT_PREFIX_PATH=/home/coche/coche_ws/install/joy_teleop:/home/coche/coche_ws/install/key_teleop:/home/coche/coche_ws/install/f1tenth_stack:/home/coche/coche_ws/install/vesc:/home/coche/coche_ws/install/vesc_driver:/home/coche/coche_ws/install/vesc_ackermann:/home/coche/coche_ws/install/vesc_msgs:/home/coche/coche_ws/install/teleop_tools:/home/coche/coche_ws/install/teleop_tools_msgs:/home/coche/coche_ws/install/particle_filter:/home/coche/coche_ws/install/mouse_teleop:/home/coche/coche_ws/install/ackermann_mux:/opt/ros/foxy CMAKE_PREFIX_PATH=/home/coche/coche_ws/install/teleop_tools_msgs:/home/coche/coche_ws/install/vesc:/home/coche/coche_ws/install/vesc_driver:/home/coche/coche_ws/install/vesc_ackermann:/home/coche/coche_ws/install/vesc_msgs:/home/coche/coche_ws/install/teleop_tools:/home/coche/coche_ws/install/ackermann_mux:/home/coche/coche_ws/install/f1tenth_stack:/home/coche/coche_ws/install/joy_teleop:/home/coche/coche_ws/install/particle_filter:/home/coche/coche_ws/install/mouse_teleop:/home/coche/coche_ws/install/key_teleop:/opt/ros/foxy LD_LIBRARY_PATH=/home/coche/coche_ws/install/teleop_tools_msgs/lib:/home/coche/coche_ws/install/vesc_driver/lib:/home/coche/coche_ws/install/vesc_ackermann/lib:/home/coche/coche_ws/install/vesc_msgs/lib:/opt/ros/foxy/opt/yaml_cpp_vendor/lib:/opt/ros/foxy/opt/rviz_ogre_vendor/lib:/opt/ros/foxy/lib/aarch64-linux-gnu:/opt/ros/foxy/lib PYTHONPATH=/home/coche/coche_ws/install/joy_teleop/lib/python3.8/site-packages:/home/coche/coche_ws/install/teleop_tools_msgs/lib/python3.8/site-packages:/home/coche/coche_ws/install/key_teleop/lib/python3.8/site-packages:/home/coche/coche_ws/install/f1tenth_stack/lib/python3.8/site-packages:/home/coche/coche_ws/install/vesc_msgs/lib/python3.8/site-packages:/home/coche/coche_ws/install/particle_filter/lib/python3.8/site-packages:/home/coche/coche_ws/install/mouse_teleop/lib/python3.8/site-packages:/opt/ros/foxy/lib/python3.8/site-packages /usr/bin/cmake --build /home/coche/coche_ws/build/teleop_tools -- -j4 -l4
[12.302s] INFO:colcon.colcon_core.task.python.build:Building Python package in '/home/coche/coche_ws/src/f1tenth_system/f1tenth_stack'
[12.306s] INFO:colcon.colcon_core.shell:Skip shell extension 'powershell' for command environment: Not usable outside of PowerShell
[12.306s] DEBUG:colcon.colcon_core.shell:Skip shell extension 'dsv' for command environment
[12.346s] DEBUG:colcon.colcon_core.event_handler.log_command:Invoked command in '/home/coche/coche_ws/build/teleop_tools' returned '0': AMENT_PREFIX_PATH=/home/coche/coche_ws/install/joy_teleop:/home/coche/coche_ws/install/key_teleop:/home/coche/coche_ws/install/f1tenth_stack:/home/coche/coche_ws/install/vesc:/home/coche/coche_ws/install/vesc_driver:/home/coche/coche_ws/install/vesc_ackermann:/home/coche/coche_ws/install/vesc_msgs:/home/coche/coche_ws/install/teleop_tools:/home/coche/coche_ws/install/teleop_tools_msgs:/home/coche/coche_ws/install/particle_filter:/home/coche/coche_ws/install/mouse_teleop:/home/coche/coche_ws/install/ackermann_mux:/opt/ros/foxy CMAKE_PREFIX_PATH=/home/coche/coche_ws/install/teleop_tools_msgs:/home/coche/coche_ws/install/vesc:/home/coche/coche_ws/install/vesc_driver:/home/coche/coche_ws/install/vesc_ackermann:/home/coche/coche_ws/install/vesc_msgs:/home/coche/coche_ws/install/teleop_tools:/home/coche/coche_ws/install/ackermann_mux:/home/coche/coche_ws/install/f1tenth_stack:/home/coche/coche_ws/install/joy_teleop:/home/coche/coche_ws/install/particle_filter:/home/coche/coche_ws/install/mouse_teleop:/home/coche/coche_ws/install/key_teleop:/opt/ros/foxy LD_LIBRARY_PATH=/home/coche/coche_ws/install/teleop_tools_msgs/lib:/home/coche/coche_ws/install/vesc_driver/lib:/home/coche/coche_ws/install/vesc_ackermann/lib:/home/coche/coche_ws/install/vesc_msgs/lib:/opt/ros/foxy/opt/yaml_cpp_vendor/lib:/opt/ros/foxy/opt/rviz_ogre_vendor/lib:/opt/ros/foxy/lib/aarch64-linux-gnu:/opt/ros/foxy/lib PYTHONPATH=/home/coche/coche_ws/install/joy_teleop/lib/python3.8/site-packages:/home/coche/coche_ws/install/teleop_tools_msgs/lib/python3.8/site-packages:/home/coche/coche_ws/install/key_teleop/lib/python3.8/site-packages:/home/coche/coche_ws/install/f1tenth_stack/lib/python3.8/site-packages:/home/coche/coche_ws/install/vesc_msgs/lib/python3.8/site-packages:/home/coche/coche_ws/install/particle_filter/lib/python3.8/site-packages:/home/coche/coche_ws/install/mouse_teleop/lib/python3.8/site-packages:/opt/ros/foxy/lib/python3.8/site-packages /usr/bin/cmake --build /home/coche/coche_ws/build/teleop_tools -- -j4 -l4
[12.383s] DEBUG:colcon.colcon_core.event_handler.log_command:Invoking command in '/home/coche/coche_ws/src/f1tenth_system/particle filter': PYTHONPATH=/home/coche/coche_ws/build/particle_filter/prefix_override:/usr/lib/python3/dist-packages/colcon_core/task/python/colcon_distutils_commands:/home/coche/coche_ws/install/particle_filter/lib/python3.8/site-packages:${PYTHONPATH} /usr/bin/python3 -W ignore:setup.py install is deprecated setup.py egg_info --egg-base ../../../build/particle_filter build --build-base /home/coche/coche_ws/build/particle_filter/build install --record /home/coche/coche_ws/build/particle_filter/install.log --install-scripts $base/lib/particle_filter --single-version-externally-managed install_data
[12.487s] DEBUG:colcon.colcon_core.event_handler.log_command:Invoking command in '/home/coche/coche_ws/build/teleop_tools': AMENT_PREFIX_PATH=/home/coche/coche_ws/install/joy_teleop:/home/coche/coche_ws/install/key_teleop:/home/coche/coche_ws/install/f1tenth_stack:/home/coche/coche_ws/install/vesc:/home/coche/coche_ws/install/vesc_driver:/home/coche/coche_ws/install/vesc_ackermann:/home/coche/coche_ws/install/vesc_msgs:/home/coche/coche_ws/install/teleop_tools:/home/coche/coche_ws/install/teleop_tools_msgs:/home/coche/coche_ws/install/particle_filter:/home/coche/coche_ws/install/mouse_teleop:/home/coche/coche_ws/install/ackermann_mux:/opt/ros/foxy CMAKE_PREFIX_PATH=/home/coche/coche_ws/install/teleop_tools_msgs:/home/coche/coche_ws/install/vesc:/home/coche/coche_ws/install/vesc_driver:/home/coche/coche_ws/install/vesc_ackermann:/home/coche/coche_ws/install/vesc_msgs:/home/coche/coche_ws/install/teleop_tools:/home/coche/coche_ws/install/ackermann_mux:/home/coche/coche_ws/install/f1tenth_stack:/home/coche/coche_ws/install/joy_teleop:/home/coche/coche_ws/install/particle_filter:/home/coche/coche_ws/install/mouse_teleop:/home/coche/coche_ws/install/key_teleop:/opt/ros/foxy LD_LIBRARY_PATH=/home/coche/coche_ws/install/teleop_tools_msgs/lib:/home/coche/coche_ws/install/vesc_driver/lib:/home/coche/coche_ws/install/vesc_ackermann/lib:/home/coche/coche_ws/install/vesc_msgs/lib:/opt/ros/foxy/opt/yaml_cpp_vendor/lib:/opt/ros/foxy/opt/rviz_ogre_vendor/lib:/opt/ros/foxy/lib/aarch64-linux-gnu:/opt/ros/foxy/lib PYTHONPATH=/home/coche/coche_ws/install/joy_teleop/lib/python3.8/site-packages:/home/coche/coche_ws/install/teleop_tools_msgs/lib/python3.8/site-packages:/home/coche/coche_ws/install/key_teleop/lib/python3.8/site-packages:/home/coche/coche_ws/install/f1tenth_stack/lib/python3.8/site-packages:/home/coche/coche_ws/install/vesc_msgs/lib/python3.8/site-packages:/home/coche/coche_ws/install/particle_filter/lib/python3.8/site-packages:/home/coche/coche_ws/install/mouse_teleop/lib/python3.8/site-packages:/opt/ros/foxy/lib/python3.8/site-packages /usr/bin/cmake --install /home/coche/coche_ws/build/teleop_tools
[12.534s] Level 1:colcon.colcon_core.environment:create_environment_scripts_only(teleop_tools)
[12.537s] Level 1:colcon.colcon_core.environment:checking '/home/coche/coche_ws/install/teleop_tools' for CMake module files
[12.539s] Level 1:colcon.colcon_core.environment:checking '/home/coche/coche_ws/install/teleop_tools' for CMake config files
[12.541s] Level 1:colcon.colcon_core.shell:create_environment_hook('teleop_tools', 'cmake_prefix_path')
[12.543s] INFO:colcon.colcon_core.shell:Creating environment hook '/home/coche/coche_ws/install/teleop_tools/share/teleop_tools/hook/cmake_prefix_path.ps1'
[12.547s] DEBUG:colcon.colcon_core.event_handler.log_command:Invoked command in '/home/coche/coche_ws/build/teleop_tools' returned '0': AMENT_PREFIX_PATH=/home/coche/coche_ws/install/joy_teleop:/home/coche/coche_ws/install/key_teleop:/home/coche/coche_ws/install/f1tenth_stack:/home/coche/coche_ws/install/vesc:/home/coche/coche_ws/install/vesc_driver:/home/coche/coche_ws/install/vesc_ackermann:/home/coche/coche_ws/install/vesc_msgs:/home/coche/coche_ws/install/teleop_tools:/home/coche/coche_ws/install/teleop_tools_msgs:/home/coche/coche_ws/install/particle_filter:/home/coche/coche_ws/install/mouse_teleop:/home/coche/coche_ws/install/ackermann_mux:/opt/ros/foxy CMAKE_PREFIX_PATH=/home/coche/coche_ws/install/teleop_tools_msgs:/home/coche/coche_ws/install/vesc:/home/coche/coche_ws/install/vesc_driver:/home/coche/coche_ws/install/vesc_ackermann:/home/coche/coche_ws/install/vesc_msgs:/home/coche/coche_ws/install/teleop_tools:/home/coche/coche_ws/install/ackermann_mux:/home/coche/coche_ws/install/f1tenth_stack:/home/coche/coche_ws/install/joy_teleop:/home/coche/coche_ws/install/particle_filter:/home/coche/coche_ws/install/mouse_teleop:/home/coche/coche_ws/install/key_teleop:/opt/ros/foxy LD_LIBRARY_PATH=/home/coche/coche_ws/install/teleop_tools_msgs/lib:/home/coche/coche_ws/install/vesc_driver/lib:/home/coche/coche_ws/install/vesc_ackermann/lib:/home/coche/coche_ws/install/vesc_msgs/lib:/opt/ros/foxy/opt/yaml_cpp_vendor/lib:/opt/ros/foxy/opt/rviz_ogre_vendor/lib:/opt/ros/foxy/lib/aarch64-linux-gnu:/opt/ros/foxy/lib PYTHONPATH=/home/coche/coche_ws/install/joy_teleop/lib/python3.8/site-packages:/home/coche/coche_ws/install/teleop_tools_msgs/lib/python3.8/site-packages:/home/coche/coche_ws/install/key_teleop/lib/python3.8/site-packages:/home/coche/coche_ws/install/f1tenth_stack/lib/python3.8/site-packages:/home/coche/coche_ws/install/vesc_msgs/lib/python3.8/site-packages:/home/coche/coche_ws/install/particle_filter/lib/python3.8/site-packages:/home/coche/coche_ws/install/mouse_teleop/lib/python3.8/site-packages:/opt/ros/foxy/lib/python3.8/site-packages /usr/bin/cmake --install /home/coche/coche_ws/build/teleop_tools
[12.547s] INFO:colcon.colcon_core.shell:Creating environment descriptor '/home/coche/coche_ws/install/teleop_tools/share/teleop_tools/hook/cmake_prefix_path.dsv'
[12.550s] INFO:colcon.colcon_core.shell:Creating environment hook '/home/coche/coche_ws/install/teleop_tools/share/teleop_tools/hook/cmake_prefix_path.sh'
[12.552s] Level 1:colcon.colcon_core.environment:checking '/home/coche/coche_ws/install/teleop_tools/bin'
[12.553s] Level 1:colcon.colcon_core.environment:checking '/home/coche/coche_ws/install/teleop_tools/lib/pkgconfig/teleop_tools.pc'
[12.555s] Level 1:colcon.colcon_core.environment:checking '/home/coche/coche_ws/install/teleop_tools/lib/python3.8/site-packages'
[12.555s] Level 1:colcon.colcon_core.environment:checking '/home/coche/coche_ws/install/teleop_tools/bin'
[12.556s] INFO:colcon.colcon_core.shell:Creating package script '/home/coche/coche_ws/install/teleop_tools/share/teleop_tools/package.ps1'
[12.559s] INFO:colcon.colcon_core.shell:Creating package descriptor '/home/coche/coche_ws/install/teleop_tools/share/teleop_tools/package.dsv'
[12.561s] INFO:colcon.colcon_core.shell:Creating package script '/home/coche/coche_ws/install/teleop_tools/share/teleop_tools/package.sh'
[12.564s] INFO:colcon.colcon_core.shell:Creating package script '/home/coche/coche_ws/install/teleop_tools/share/teleop_tools/package.bash'
[12.566s] INFO:colcon.colcon_core.shell:Creating package script '/home/coche/coche_ws/install/teleop_tools/share/teleop_tools/package.zsh'
[12.568s] Level 1:colcon.colcon_core.environment:create_file_with_runtime_dependencies(/home/coche/coche_ws/install/teleop_tools/share/colcon-core/packages/teleop_tools)
[12.684s] Level 1:colcon.colcon_core.environment:create_environment_scripts_only(teleop_tools)
[12.686s] Level 1:colcon.colcon_core.environment:checking '/home/coche/coche_ws/install/teleop_tools' for CMake module files
[12.688s] Level 1:colcon.colcon_core.environment:checking '/home/coche/coche_ws/install/teleop_tools' for CMake config files
[12.690s] Level 1:colcon.colcon_core.shell:create_environment_hook('teleop_tools', 'cmake_prefix_path')
[12.691s] INFO:colcon.colcon_core.shell:Creating environment hook '/home/coche/coche_ws/install/teleop_tools/share/teleop_tools/hook/cmake_prefix_path.ps1'
[12.694s] INFO:colcon.colcon_core.shell:Creating environment descriptor '/home/coche/coche_ws/install/teleop_tools/share/teleop_tools/hook/cmake_prefix_path.dsv'
[12.696s] INFO:colcon.colcon_core.shell:Creating environment hook '/home/coche/coche_ws/install/teleop_tools/share/teleop_tools/hook/cmake_prefix_path.sh'
[12.700s] Level 1:colcon.colcon_core.environment:checking '/home/coche/coche_ws/install/teleop_tools/bin'
[12.700s] Level 1:colcon.colcon_core.environment:checking '/home/coche/coche_ws/install/teleop_tools/lib/pkgconfig/teleop_tools.pc'
[12.705s] Level 1:colcon.colcon_core.environment:checking '/home/coche/coche_ws/install/teleop_tools/lib/python3.8/site-packages'
[12.707s] Level 1:colcon.colcon_core.environment:checking '/home/coche/coche_ws/install/teleop_tools/bin'
[12.708s] INFO:colcon.colcon_core.shell:Creating package script '/home/coche/coche_ws/install/teleop_tools/share/teleop_tools/package.ps1'
[12.711s] INFO:colcon.colcon_core.shell:Creating package descriptor '/home/coche/coche_ws/install/teleop_tools/share/teleop_tools/package.dsv'
[12.714s] INFO:colcon.colcon_core.shell:Creating package script '/home/coche/coche_ws/install/teleop_tools/share/teleop_tools/package.sh'
[12.716s] INFO:colcon.colcon_core.shell:Creating package script '/home/coche/coche_ws/install/teleop_tools/share/teleop_tools/package.bash'
[12.718s] INFO:colcon.colcon_core.shell:Creating package script '/home/coche/coche_ws/install/teleop_tools/share/teleop_tools/package.zsh'
[12.720s] Level 1:colcon.colcon_core.environment:create_file_with_runtime_dependencies(/home/coche/coche_ws/install/teleop_tools/share/colcon-core/packages/teleop_tools)
[13.638s] Level 1:colcon.colcon_core.environment:checking '/home/coche/coche_ws/install/particle_filter' for CMake module files
[13.641s] Level 1:colcon.colcon_core.environment:checking '/home/coche/coche_ws/install/particle_filter' for CMake config files
[13.642s] DEBUG:colcon.colcon_core.event_handler.log_command:Invoked command in '/home/coche/coche_ws/src/f1tenth_system/particle filter' returned '0': PYTHONPATH=/home/coche/coche_ws/build/particle_filter/prefix_override:/usr/lib/python3/dist-packages/colcon_core/task/python/colcon_distutils_commands:/home/coche/coche_ws/install/particle_filter/lib/python3.8/site-packages:${PYTHONPATH} /usr/bin/python3 -W ignore:setup.py install is deprecated setup.py egg_info --egg-base ../../../build/particle_filter build --build-base /home/coche/coche_ws/build/particle_filter/build install --record /home/coche/coche_ws/build/particle_filter/install.log --install-scripts $base/lib/particle_filter --single-version-externally-managed install_data
[13.646s] Level 1:colcon.colcon_core.environment:checking '/home/coche/coche_ws/install/particle_filter/lib'
[13.646s] Level 1:colcon.colcon_core.environment:checking '/home/coche/coche_ws/install/particle_filter/bin'
[13.647s] Level 1:colcon.colcon_core.environment:checking '/home/coche/coche_ws/install/particle_filter/lib/pkgconfig/particle_filter.pc'
[13.647s] Level 1:colcon.colcon_core.environment:checking '/home/coche/coche_ws/install/particle_filter/lib/python3.8/site-packages'
[13.648s] Level 1:colcon.colcon_core.shell:create_environment_hook('particle_filter', 'pythonpath')
[13.649s] INFO:colcon.colcon_core.shell:Creating environment hook '/home/coche/coche_ws/install/particle_filter/share/particle_filter/hook/pythonpath.ps1'
[13.650s] INFO:colcon.colcon_core.shell:Creating environment descriptor '/home/coche/coche_ws/install/particle_filter/share/particle_filter/hook/pythonpath.dsv'
[13.652s] INFO:colcon.colcon_core.shell:Creating environment hook '/home/coche/coche_ws/install/particle_filter/share/particle_filter/hook/pythonpath.sh'
[13.654s] Level 1:colcon.colcon_core.environment:checking '/home/coche/coche_ws/install/particle_filter/bin'
[13.654s] Level 1:colcon.colcon_core.environment:create_environment_scripts_only(particle_filter)
[13.655s] INFO:colcon.colcon_core.shell:Creating package script '/home/coche/coche_ws/install/particle_filter/share/particle_filter/package.ps1'
[13.657s] INFO:colcon.colcon_core.shell:Creating package descriptor '/home/coche/coche_ws/install/particle_filter/share/particle_filter/package.dsv'
[13.659s] INFO:colcon.colcon_core.shell:Creating package script '/home/coche/coche_ws/install/particle_filter/share/particle_filter/package.sh'
[13.661s] INFO:colcon.colcon_core.shell:Creating package script '/home/coche/coche_ws/install/particle_filter/share/particle_filter/package.bash'
[13.662s] INFO:colcon.colcon_core.shell:Creating package script '/home/coche/coche_ws/install/particle_filter/share/particle_filter/package.zsh'
[13.664s] Level 1:colcon.colcon_core.environment:create_file_with_runtime_dependencies(/home/coche/coche_ws/install/particle_filter/share/colcon-core/packages/particle_filter)
[14.020s] DEBUG:colcon.colcon_core.event_handler.log_command:Invoking command in '/home/coche/coche_ws/src/f1tenth_system/f1tenth_stack': AMENT_PREFIX_PATH=/home/coche/coche_ws/install/joy_teleop:/home/coche/coche_ws/install/f1tenth_stack:/home/coche/coche_ws/install/vesc:/home/coche/coche_ws/install/vesc_driver:/home/coche/coche_ws/install/vesc_ackermann:/home/coche/coche_ws/install/vesc_msgs:/home/coche/coche_ws/install/teleop_tools:/home/coche/coche_ws/install/teleop_tools_msgs:/home/coche/coche_ws/install/particle_filter:/home/coche/coche_ws/install/mouse_teleop:/home/coche/coche_ws/install/key_teleop:/home/coche/coche_ws/install/ackermann_mux:/opt/ros/foxy CMAKE_PREFIX_PATH=/home/coche/coche_ws/install/vesc:/home/coche/coche_ws/install/vesc_driver:/home/coche/coche_ws/install/vesc_ackermann:/home/coche/coche_ws/install/vesc_msgs:/home/coche/coche_ws/install/teleop_tools_msgs:/home/coche/coche_ws/install/ackermann_mux:/home/coche/coche_ws/install/teleop_tools PYTHONPATH=/home/coche/coche_ws/build/f1tenth_stack/prefix_override:/usr/lib/python3/dist-packages/colcon_core/task/python/colcon_distutils_commands:/home/coche/coche_ws/install/f1tenth_stack/lib/python3.8/site-packages:/home/coche/coche_ws/install/joy_teleop/lib/python3.8/site-packages:/home/coche/coche_ws/install/vesc_msgs/lib/python3.8/site-packages:/home/coche/coche_ws/install/teleop_tools_msgs/lib/python3.8/site-packages:/home/coche/coche_ws/install/f1tenth_stack/lib/python3.8/site-packages:/home/coche/coche_ws/install/particle_filter/lib/python3.8/site-packages:/home/coche/coche_ws/install/mouse_teleop/lib/python3.8/site-packages:/home/coche/coche_ws/install/key_teleop/lib/python3.8/site-packages:/opt/ros/foxy/lib/python3.8/site-packages /usr/bin/python3 -W ignore:setup.py install is deprecated setup.py egg_info --egg-base ../../../build/f1tenth_stack build --build-base /home/coche/coche_ws/build/f1tenth_stack/build install --record /home/coche/coche_ws/build/f1tenth_stack/install.log --install-scripts $base/lib/f1tenth_stack --single-version-externally-managed install_data
[15.155s] Level 1:colcon.colcon_core.environment:checking '/home/coche/coche_ws/install/f1tenth_stack' for CMake module files
[15.159s] DEBUG:colcon.colcon_core.event_handler.log_command:Invoked command in '/home/coche/coche_ws/src/f1tenth_system/f1tenth_stack' returned '0': AMENT_PREFIX_PATH=/home/coche/coche_ws/install/joy_teleop:/home/coche/coche_ws/install/f1tenth_stack:/home/coche/coche_ws/install/vesc:/home/coche/coche_ws/install/vesc_driver:/home/coche/coche_ws/install/vesc_ackermann:/home/coche/coche_ws/install/vesc_msgs:/home/coche/coche_ws/install/teleop_tools:/home/coche/coche_ws/install/teleop_tools_msgs:/home/coche/coche_ws/install/particle_filter:/home/coche/coche_ws/install/mouse_teleop:/home/coche/coche_ws/install/key_teleop:/home/coche/coche_ws/install/ackermann_mux:/opt/ros/foxy CMAKE_PREFIX_PATH=/home/coche/coche_ws/install/vesc:/home/coche/coche_ws/install/vesc_driver:/home/coche/coche_ws/install/vesc_ackermann:/home/coche/coche_ws/install/vesc_msgs:/home/coche/coche_ws/install/teleop_tools_msgs:/home/coche/coche_ws/install/ackermann_mux:/home/coche/coche_ws/install/teleop_tools PYTHONPATH=/home/coche/coche_ws/build/f1tenth_stack/prefix_override:/usr/lib/python3/dist-packages/colcon_core/task/python/colcon_distutils_commands:/home/coche/coche_ws/install/f1tenth_stack/lib/python3.8/site-packages:/home/coche/coche_ws/install/joy_teleop/lib/python3.8/site-packages:/home/coche/coche_ws/install/vesc_msgs/lib/python3.8/site-packages:/home/coche/coche_ws/install/teleop_tools_msgs/lib/python3.8/site-packages:/home/coche/coche_ws/install/f1tenth_stack/lib/python3.8/site-packages:/home/coche/coche_ws/install/particle_filter/lib/python3.8/site-packages:/home/coche/coche_ws/install/mouse_teleop/lib/python3.8/site-packages:/home/coche/coche_ws/install/key_teleop/lib/python3.8/site-packages:/opt/ros/foxy/lib/python3.8/site-packages /usr/bin/python3 -W ignore:setup.py install is deprecated setup.py egg_info --egg-base ../../../build/f1tenth_stack build --build-base /home/coche/coche_ws/build/f1tenth_stack/build install --record /home/coche/coche_ws/build/f1tenth_stack/install.log --install-scripts $base/lib/f1tenth_stack --single-version-externally-managed install_data
[15.160s] Level 1:colcon.colcon_core.environment:checking '/home/coche/coche_ws/install/f1tenth_stack' for CMake config files
[15.165s] Level 1:colcon.colcon_core.environment:checking '/home/coche/coche_ws/install/f1tenth_stack/lib'
[15.166s] Level 1:colcon.colcon_core.environment:checking '/home/coche/coche_ws/install/f1tenth_stack/bin'
[15.166s] Level 1:colcon.colcon_core.environment:checking '/home/coche/coche_ws/install/f1tenth_stack/lib/pkgconfig/f1tenth_stack.pc'
[15.168s] Level 1:colcon.colcon_core.environment:checking '/home/coche/coche_ws/install/f1tenth_stack/lib/python3.8/site-packages'
[15.168s] Level 1:colcon.colcon_core.shell:create_environment_hook('f1tenth_stack', 'pythonpath')
[15.170s] INFO:colcon.colcon_core.shell:Creating environment hook '/home/coche/coche_ws/install/f1tenth_stack/share/f1tenth_stack/hook/pythonpath.ps1'
[15.173s] INFO:colcon.colcon_core.shell:Creating environment descriptor '/home/coche/coche_ws/install/f1tenth_stack/share/f1tenth_stack/hook/pythonpath.dsv'
[15.175s] INFO:colcon.colcon_core.shell:Creating environment hook '/home/coche/coche_ws/install/f1tenth_stack/share/f1tenth_stack/hook/pythonpath.sh'
[15.177s] Level 1:colcon.colcon_core.environment:checking '/home/coche/coche_ws/install/f1tenth_stack/bin'
[15.177s] Level 1:colcon.colcon_core.environment:create_environment_scripts_only(f1tenth_stack)
[15.179s] INFO:colcon.colcon_core.shell:Creating package script '/home/coche/coche_ws/install/f1tenth_stack/share/f1tenth_stack/package.ps1'
[15.183s] INFO:colcon.colcon_core.shell:Creating package descriptor '/home/coche/coche_ws/install/f1tenth_stack/share/f1tenth_stack/package.dsv'
[15.185s] INFO:colcon.colcon_core.shell:Creating package script '/home/coche/coche_ws/install/f1tenth_stack/share/f1tenth_stack/package.sh'
[15.187s] INFO:colcon.colcon_core.shell:Creating package script '/home/coche/coche_ws/install/f1tenth_stack/share/f1tenth_stack/package.bash'
[15.189s] INFO:colcon.colcon_core.shell:Creating package script '/home/coche/coche_ws/install/f1tenth_stack/share/f1tenth_stack/package.zsh'
[15.191s] Level 1:colcon.colcon_core.environment:create_file_with_runtime_dependencies(/home/coche/coche_ws/install/f1tenth_stack/share/colcon-core/packages/f1tenth_stack)
[15.192s] DEBUG:colcon.colcon_parallel_executor.executor.parallel:closing loop
[15.194s] DEBUG:colcon.colcon_parallel_executor.executor.parallel:loop closed
[15.195s] DEBUG:colcon.colcon_parallel_executor.executor.parallel:run_until_complete finished with '0'
[15.196s] DEBUG:colcon.colcon_core.event_reactor:joining thread
[15.226s] INFO:colcon.colcon_core.plugin_system:Skipping extension 'colcon_notification.desktop_notification.terminal_notifier': Not used on non-Darwin systems
[15.226s] INFO:colcon.colcon_core.plugin_system:Skipping extension 'colcon_notification.desktop_notification.win32': Not used on non-Windows systems
[15.226s] INFO:colcon.colcon_notification.desktop_notification:Sending desktop notification using 'notify2'
[15.304s] DEBUG:colcon.colcon_core.event_reactor:joined thread
[15.305s] INFO:colcon.colcon_core.shell:Creating prefix script '/home/coche/coche_ws/install/local_setup.ps1'
[15.310s] INFO:colcon.colcon_core.shell:Creating prefix util module '/home/coche/coche_ws/install/_local_setup_util_ps1.py'
[15.314s] INFO:colcon.colcon_core.shell:Creating prefix chain script '/home/coche/coche_ws/install/setup.ps1'
[15.322s] INFO:colcon.colcon_core.shell:Creating prefix script '/home/coche/coche_ws/install/local_setup.sh'
[15.325s] INFO:colcon.colcon_core.shell:Creating prefix util module '/home/coche/coche_ws/install/_local_setup_util_sh.py'
[15.328s] INFO:colcon.colcon_core.shell:Creating prefix chain script '/home/coche/coche_ws/install/setup.sh'
[15.335s] INFO:colcon.colcon_core.shell:Creating prefix script '/home/coche/coche_ws/install/local_setup.bash'
[15.337s] INFO:colcon.colcon_core.shell:Creating prefix chain script '/home/coche/coche_ws/install/setup.bash'
[15.344s] INFO:colcon.colcon_core.shell:Creating prefix script '/home/coche/coche_ws/install/local_setup.zsh'
[15.346s] INFO:colcon.colcon_core.shell:Creating prefix chain script '/home/coche/coche_ws/install/setup.zsh'
