[0.819s] DEBUG:colcon:Command line arguments: ['/usr/bin/colcon', 'build']
[0.820s] DEBUG:colcon:Parsed command line arguments: Namespace(allow_overriding=[], ament_cmake_args=None, base_paths=['.'], build_base='build', catkin_cmake_args=None, catkin_skip_building_tests=False, cmake_args=None, cmake_clean_cache=False, cmake_clean_first=False, cmake_force_configure=False, cmake_target=None, cmake_target_skip_unavailable=False, continue_on_error=False, event_handlers=None, executor='parallel', ignore_user_meta=False, install_base='install', log_base=None, log_level=None, main=<bound method BuildVerb.main of <colcon_core.verb.build.BuildVerb object at 0xffffad1e2ee0>>, merge_install=False, metas=['./colcon.meta'], mixin=None, mixin_files=None, mixin_verb=('build',), packages_above=None, packages_above_and_dependencies=None, packages_above_depth=None, packages_end=None, packages_ignore=None, packages_ignore_regex=None, packages_select=None, packages_select_build_failed=False, packages_select_by_dep=None, packages_select_regex=None, packages_select_test_failures=False, packages_skip=None, packages_skip_build_finished=False, packages_skip_by_dep=None, packages_skip_regex=None, packages_skip_test_passed=False, packages_skip_up_to=None, packages_start=None, packages_up_to=None, packages_up_to_regex=None, parallel_workers=4, paths=None, symlink_install=False, test_result_base=None, verb_extension=<colcon_core.verb.build.BuildVerb object at 0xffffad1e2ee0>, verb_name='build', verb_parser=<colcon_mixin.mixin.mixin_argument.MixinArgumentDecorator object at 0xffffad1378e0>)
[1.467s] Level 1:colcon.colcon_core.package_discovery:discover_packages(colcon_meta) check parameters
[1.467s] Level 1:colcon.colcon_core.package_discovery:discover_packages(recursive) check parameters
[1.468s] Level 1:colcon.colcon_core.package_discovery:discover_packages(ignore) check parameters
[1.468s] Level 1:colcon.colcon_core.package_discovery:discover_packages(path) check parameters
[1.468s] Level 1:colcon.colcon_core.package_discovery:discover_packages(colcon_meta) discover
[1.468s] Level 1:colcon.colcon_core.package_discovery:discover_packages(recursive) discover
[1.468s] INFO:colcon.colcon_core.package_discovery:Crawling recursively for packages in '/home/coche/coche_ws'
[1.469s] Level 1:colcon.colcon_core.package_identification:_identify(.) by extensions ['ignore', 'ignore_ament_install']
[1.469s] Level 1:colcon.colcon_core.package_identification:_identify(.) by extension 'ignore'
[1.469s] Level 1:colcon.colcon_core.package_identification:_identify(.) by extension 'ignore_ament_install'
[1.469s] Level 1:colcon.colcon_core.package_identification:_identify(.) by extensions ['colcon_pkg']
[1.470s] Level 1:colcon.colcon_core.package_identification:_identify(.) by extension 'colcon_pkg'
[1.470s] Level 1:colcon.colcon_core.package_identification:_identify(.) by extensions ['colcon_meta']
[1.470s] Level 1:colcon.colcon_core.package_identification:_identify(.) by extension 'colcon_meta'
[1.470s] Level 1:colcon.colcon_core.package_identification:_identify(.) by extensions ['ros']
[1.470s] Level 1:colcon.colcon_core.package_identification:_identify(.) by extension 'ros'
[1.517s] Level 1:colcon.colcon_core.package_identification:_identify(.) by extensions ['cmake', 'python']
[1.517s] Level 1:colcon.colcon_core.package_identification:_identify(.) by extension 'cmake'
[1.517s] Level 1:colcon.colcon_core.package_identification:_identify(.) by extension 'python'
[1.517s] Level 1:colcon.colcon_core.package_identification:_identify(.) by extensions ['python_setup_py']
[1.518s] Level 1:colcon.colcon_core.package_identification:_identify(.) by extension 'python_setup_py'
[1.518s] Level 1:colcon.colcon_core.package_identification:_identify(build) by extensions ['ignore', 'ignore_ament_install']
[1.519s] Level 1:colcon.colcon_core.package_identification:_identify(build) by extension 'ignore'
[1.519s] Level 1:colcon.colcon_core.package_identification:_identify(build) ignored
[1.519s] Level 1:colcon.colcon_core.package_identification:_identify(install) by extensions ['ignore', 'ignore_ament_install']
[1.520s] Level 1:colcon.colcon_core.package_identification:_identify(install) by extension 'ignore'
[1.520s] Level 1:colcon.colcon_core.package_identification:_identify(install) ignored
[1.521s] Level 1:colcon.colcon_core.package_identification:_identify(log) by extensions ['ignore', 'ignore_ament_install']
[1.521s] Level 1:colcon.colcon_core.package_identification:_identify(log) by extension 'ignore'
[1.521s] Level 1:colcon.colcon_core.package_identification:_identify(log) ignored
[1.522s] Level 1:colcon.colcon_core.package_identification:_identify(src) by extensions ['ignore', 'ignore_ament_install']
[1.522s] Level 1:colcon.colcon_core.package_identification:_identify(src) by extension 'ignore'
[1.522s] Level 1:colcon.colcon_core.package_identification:_identify(src) by extension 'ignore_ament_install'
[1.522s] Level 1:colcon.colcon_core.package_identification:_identify(src) by extensions ['colcon_pkg']
[1.523s] Level 1:colcon.colcon_core.package_identification:_identify(src) by extension 'colcon_pkg'
[1.523s] Level 1:colcon.colcon_core.package_identification:_identify(src) by extensions ['colcon_meta']
[1.523s] Level 1:colcon.colcon_core.package_identification:_identify(src) by extension 'colcon_meta'
[1.523s] Level 1:colcon.colcon_core.package_identification:_identify(src) by extensions ['ros']
[1.523s] Level 1:colcon.colcon_core.package_identification:_identify(src) by extension 'ros'
[1.524s] Level 1:colcon.colcon_core.package_identification:_identify(src) by extensions ['cmake', 'python']
[1.524s] Level 1:colcon.colcon_core.package_identification:_identify(src) by extension 'cmake'
[1.524s] Level 1:colcon.colcon_core.package_identification:_identify(src) by extension 'python'
[1.524s] Level 1:colcon.colcon_core.package_identification:_identify(src) by extensions ['python_setup_py']
[1.525s] Level 1:colcon.colcon_core.package_identification:_identify(src) by extension 'python_setup_py'
[1.525s] Level 1:colcon.colcon_core.package_identification:_identify(src/f1tenth_system) by extensions ['ignore', 'ignore_ament_install']
[1.526s] Level 1:colcon.colcon_core.package_identification:_identify(src/f1tenth_system) by extension 'ignore'
[1.526s] Level 1:colcon.colcon_core.package_identification:_identify(src/f1tenth_system) by extension 'ignore_ament_install'
[1.526s] Level 1:colcon.colcon_core.package_identification:_identify(src/f1tenth_system) by extensions ['colcon_pkg']
[1.526s] Level 1:colcon.colcon_core.package_identification:_identify(src/f1tenth_system) by extension 'colcon_pkg'
[1.526s] Level 1:colcon.colcon_core.package_identification:_identify(src/f1tenth_system) by extensions ['colcon_meta']
[1.526s] Level 1:colcon.colcon_core.package_identification:_identify(src/f1tenth_system) by extension 'colcon_meta'
[1.527s] Level 1:colcon.colcon_core.package_identification:_identify(src/f1tenth_system) by extensions ['ros']
[1.527s] Level 1:colcon.colcon_core.package_identification:_identify(src/f1tenth_system) by extension 'ros'
[1.527s] Level 1:colcon.colcon_core.package_identification:_identify(src/f1tenth_system) by extensions ['cmake', 'python']
[1.527s] Level 1:colcon.colcon_core.package_identification:_identify(src/f1tenth_system) by extension 'cmake'
[1.528s] Level 1:colcon.colcon_core.package_identification:_identify(src/f1tenth_system) by extension 'python'
[1.528s] Level 1:colcon.colcon_core.package_identification:_identify(src/f1tenth_system) by extensions ['python_setup_py']
[1.528s] Level 1:colcon.colcon_core.package_identification:_identify(src/f1tenth_system) by extension 'python_setup_py'
[1.528s] Level 1:colcon.colcon_core.package_identification:_identify(src/f1tenth_system/ackermann_mux) by extensions ['ignore', 'ignore_ament_install']
[1.529s] Level 1:colcon.colcon_core.package_identification:_identify(src/f1tenth_system/ackermann_mux) by extension 'ignore'
[1.529s] Level 1:colcon.colcon_core.package_identification:_identify(src/f1tenth_system/ackermann_mux) by extension 'ignore_ament_install'
[1.529s] Level 1:colcon.colcon_core.package_identification:_identify(src/f1tenth_system/ackermann_mux) by extensions ['colcon_pkg']
[1.530s] Level 1:colcon.colcon_core.package_identification:_identify(src/f1tenth_system/ackermann_mux) by extension 'colcon_pkg'
[1.530s] Level 1:colcon.colcon_core.package_identification:_identify(src/f1tenth_system/ackermann_mux) by extensions ['colcon_meta']
[1.530s] Level 1:colcon.colcon_core.package_identification:_identify(src/f1tenth_system/ackermann_mux) by extension 'colcon_meta'
[1.530s] Level 1:colcon.colcon_core.package_identification:_identify(src/f1tenth_system/ackermann_mux) by extensions ['ros']
[1.530s] Level 1:colcon.colcon_core.package_identification:_identify(src/f1tenth_system/ackermann_mux) by extension 'ros'
[1.543s] DEBUG:colcon.colcon_core.package_identification:Package 'src/f1tenth_system/ackermann_mux' with type 'ros.ament_cmake' and name 'ackermann_mux'
[1.543s] Level 1:colcon.colcon_core.package_identification:_identify(src/f1tenth_system/f1tenth_stack) by extensions ['ignore', 'ignore_ament_install']
[1.544s] Level 1:colcon.colcon_core.package_identification:_identify(src/f1tenth_system/f1tenth_stack) by extension 'ignore'
[1.544s] Level 1:colcon.colcon_core.package_identification:_identify(src/f1tenth_system/f1tenth_stack) by extension 'ignore_ament_install'
[1.544s] Level 1:colcon.colcon_core.package_identification:_identify(src/f1tenth_system/f1tenth_stack) by extensions ['colcon_pkg']
[1.544s] Level 1:colcon.colcon_core.package_identification:_identify(src/f1tenth_system/f1tenth_stack) by extension 'colcon_pkg'
[1.545s] Level 1:colcon.colcon_core.package_identification:_identify(src/f1tenth_system/f1tenth_stack) by extensions ['colcon_meta']
[1.545s] Level 1:colcon.colcon_core.package_identification:_identify(src/f1tenth_system/f1tenth_stack) by extension 'colcon_meta'
[1.545s] Level 1:colcon.colcon_core.package_identification:_identify(src/f1tenth_system/f1tenth_stack) by extensions ['ros']
[1.545s] Level 1:colcon.colcon_core.package_identification:_identify(src/f1tenth_system/f1tenth_stack) by extension 'ros'
[1.549s] DEBUG:colcon.colcon_core.package_identification:Package 'src/f1tenth_system/f1tenth_stack' with type 'ros.ament_python' and name 'f1tenth_stack'
[1.550s] Level 1:colcon.colcon_core.package_identification:_identify(src/f1tenth_system/gap_follow) by extensions ['ignore', 'ignore_ament_install']
[1.550s] Level 1:colcon.colcon_core.package_identification:_identify(src/f1tenth_system/gap_follow) by extension 'ignore'
[1.550s] Level 1:colcon.colcon_core.package_identification:_identify(src/f1tenth_system/gap_follow) by extension 'ignore_ament_install'
[1.551s] Level 1:colcon.colcon_core.package_identification:_identify(src/f1tenth_system/gap_follow) by extensions ['colcon_pkg']
[1.551s] Level 1:colcon.colcon_core.package_identification:_identify(src/f1tenth_system/gap_follow) by extension 'colcon_pkg'
[1.551s] Level 1:colcon.colcon_core.package_identification:_identify(src/f1tenth_system/gap_follow) by extensions ['colcon_meta']
[1.551s] Level 1:colcon.colcon_core.package_identification:_identify(src/f1tenth_system/gap_follow) by extension 'colcon_meta'
[1.551s] Level 1:colcon.colcon_core.package_identification:_identify(src/f1tenth_system/gap_follow) by extensions ['ros']
[1.552s] Level 1:colcon.colcon_core.package_identification:_identify(src/f1tenth_system/gap_follow) by extension 'ros'
[1.555s] DEBUG:colcon.colcon_core.package_identification:Package 'src/f1tenth_system/gap_follow' with type 'ros.ament_cmake' and name 'gap_follow'
[1.556s] Level 1:colcon.colcon_core.package_identification:_identify(src/f1tenth_system/lqr) by extensions ['ignore', 'ignore_ament_install']
[1.556s] Level 1:colcon.colcon_core.package_identification:_identify(src/f1tenth_system/lqr) by extension 'ignore'
[1.556s] Level 1:colcon.colcon_core.package_identification:_identify(src/f1tenth_system/lqr) by extension 'ignore_ament_install'
[1.557s] Level 1:colcon.colcon_core.package_identification:_identify(src/f1tenth_system/lqr) by extensions ['colcon_pkg']
[1.557s] Level 1:colcon.colcon_core.package_identification:_identify(src/f1tenth_system/lqr) by extension 'colcon_pkg'
[1.557s] Level 1:colcon.colcon_core.package_identification:_identify(src/f1tenth_system/lqr) by extensions ['colcon_meta']
[1.557s] Level 1:colcon.colcon_core.package_identification:_identify(src/f1tenth_system/lqr) by extension 'colcon_meta'
[1.557s] Level 1:colcon.colcon_core.package_identification:_identify(src/f1tenth_system/lqr) by extensions ['ros']
[1.558s] Level 1:colcon.colcon_core.package_identification:_identify(src/f1tenth_system/lqr) by extension 'ros'
[1.563s] DEBUG:colcon.colcon_core.package_identification:Package 'src/f1tenth_system/lqr' with type 'ros.ament_cmake' and name 'lqr'
[1.563s] Level 1:colcon.colcon_core.package_identification:_identify(src/f1tenth_system/particle filter) by extensions ['ignore', 'ignore_ament_install']
[1.564s] Level 1:colcon.colcon_core.package_identification:_identify(src/f1tenth_system/particle filter) by extension 'ignore'
[1.564s] Level 1:colcon.colcon_core.package_identification:_identify(src/f1tenth_system/particle filter) by extension 'ignore_ament_install'
[1.564s] Level 1:colcon.colcon_core.package_identification:_identify(src/f1tenth_system/particle filter) by extensions ['colcon_pkg']
[1.564s] Level 1:colcon.colcon_core.package_identification:_identify(src/f1tenth_system/particle filter) by extension 'colcon_pkg'
[1.564s] Level 1:colcon.colcon_core.package_identification:_identify(src/f1tenth_system/particle filter) by extensions ['colcon_meta']
[1.565s] Level 1:colcon.colcon_core.package_identification:_identify(src/f1tenth_system/particle filter) by extension 'colcon_meta'
[1.565s] Level 1:colcon.colcon_core.package_identification:_identify(src/f1tenth_system/particle filter) by extensions ['ros']
[1.565s] Level 1:colcon.colcon_core.package_identification:_identify(src/f1tenth_system/particle filter) by extension 'ros'
[1.569s] DEBUG:colcon.colcon_core.package_identification:Package 'src/f1tenth_system/particle filter' with type 'ros.ament_python' and name 'particle_filter'
[1.569s] Level 1:colcon.colcon_core.package_identification:_identify(src/f1tenth_system/pure_pursuit) by extensions ['ignore', 'ignore_ament_install']
[1.570s] Level 1:colcon.colcon_core.package_identification:_identify(src/f1tenth_system/pure_pursuit) by extension 'ignore'
[1.570s] Level 1:colcon.colcon_core.package_identification:_identify(src/f1tenth_system/pure_pursuit) by extension 'ignore_ament_install'
[1.570s] Level 1:colcon.colcon_core.package_identification:_identify(src/f1tenth_system/pure_pursuit) by extensions ['colcon_pkg']
[1.570s] Level 1:colcon.colcon_core.package_identification:_identify(src/f1tenth_system/pure_pursuit) by extension 'colcon_pkg'
[1.570s] Level 1:colcon.colcon_core.package_identification:_identify(src/f1tenth_system/pure_pursuit) by extensions ['colcon_meta']
[1.571s] Level 1:colcon.colcon_core.package_identification:_identify(src/f1tenth_system/pure_pursuit) by extension 'colcon_meta'
[1.571s] Level 1:colcon.colcon_core.package_identification:_identify(src/f1tenth_system/pure_pursuit) by extensions ['ros']
[1.571s] Level 1:colcon.colcon_core.package_identification:_identify(src/f1tenth_system/pure_pursuit) by extension 'ros'
[1.575s] DEBUG:colcon.colcon_core.package_identification:Package 'src/f1tenth_system/pure_pursuit' with type 'ros.ament_cmake' and name 'pure_pursuit'
[1.576s] Level 1:colcon.colcon_core.package_identification:_identify(src/f1tenth_system/scripts) by extensions ['ignore', 'ignore_ament_install']
[1.576s] Level 1:colcon.colcon_core.package_identification:_identify(src/f1tenth_system/scripts) by extension 'ignore'
[1.576s] Level 1:colcon.colcon_core.package_identification:_identify(src/f1tenth_system/scripts) by extension 'ignore_ament_install'
[1.576s] Level 1:colcon.colcon_core.package_identification:_identify(src/f1tenth_system/scripts) by extensions ['colcon_pkg']
[1.577s] Level 1:colcon.colcon_core.package_identification:_identify(src/f1tenth_system/scripts) by extension 'colcon_pkg'
[1.577s] Level 1:colcon.colcon_core.package_identification:_identify(src/f1tenth_system/scripts) by extensions ['colcon_meta']
[1.577s] Level 1:colcon.colcon_core.package_identification:_identify(src/f1tenth_system/scripts) by extension 'colcon_meta'
[1.577s] Level 1:colcon.colcon_core.package_identification:_identify(src/f1tenth_system/scripts) by extensions ['ros']
[1.577s] Level 1:colcon.colcon_core.package_identification:_identify(src/f1tenth_system/scripts) by extension 'ros'
[1.578s] Level 1:colcon.colcon_core.package_identification:_identify(src/f1tenth_system/scripts) by extensions ['cmake', 'python']
[1.578s] Level 1:colcon.colcon_core.package_identification:_identify(src/f1tenth_system/scripts) by extension 'cmake'
[1.578s] Level 1:colcon.colcon_core.package_identification:_identify(src/f1tenth_system/scripts) by extension 'python'
[1.578s] Level 1:colcon.colcon_core.package_identification:_identify(src/f1tenth_system/scripts) by extensions ['python_setup_py']
[1.578s] Level 1:colcon.colcon_core.package_identification:_identify(src/f1tenth_system/scripts) by extension 'python_setup_py'
[1.579s] Level 1:colcon.colcon_core.package_identification:_identify(src/f1tenth_system/slam) by extensions ['ignore', 'ignore_ament_install']
[1.579s] Level 1:colcon.colcon_core.package_identification:_identify(src/f1tenth_system/slam) by extension 'ignore'
[1.579s] Level 1:colcon.colcon_core.package_identification:_identify(src/f1tenth_system/slam) by extension 'ignore_ament_install'
[1.580s] Level 1:colcon.colcon_core.package_identification:_identify(src/f1tenth_system/slam) by extensions ['colcon_pkg']
[1.580s] Level 1:colcon.colcon_core.package_identification:_identify(src/f1tenth_system/slam) by extension 'colcon_pkg'
[1.580s] Level 1:colcon.colcon_core.package_identification:_identify(src/f1tenth_system/slam) by extensions ['colcon_meta']
[1.580s] Level 1:colcon.colcon_core.package_identification:_identify(src/f1tenth_system/slam) by extension 'colcon_meta'
[1.580s] Level 1:colcon.colcon_core.package_identification:_identify(src/f1tenth_system/slam) by extensions ['ros']
[1.580s] Level 1:colcon.colcon_core.package_identification:_identify(src/f1tenth_system/slam) by extension 'ros'
[1.581s] Level 1:colcon.colcon_core.package_identification:_identify(src/f1tenth_system/slam) by extensions ['cmake', 'python']
[1.581s] Level 1:colcon.colcon_core.package_identification:_identify(src/f1tenth_system/slam) by extension 'cmake'
[1.581s] Level 1:colcon.colcon_core.package_identification:_identify(src/f1tenth_system/slam) by extension 'python'
[1.581s] Level 1:colcon.colcon_core.package_identification:_identify(src/f1tenth_system/slam) by extensions ['python_setup_py']
[1.581s] Level 1:colcon.colcon_core.package_identification:_identify(src/f1tenth_system/slam) by extension 'python_setup_py'
[1.582s] Level 1:colcon.colcon_core.package_identification:_identify(src/f1tenth_system/stanley_avoidance) by extensions ['ignore', 'ignore_ament_install']
[1.582s] Level 1:colcon.colcon_core.package_identification:_identify(src/f1tenth_system/stanley_avoidance) by extension 'ignore'
[1.582s] Level 1:colcon.colcon_core.package_identification:_identify(src/f1tenth_system/stanley_avoidance) by extension 'ignore_ament_install'
[1.582s] Level 1:colcon.colcon_core.package_identification:_identify(src/f1tenth_system/stanley_avoidance) by extensions ['colcon_pkg']
[1.583s] Level 1:colcon.colcon_core.package_identification:_identify(src/f1tenth_system/stanley_avoidance) by extension 'colcon_pkg'
[1.583s] Level 1:colcon.colcon_core.package_identification:_identify(src/f1tenth_system/stanley_avoidance) by extensions ['colcon_meta']
[1.583s] Level 1:colcon.colcon_core.package_identification:_identify(src/f1tenth_system/stanley_avoidance) by extension 'colcon_meta'
[1.583s] Level 1:colcon.colcon_core.package_identification:_identify(src/f1tenth_system/stanley_avoidance) by extensions ['ros']
[1.583s] Level 1:colcon.colcon_core.package_identification:_identify(src/f1tenth_system/stanley_avoidance) by extension 'ros'
[1.587s] DEBUG:colcon.colcon_core.package_identification:Package 'src/f1tenth_system/stanley_avoidance' with type 'ros.ament_python' and name 'stanley_avoidance'
[1.589s] Level 1:colcon.colcon_core.package_identification:_identify(src/f1tenth_system/teleop_tools) by extensions ['ignore', 'ignore_ament_install']
[1.589s] Level 1:colcon.colcon_core.package_identification:_identify(src/f1tenth_system/teleop_tools) by extension 'ignore'
[1.589s] Level 1:colcon.colcon_core.package_identification:_identify(src/f1tenth_system/teleop_tools) by extension 'ignore_ament_install'
[1.590s] Level 1:colcon.colcon_core.package_identification:_identify(src/f1tenth_system/teleop_tools) by extensions ['colcon_pkg']
[1.590s] Level 1:colcon.colcon_core.package_identification:_identify(src/f1tenth_system/teleop_tools) by extension 'colcon_pkg'
[1.590s] Level 1:colcon.colcon_core.package_identification:_identify(src/f1tenth_system/teleop_tools) by extensions ['colcon_meta']
[1.590s] Level 1:colcon.colcon_core.package_identification:_identify(src/f1tenth_system/teleop_tools) by extension 'colcon_meta'
[1.590s] Level 1:colcon.colcon_core.package_identification:_identify(src/f1tenth_system/teleop_tools) by extensions ['ros']
[1.590s] Level 1:colcon.colcon_core.package_identification:_identify(src/f1tenth_system/teleop_tools) by extension 'ros'
[1.591s] Level 1:colcon.colcon_core.package_identification:_identify(src/f1tenth_system/teleop_tools) by extensions ['cmake', 'python']
[1.591s] Level 1:colcon.colcon_core.package_identification:_identify(src/f1tenth_system/teleop_tools) by extension 'cmake'
[1.591s] Level 1:colcon.colcon_core.package_identification:_identify(src/f1tenth_system/teleop_tools) by extension 'python'
[1.591s] Level 1:colcon.colcon_core.package_identification:_identify(src/f1tenth_system/teleop_tools) by extensions ['python_setup_py']
[1.592s] Level 1:colcon.colcon_core.package_identification:_identify(src/f1tenth_system/teleop_tools) by extension 'python_setup_py'
[1.592s] Level 1:colcon.colcon_core.package_identification:_identify(src/f1tenth_system/teleop_tools/joy_teleop) by extensions ['ignore', 'ignore_ament_install']
[1.592s] Level 1:colcon.colcon_core.package_identification:_identify(src/f1tenth_system/teleop_tools/joy_teleop) by extension 'ignore'
[1.593s] Level 1:colcon.colcon_core.package_identification:_identify(src/f1tenth_system/teleop_tools/joy_teleop) by extension 'ignore_ament_install'
[1.593s] Level 1:colcon.colcon_core.package_identification:_identify(src/f1tenth_system/teleop_tools/joy_teleop) by extensions ['colcon_pkg']
[1.593s] Level 1:colcon.colcon_core.package_identification:_identify(src/f1tenth_system/teleop_tools/joy_teleop) by extension 'colcon_pkg'
[1.593s] Level 1:colcon.colcon_core.package_identification:_identify(src/f1tenth_system/teleop_tools/joy_teleop) by extensions ['colcon_meta']
[1.593s] Level 1:colcon.colcon_core.package_identification:_identify(src/f1tenth_system/teleop_tools/joy_teleop) by extension 'colcon_meta'
[1.593s] Level 1:colcon.colcon_core.package_identification:_identify(src/f1tenth_system/teleop_tools/joy_teleop) by extensions ['ros']
[1.594s] Level 1:colcon.colcon_core.package_identification:_identify(src/f1tenth_system/teleop_tools/joy_teleop) by extension 'ros'
[1.597s] DEBUG:colcon.colcon_core.package_identification:Package 'src/f1tenth_system/teleop_tools/joy_teleop' with type 'ros.ament_python' and name 'joy_teleop'
[1.597s] Level 1:colcon.colcon_core.package_identification:_identify(src/f1tenth_system/teleop_tools/key_teleop) by extensions ['ignore', 'ignore_ament_install']
[1.598s] Level 1:colcon.colcon_core.package_identification:_identify(src/f1tenth_system/teleop_tools/key_teleop) by extension 'ignore'
[1.598s] Level 1:colcon.colcon_core.package_identification:_identify(src/f1tenth_system/teleop_tools/key_teleop) by extension 'ignore_ament_install'
[1.598s] Level 1:colcon.colcon_core.package_identification:_identify(src/f1tenth_system/teleop_tools/key_teleop) by extensions ['colcon_pkg']
[1.598s] Level 1:colcon.colcon_core.package_identification:_identify(src/f1tenth_system/teleop_tools/key_teleop) by extension 'colcon_pkg'
[1.598s] Level 1:colcon.colcon_core.package_identification:_identify(src/f1tenth_system/teleop_tools/key_teleop) by extensions ['colcon_meta']
[1.599s] Level 1:colcon.colcon_core.package_identification:_identify(src/f1tenth_system/teleop_tools/key_teleop) by extension 'colcon_meta'
[1.599s] Level 1:colcon.colcon_core.package_identification:_identify(src/f1tenth_system/teleop_tools/key_teleop) by extensions ['ros']
[1.599s] Level 1:colcon.colcon_core.package_identification:_identify(src/f1tenth_system/teleop_tools/key_teleop) by extension 'ros'
[1.601s] DEBUG:colcon.colcon_core.package_identification:Package 'src/f1tenth_system/teleop_tools/key_teleop' with type 'ros.ament_python' and name 'key_teleop'
[1.602s] Level 1:colcon.colcon_core.package_identification:_identify(src/f1tenth_system/teleop_tools/mouse_teleop) by extensions ['ignore', 'ignore_ament_install']
[1.602s] Level 1:colcon.colcon_core.package_identification:_identify(src/f1tenth_system/teleop_tools/mouse_teleop) by extension 'ignore'
[1.602s] Level 1:colcon.colcon_core.package_identification:_identify(src/f1tenth_system/teleop_tools/mouse_teleop) by extension 'ignore_ament_install'
[1.602s] Level 1:colcon.colcon_core.package_identification:_identify(src/f1tenth_system/teleop_tools/mouse_teleop) by extensions ['colcon_pkg']
[1.602s] Level 1:colcon.colcon_core.package_identification:_identify(src/f1tenth_system/teleop_tools/mouse_teleop) by extension 'colcon_pkg'
[1.603s] Level 1:colcon.colcon_core.package_identification:_identify(src/f1tenth_system/teleop_tools/mouse_teleop) by extensions ['colcon_meta']
[1.603s] Level 1:colcon.colcon_core.package_identification:_identify(src/f1tenth_system/teleop_tools/mouse_teleop) by extension 'colcon_meta'
[1.603s] Level 1:colcon.colcon_core.package_identification:_identify(src/f1tenth_system/teleop_tools/mouse_teleop) by extensions ['ros']
[1.603s] Level 1:colcon.colcon_core.package_identification:_identify(src/f1tenth_system/teleop_tools/mouse_teleop) by extension 'ros'
[1.605s] DEBUG:colcon.colcon_core.package_identification:Package 'src/f1tenth_system/teleop_tools/mouse_teleop' with type 'ros.ament_python' and name 'mouse_teleop'
[1.606s] Level 1:colcon.colcon_core.package_identification:_identify(src/f1tenth_system/teleop_tools/teleop_tools) by extensions ['ignore', 'ignore_ament_install']
[1.606s] Level 1:colcon.colcon_core.package_identification:_identify(src/f1tenth_system/teleop_tools/teleop_tools) by extension 'ignore'
[1.606s] Level 1:colcon.colcon_core.package_identification:_identify(src/f1tenth_system/teleop_tools/teleop_tools) by extension 'ignore_ament_install'
[1.606s] Level 1:colcon.colcon_core.package_identification:_identify(src/f1tenth_system/teleop_tools/teleop_tools) by extensions ['colcon_pkg']
[1.607s] Level 1:colcon.colcon_core.package_identification:_identify(src/f1tenth_system/teleop_tools/teleop_tools) by extension 'colcon_pkg'
[1.607s] Level 1:colcon.colcon_core.package_identification:_identify(src/f1tenth_system/teleop_tools/teleop_tools) by extensions ['colcon_meta']
[1.607s] Level 1:colcon.colcon_core.package_identification:_identify(src/f1tenth_system/teleop_tools/teleop_tools) by extension 'colcon_meta'
[1.607s] Level 1:colcon.colcon_core.package_identification:_identify(src/f1tenth_system/teleop_tools/teleop_tools) by extensions ['ros']
[1.607s] Level 1:colcon.colcon_core.package_identification:_identify(src/f1tenth_system/teleop_tools/teleop_tools) by extension 'ros'
[1.609s] DEBUG:colcon.colcon_core.package_identification:Package 'src/f1tenth_system/teleop_tools/teleop_tools' with type 'ros.ament_cmake' and name 'teleop_tools'
[1.610s] Level 1:colcon.colcon_core.package_identification:_identify(src/f1tenth_system/teleop_tools/teleop_tools_msgs) by extensions ['ignore', 'ignore_ament_install']
[1.610s] Level 1:colcon.colcon_core.package_identification:_identify(src/f1tenth_system/teleop_tools/teleop_tools_msgs) by extension 'ignore'
[1.610s] Level 1:colcon.colcon_core.package_identification:_identify(src/f1tenth_system/teleop_tools/teleop_tools_msgs) by extension 'ignore_ament_install'
[1.610s] Level 1:colcon.colcon_core.package_identification:_identify(src/f1tenth_system/teleop_tools/teleop_tools_msgs) by extensions ['colcon_pkg']
[1.610s] Level 1:colcon.colcon_core.package_identification:_identify(src/f1tenth_system/teleop_tools/teleop_tools_msgs) by extension 'colcon_pkg'
[1.611s] Level 1:colcon.colcon_core.package_identification:_identify(src/f1tenth_system/teleop_tools/teleop_tools_msgs) by extensions ['colcon_meta']
[1.611s] Level 1:colcon.colcon_core.package_identification:_identify(src/f1tenth_system/teleop_tools/teleop_tools_msgs) by extension 'colcon_meta'
[1.611s] Level 1:colcon.colcon_core.package_identification:_identify(src/f1tenth_system/teleop_tools/teleop_tools_msgs) by extensions ['ros']
[1.611s] Level 1:colcon.colcon_core.package_identification:_identify(src/f1tenth_system/teleop_tools/teleop_tools_msgs) by extension 'ros'
[1.613s] DEBUG:colcon.colcon_core.package_identification:Package 'src/f1tenth_system/teleop_tools/teleop_tools_msgs' with type 'ros.ament_cmake' and name 'teleop_tools_msgs'
[1.614s] Level 1:colcon.colcon_core.package_identification:_identify(src/f1tenth_system/ver_trayectoria) by extensions ['ignore', 'ignore_ament_install']
[1.614s] Level 1:colcon.colcon_core.package_identification:_identify(src/f1tenth_system/ver_trayectoria) by extension 'ignore'
[1.614s] Level 1:colcon.colcon_core.package_identification:_identify(src/f1tenth_system/ver_trayectoria) by extension 'ignore_ament_install'
[1.615s] Level 1:colcon.colcon_core.package_identification:_identify(src/f1tenth_system/ver_trayectoria) by extensions ['colcon_pkg']
[1.615s] Level 1:colcon.colcon_core.package_identification:_identify(src/f1tenth_system/ver_trayectoria) by extension 'colcon_pkg'
[1.615s] Level 1:colcon.colcon_core.package_identification:_identify(src/f1tenth_system/ver_trayectoria) by extensions ['colcon_meta']
[1.615s] Level 1:colcon.colcon_core.package_identification:_identify(src/f1tenth_system/ver_trayectoria) by extension 'colcon_meta'
[1.615s] Level 1:colcon.colcon_core.package_identification:_identify(src/f1tenth_system/ver_trayectoria) by extensions ['ros']
[1.615s] Level 1:colcon.colcon_core.package_identification:_identify(src/f1tenth_system/ver_trayectoria) by extension 'ros'
[1.618s] DEBUG:colcon.colcon_core.package_identification:Package 'src/f1tenth_system/ver_trayectoria' with type 'ros.ament_python' and name 'ver_trayectoria'
[1.618s] Level 1:colcon.colcon_core.package_identification:_identify(src/f1tenth_system/vesc) by extensions ['ignore', 'ignore_ament_install']
[1.619s] Level 1:colcon.colcon_core.package_identification:_identify(src/f1tenth_system/vesc) by extension 'ignore'
[1.619s] Level 1:colcon.colcon_core.package_identification:_identify(src/f1tenth_system/vesc) by extension 'ignore_ament_install'
[1.619s] Level 1:colcon.colcon_core.package_identification:_identify(src/f1tenth_system/vesc) by extensions ['colcon_pkg']
[1.619s] Level 1:colcon.colcon_core.package_identification:_identify(src/f1tenth_system/vesc) by extension 'colcon_pkg'
[1.620s] Level 1:colcon.colcon_core.package_identification:_identify(src/f1tenth_system/vesc) by extensions ['colcon_meta']
[1.620s] Level 1:colcon.colcon_core.package_identification:_identify(src/f1tenth_system/vesc) by extension 'colcon_meta'
[1.620s] Level 1:colcon.colcon_core.package_identification:_identify(src/f1tenth_system/vesc) by extensions ['ros']
[1.620s] Level 1:colcon.colcon_core.package_identification:_identify(src/f1tenth_system/vesc) by extension 'ros'
[1.620s] Level 1:colcon.colcon_core.package_identification:_identify(src/f1tenth_system/vesc) by extensions ['cmake', 'python']
[1.620s] Level 1:colcon.colcon_core.package_identification:_identify(src/f1tenth_system/vesc) by extension 'cmake'
[1.621s] Level 1:colcon.colcon_core.package_identification:_identify(src/f1tenth_system/vesc) by extension 'python'
[1.621s] Level 1:colcon.colcon_core.package_identification:_identify(src/f1tenth_system/vesc) by extensions ['python_setup_py']
[1.621s] Level 1:colcon.colcon_core.package_identification:_identify(src/f1tenth_system/vesc) by extension 'python_setup_py'
[1.621s] Level 1:colcon.colcon_core.package_identification:_identify(src/f1tenth_system/vesc/vesc) by extensions ['ignore', 'ignore_ament_install']
[1.622s] Level 1:colcon.colcon_core.package_identification:_identify(src/f1tenth_system/vesc/vesc) by extension 'ignore'
[1.622s] Level 1:colcon.colcon_core.package_identification:_identify(src/f1tenth_system/vesc/vesc) by extension 'ignore_ament_install'
[1.622s] Level 1:colcon.colcon_core.package_identification:_identify(src/f1tenth_system/vesc/vesc) by extensions ['colcon_pkg']
[1.622s] Level 1:colcon.colcon_core.package_identification:_identify(src/f1tenth_system/vesc/vesc) by extension 'colcon_pkg'
[1.622s] Level 1:colcon.colcon_core.package_identification:_identify(src/f1tenth_system/vesc/vesc) by extensions ['colcon_meta']
[1.623s] Level 1:colcon.colcon_core.package_identification:_identify(src/f1tenth_system/vesc/vesc) by extension 'colcon_meta'
[1.623s] Level 1:colcon.colcon_core.package_identification:_identify(src/f1tenth_system/vesc/vesc) by extensions ['ros']
[1.623s] Level 1:colcon.colcon_core.package_identification:_identify(src/f1tenth_system/vesc/vesc) by extension 'ros'
[1.626s] DEBUG:colcon.colcon_core.package_identification:Package 'src/f1tenth_system/vesc/vesc' with type 'ros.ament_cmake' and name 'vesc'
[1.626s] Level 1:colcon.colcon_core.package_identification:_identify(src/f1tenth_system/vesc/vesc_ackermann) by extensions ['ignore', 'ignore_ament_install']
[1.627s] Level 1:colcon.colcon_core.package_identification:_identify(src/f1tenth_system/vesc/vesc_ackermann) by extension 'ignore'
[1.627s] Level 1:colcon.colcon_core.package_identification:_identify(src/f1tenth_system/vesc/vesc_ackermann) by extension 'ignore_ament_install'
[1.627s] Level 1:colcon.colcon_core.package_identification:_identify(src/f1tenth_system/vesc/vesc_ackermann) by extensions ['colcon_pkg']
[1.627s] Level 1:colcon.colcon_core.package_identification:_identify(src/f1tenth_system/vesc/vesc_ackermann) by extension 'colcon_pkg'
[1.628s] Level 1:colcon.colcon_core.package_identification:_identify(src/f1tenth_system/vesc/vesc_ackermann) by extensions ['colcon_meta']
[1.628s] Level 1:colcon.colcon_core.package_identification:_identify(src/f1tenth_system/vesc/vesc_ackermann) by extension 'colcon_meta'
[1.628s] Level 1:colcon.colcon_core.package_identification:_identify(src/f1tenth_system/vesc/vesc_ackermann) by extensions ['ros']
[1.628s] Level 1:colcon.colcon_core.package_identification:_identify(src/f1tenth_system/vesc/vesc_ackermann) by extension 'ros'
[1.633s] DEBUG:colcon.colcon_core.package_identification:Package 'src/f1tenth_system/vesc/vesc_ackermann' with type 'ros.ament_cmake' and name 'vesc_ackermann'
[1.633s] Level 1:colcon.colcon_core.package_identification:_identify(src/f1tenth_system/vesc/vesc_driver) by extensions ['ignore', 'ignore_ament_install']
[1.633s] Level 1:colcon.colcon_core.package_identification:_identify(src/f1tenth_system/vesc/vesc_driver) by extension 'ignore'
[1.634s] Level 1:colcon.colcon_core.package_identification:_identify(src/f1tenth_system/vesc/vesc_driver) by extension 'ignore_ament_install'
[1.634s] Level 1:colcon.colcon_core.package_identification:_identify(src/f1tenth_system/vesc/vesc_driver) by extensions ['colcon_pkg']
[1.634s] Level 1:colcon.colcon_core.package_identification:_identify(src/f1tenth_system/vesc/vesc_driver) by extension 'colcon_pkg'
[1.634s] Level 1:colcon.colcon_core.package_identification:_identify(src/f1tenth_system/vesc/vesc_driver) by extensions ['colcon_meta']
[1.634s] Level 1:colcon.colcon_core.package_identification:_identify(src/f1tenth_system/vesc/vesc_driver) by extension 'colcon_meta'
[1.635s] Level 1:colcon.colcon_core.package_identification:_identify(src/f1tenth_system/vesc/vesc_driver) by extensions ['ros']
[1.635s] Level 1:colcon.colcon_core.package_identification:_identify(src/f1tenth_system/vesc/vesc_driver) by extension 'ros'
[1.639s] DEBUG:colcon.colcon_core.package_identification:Package 'src/f1tenth_system/vesc/vesc_driver' with type 'ros.ament_cmake' and name 'vesc_driver'
[1.639s] Level 1:colcon.colcon_core.package_identification:_identify(src/f1tenth_system/vesc/vesc_msgs) by extensions ['ignore', 'ignore_ament_install']
[1.640s] Level 1:colcon.colcon_core.package_identification:_identify(src/f1tenth_system/vesc/vesc_msgs) by extension 'ignore'
[1.640s] Level 1:colcon.colcon_core.package_identification:_identify(src/f1tenth_system/vesc/vesc_msgs) by extension 'ignore_ament_install'
[1.640s] Level 1:colcon.colcon_core.package_identification:_identify(src/f1tenth_system/vesc/vesc_msgs) by extensions ['colcon_pkg']
[1.640s] Level 1:colcon.colcon_core.package_identification:_identify(src/f1tenth_system/vesc/vesc_msgs) by extension 'colcon_pkg'
[1.640s] Level 1:colcon.colcon_core.package_identification:_identify(src/f1tenth_system/vesc/vesc_msgs) by extensions ['colcon_meta']
[1.641s] Level 1:colcon.colcon_core.package_identification:_identify(src/f1tenth_system/vesc/vesc_msgs) by extension 'colcon_meta'
[1.641s] Level 1:colcon.colcon_core.package_identification:_identify(src/f1tenth_system/vesc/vesc_msgs) by extensions ['ros']
[1.641s] Level 1:colcon.colcon_core.package_identification:_identify(src/f1tenth_system/vesc/vesc_msgs) by extension 'ros'
[1.644s] DEBUG:colcon.colcon_core.package_identification:Package 'src/f1tenth_system/vesc/vesc_msgs' with type 'ros.ament_cmake' and name 'vesc_msgs'
[1.645s] Level 1:colcon.colcon_core.package_identification:_identify(src/f1tenth_system/wall_follow) by extensions ['ignore', 'ignore_ament_install']
[1.645s] Level 1:colcon.colcon_core.package_identification:_identify(src/f1tenth_system/wall_follow) by extension 'ignore'
[1.645s] Level 1:colcon.colcon_core.package_identification:_identify(src/f1tenth_system/wall_follow) by extension 'ignore_ament_install'
[1.646s] Level 1:colcon.colcon_core.package_identification:_identify(src/f1tenth_system/wall_follow) by extensions ['colcon_pkg']
[1.646s] Level 1:colcon.colcon_core.package_identification:_identify(src/f1tenth_system/wall_follow) by extension 'colcon_pkg'
[1.646s] Level 1:colcon.colcon_core.package_identification:_identify(src/f1tenth_system/wall_follow) by extensions ['colcon_meta']
[1.646s] Level 1:colcon.colcon_core.package_identification:_identify(src/f1tenth_system/wall_follow) by extension 'colcon_meta'
[1.646s] Level 1:colcon.colcon_core.package_identification:_identify(src/f1tenth_system/wall_follow) by extensions ['ros']
[1.647s] Level 1:colcon.colcon_core.package_identification:_identify(src/f1tenth_system/wall_follow) by extension 'ros'
[1.650s] DEBUG:colcon.colcon_core.package_identification:Package 'src/f1tenth_system/wall_follow' with type 'ros.ament_cmake' and name 'wall_follow'
[1.650s] Level 1:colcon.colcon_core.package_identification:_identify(src/f1tenth_system/waypoint_generator) by extensions ['ignore', 'ignore_ament_install']
[1.651s] Level 1:colcon.colcon_core.package_identification:_identify(src/f1tenth_system/waypoint_generator) by extension 'ignore'
[1.651s] Level 1:colcon.colcon_core.package_identification:_identify(src/f1tenth_system/waypoint_generator) by extension 'ignore_ament_install'
[1.651s] Level 1:colcon.colcon_core.package_identification:_identify(src/f1tenth_system/waypoint_generator) by extensions ['colcon_pkg']
[1.651s] Level 1:colcon.colcon_core.package_identification:_identify(src/f1tenth_system/waypoint_generator) by extension 'colcon_pkg'
[1.651s] Level 1:colcon.colcon_core.package_identification:_identify(src/f1tenth_system/waypoint_generator) by extensions ['colcon_meta']
[1.652s] Level 1:colcon.colcon_core.package_identification:_identify(src/f1tenth_system/waypoint_generator) by extension 'colcon_meta'
[1.652s] Level 1:colcon.colcon_core.package_identification:_identify(src/f1tenth_system/waypoint_generator) by extensions ['ros']
[1.652s] Level 1:colcon.colcon_core.package_identification:_identify(src/f1tenth_system/waypoint_generator) by extension 'ros'
[1.656s] DEBUG:colcon.colcon_core.package_identification:Package 'src/f1tenth_system/waypoint_generator' with type 'ros.ament_cmake' and name 'waypoint_generator'
[1.656s] Level 1:colcon.colcon_core.package_discovery:discover_packages(recursive) using defaults
[1.656s] Level 1:colcon.colcon_core.package_discovery:discover_packages(ignore) discover
[1.656s] Level 1:colcon.colcon_core.package_discovery:discover_packages(ignore) using defaults
[1.656s] Level 1:colcon.colcon_core.package_discovery:discover_packages(path) discover
[1.656s] Level 1:colcon.colcon_core.package_discovery:discover_packages(path) using defaults
[1.774s] Level 1:colcon.colcon_core.package_discovery:discover_packages(prefix_path) check parameters
[1.774s] Level 1:colcon.colcon_core.package_discovery:discover_packages(prefix_path) discover
[1.789s] DEBUG:colcon.colcon_installed_package_information.package_discovery:Found 20 installed packages in /home/coche/coche_ws/install
[1.797s] DEBUG:colcon.colcon_installed_package_information.package_discovery:Found 280 installed packages in /opt/ros/foxy
[1.804s] Level 1:colcon.colcon_core.package_discovery:discover_packages(prefix_path) using defaults
[2.062s] Level 5:colcon.colcon_core.verb:set package 'ackermann_mux' build argument 'cmake_args' from command line to 'None'
[2.062s] Level 5:colcon.colcon_core.verb:set package 'ackermann_mux' build argument 'cmake_target' from command line to 'None'
[2.062s] Level 5:colcon.colcon_core.verb:set package 'ackermann_mux' build argument 'cmake_target_skip_unavailable' from command line to 'False'
[2.063s] Level 5:colcon.colcon_core.verb:set package 'ackermann_mux' build argument 'cmake_clean_cache' from command line to 'False'
[2.063s] Level 5:colcon.colcon_core.verb:set package 'ackermann_mux' build argument 'cmake_clean_first' from command line to 'False'
[2.063s] Level 5:colcon.colcon_core.verb:set package 'ackermann_mux' build argument 'cmake_force_configure' from command line to 'False'
[2.063s] Level 5:colcon.colcon_core.verb:set package 'ackermann_mux' build argument 'ament_cmake_args' from command line to 'None'
[2.063s] Level 5:colcon.colcon_core.verb:set package 'ackermann_mux' build argument 'catkin_cmake_args' from command line to 'None'
[2.063s] Level 5:colcon.colcon_core.verb:set package 'ackermann_mux' build argument 'catkin_skip_building_tests' from command line to 'False'
[2.064s] DEBUG:colcon.colcon_core.verb:Building package 'ackermann_mux' with the following arguments: {'ament_cmake_args': None, 'build_base': '/home/coche/coche_ws/build/ackermann_mux', 'catkin_cmake_args': None, 'catkin_skip_building_tests': False, 'cmake_args': None, 'cmake_clean_cache': False, 'cmake_clean_first': False, 'cmake_force_configure': False, 'cmake_target': None, 'cmake_target_skip_unavailable': False, 'install_base': '/home/coche/coche_ws/install/ackermann_mux', 'merge_install': False, 'path': '/home/coche/coche_ws/src/f1tenth_system/ackermann_mux', 'symlink_install': False, 'test_result_base': None}
[2.065s] Level 5:colcon.colcon_core.verb:set package 'gap_follow' build argument 'cmake_args' from command line to 'None'
[2.065s] Level 5:colcon.colcon_core.verb:set package 'gap_follow' build argument 'cmake_target' from command line to 'None'
[2.065s] Level 5:colcon.colcon_core.verb:set package 'gap_follow' build argument 'cmake_target_skip_unavailable' from command line to 'False'
[2.065s] Level 5:colcon.colcon_core.verb:set package 'gap_follow' build argument 'cmake_clean_cache' from command line to 'False'
[2.066s] Level 5:colcon.colcon_core.verb:set package 'gap_follow' build argument 'cmake_clean_first' from command line to 'False'
[2.066s] Level 5:colcon.colcon_core.verb:set package 'gap_follow' build argument 'cmake_force_configure' from command line to 'False'
[2.066s] Level 5:colcon.colcon_core.verb:set package 'gap_follow' build argument 'ament_cmake_args' from command line to 'None'
[2.066s] Level 5:colcon.colcon_core.verb:set package 'gap_follow' build argument 'catkin_cmake_args' from command line to 'None'
[2.066s] Level 5:colcon.colcon_core.verb:set package 'gap_follow' build argument 'catkin_skip_building_tests' from command line to 'False'
[2.066s] DEBUG:colcon.colcon_core.verb:Building package 'gap_follow' with the following arguments: {'ament_cmake_args': None, 'build_base': '/home/coche/coche_ws/build/gap_follow', 'catkin_cmake_args': None, 'catkin_skip_building_tests': False, 'cmake_args': None, 'cmake_clean_cache': False, 'cmake_clean_first': False, 'cmake_force_configure': False, 'cmake_target': None, 'cmake_target_skip_unavailable': False, 'install_base': '/home/coche/coche_ws/install/gap_follow', 'merge_install': False, 'path': '/home/coche/coche_ws/src/f1tenth_system/gap_follow', 'symlink_install': False, 'test_result_base': None}
[2.068s] Level 5:colcon.colcon_core.verb:set package 'key_teleop' build argument 'cmake_args' from command line to 'None'
[2.068s] Level 5:colcon.colcon_core.verb:set package 'key_teleop' build argument 'cmake_target' from command line to 'None'
[2.068s] Level 5:colcon.colcon_core.verb:set package 'key_teleop' build argument 'cmake_target_skip_unavailable' from command line to 'False'
[2.068s] Level 5:colcon.colcon_core.verb:set package 'key_teleop' build argument 'cmake_clean_cache' from command line to 'False'
[2.068s] Level 5:colcon.colcon_core.verb:set package 'key_teleop' build argument 'cmake_clean_first' from command line to 'False'
[2.068s] Level 5:colcon.colcon_core.verb:set package 'key_teleop' build argument 'cmake_force_configure' from command line to 'False'
[2.068s] Level 5:colcon.colcon_core.verb:set package 'key_teleop' build argument 'ament_cmake_args' from command line to 'None'
[2.068s] Level 5:colcon.colcon_core.verb:set package 'key_teleop' build argument 'catkin_cmake_args' from command line to 'None'
[2.069s] Level 5:colcon.colcon_core.verb:set package 'key_teleop' build argument 'catkin_skip_building_tests' from command line to 'False'
[2.069s] DEBUG:colcon.colcon_core.verb:Building package 'key_teleop' with the following arguments: {'ament_cmake_args': None, 'build_base': '/home/coche/coche_ws/build/key_teleop', 'catkin_cmake_args': None, 'catkin_skip_building_tests': False, 'cmake_args': None, 'cmake_clean_cache': False, 'cmake_clean_first': False, 'cmake_force_configure': False, 'cmake_target': None, 'cmake_target_skip_unavailable': False, 'install_base': '/home/coche/coche_ws/install/key_teleop', 'merge_install': False, 'path': '/home/coche/coche_ws/src/f1tenth_system/teleop_tools/key_teleop', 'symlink_install': False, 'test_result_base': None}
[2.070s] Level 5:colcon.colcon_core.verb:set package 'lqr' build argument 'cmake_args' from command line to 'None'
[2.070s] Level 5:colcon.colcon_core.verb:set package 'lqr' build argument 'cmake_target' from command line to 'None'
[2.070s] Level 5:colcon.colcon_core.verb:set package 'lqr' build argument 'cmake_target_skip_unavailable' from command line to 'False'
[2.070s] Level 5:colcon.colcon_core.verb:set package 'lqr' build argument 'cmake_clean_cache' from command line to 'False'
[2.071s] Level 5:colcon.colcon_core.verb:set package 'lqr' build argument 'cmake_clean_first' from command line to 'False'
[2.071s] Level 5:colcon.colcon_core.verb:set package 'lqr' build argument 'cmake_force_configure' from command line to 'False'
[2.071s] Level 5:colcon.colcon_core.verb:set package 'lqr' build argument 'ament_cmake_args' from command line to 'None'
[2.071s] Level 5:colcon.colcon_core.verb:set package 'lqr' build argument 'catkin_cmake_args' from command line to 'None'
[2.071s] Level 5:colcon.colcon_core.verb:set package 'lqr' build argument 'catkin_skip_building_tests' from command line to 'False'
[2.071s] DEBUG:colcon.colcon_core.verb:Building package 'lqr' with the following arguments: {'ament_cmake_args': None, 'build_base': '/home/coche/coche_ws/build/lqr', 'catkin_cmake_args': None, 'catkin_skip_building_tests': False, 'cmake_args': None, 'cmake_clean_cache': False, 'cmake_clean_first': False, 'cmake_force_configure': False, 'cmake_target': None, 'cmake_target_skip_unavailable': False, 'install_base': '/home/coche/coche_ws/install/lqr', 'merge_install': False, 'path': '/home/coche/coche_ws/src/f1tenth_system/lqr', 'symlink_install': False, 'test_result_base': None}
[2.073s] Level 5:colcon.colcon_core.verb:set package 'mouse_teleop' build argument 'cmake_args' from command line to 'None'
[2.073s] Level 5:colcon.colcon_core.verb:set package 'mouse_teleop' build argument 'cmake_target' from command line to 'None'
[2.073s] Level 5:colcon.colcon_core.verb:set package 'mouse_teleop' build argument 'cmake_target_skip_unavailable' from command line to 'False'
[2.073s] Level 5:colcon.colcon_core.verb:set package 'mouse_teleop' build argument 'cmake_clean_cache' from command line to 'False'
[2.073s] Level 5:colcon.colcon_core.verb:set package 'mouse_teleop' build argument 'cmake_clean_first' from command line to 'False'
[2.073s] Level 5:colcon.colcon_core.verb:set package 'mouse_teleop' build argument 'cmake_force_configure' from command line to 'False'
[2.073s] Level 5:colcon.colcon_core.verb:set package 'mouse_teleop' build argument 'ament_cmake_args' from command line to 'None'
[2.073s] Level 5:colcon.colcon_core.verb:set package 'mouse_teleop' build argument 'catkin_cmake_args' from command line to 'None'
[2.074s] Level 5:colcon.colcon_core.verb:set package 'mouse_teleop' build argument 'catkin_skip_building_tests' from command line to 'False'
[2.074s] DEBUG:colcon.colcon_core.verb:Building package 'mouse_teleop' with the following arguments: {'ament_cmake_args': None, 'build_base': '/home/coche/coche_ws/build/mouse_teleop', 'catkin_cmake_args': None, 'catkin_skip_building_tests': False, 'cmake_args': None, 'cmake_clean_cache': False, 'cmake_clean_first': False, 'cmake_force_configure': False, 'cmake_target': None, 'cmake_target_skip_unavailable': False, 'install_base': '/home/coche/coche_ws/install/mouse_teleop', 'merge_install': False, 'path': '/home/coche/coche_ws/src/f1tenth_system/teleop_tools/mouse_teleop', 'symlink_install': False, 'test_result_base': None}
[2.075s] Level 5:colcon.colcon_core.verb:set package 'particle_filter' build argument 'cmake_args' from command line to 'None'
[2.075s] Level 5:colcon.colcon_core.verb:set package 'particle_filter' build argument 'cmake_target' from command line to 'None'
[2.075s] Level 5:colcon.colcon_core.verb:set package 'particle_filter' build argument 'cmake_target_skip_unavailable' from command line to 'False'
[2.075s] Level 5:colcon.colcon_core.verb:set package 'particle_filter' build argument 'cmake_clean_cache' from command line to 'False'
[2.075s] Level 5:colcon.colcon_core.verb:set package 'particle_filter' build argument 'cmake_clean_first' from command line to 'False'
[2.076s] Level 5:colcon.colcon_core.verb:set package 'particle_filter' build argument 'cmake_force_configure' from command line to 'False'
[2.076s] Level 5:colcon.colcon_core.verb:set package 'particle_filter' build argument 'ament_cmake_args' from command line to 'None'
[2.076s] Level 5:colcon.colcon_core.verb:set package 'particle_filter' build argument 'catkin_cmake_args' from command line to 'None'
[2.076s] Level 5:colcon.colcon_core.verb:set package 'particle_filter' build argument 'catkin_skip_building_tests' from command line to 'False'
[2.076s] DEBUG:colcon.colcon_core.verb:Building package 'particle_filter' with the following arguments: {'ament_cmake_args': None, 'build_base': '/home/coche/coche_ws/build/particle_filter', 'catkin_cmake_args': None, 'catkin_skip_building_tests': False, 'cmake_args': None, 'cmake_clean_cache': False, 'cmake_clean_first': False, 'cmake_force_configure': False, 'cmake_target': None, 'cmake_target_skip_unavailable': False, 'install_base': '/home/coche/coche_ws/install/particle_filter', 'merge_install': False, 'path': '/home/coche/coche_ws/src/f1tenth_system/particle filter', 'symlink_install': False, 'test_result_base': None}
[2.077s] Level 5:colcon.colcon_core.verb:set package 'pure_pursuit' build argument 'cmake_args' from command line to 'None'
[2.078s] Level 5:colcon.colcon_core.verb:set package 'pure_pursuit' build argument 'cmake_target' from command line to 'None'
[2.078s] Level 5:colcon.colcon_core.verb:set package 'pure_pursuit' build argument 'cmake_target_skip_unavailable' from command line to 'False'
[2.078s] Level 5:colcon.colcon_core.verb:set package 'pure_pursuit' build argument 'cmake_clean_cache' from command line to 'False'
[2.078s] Level 5:colcon.colcon_core.verb:set package 'pure_pursuit' build argument 'cmake_clean_first' from command line to 'False'
[2.078s] Level 5:colcon.colcon_core.verb:set package 'pure_pursuit' build argument 'cmake_force_configure' from command line to 'False'
[2.078s] Level 5:colcon.colcon_core.verb:set package 'pure_pursuit' build argument 'ament_cmake_args' from command line to 'None'
[2.078s] Level 5:colcon.colcon_core.verb:set package 'pure_pursuit' build argument 'catkin_cmake_args' from command line to 'None'
[2.078s] Level 5:colcon.colcon_core.verb:set package 'pure_pursuit' build argument 'catkin_skip_building_tests' from command line to 'False'
[2.079s] DEBUG:colcon.colcon_core.verb:Building package 'pure_pursuit' with the following arguments: {'ament_cmake_args': None, 'build_base': '/home/coche/coche_ws/build/pure_pursuit', 'catkin_cmake_args': None, 'catkin_skip_building_tests': False, 'cmake_args': None, 'cmake_clean_cache': False, 'cmake_clean_first': False, 'cmake_force_configure': False, 'cmake_target': None, 'cmake_target_skip_unavailable': False, 'install_base': '/home/coche/coche_ws/install/pure_pursuit', 'merge_install': False, 'path': '/home/coche/coche_ws/src/f1tenth_system/pure_pursuit', 'symlink_install': False, 'test_result_base': None}
[2.080s] Level 5:colcon.colcon_core.verb:set package 'stanley_avoidance' build argument 'cmake_args' from command line to 'None'
[2.080s] Level 5:colcon.colcon_core.verb:set package 'stanley_avoidance' build argument 'cmake_target' from command line to 'None'
[2.080s] Level 5:colcon.colcon_core.verb:set package 'stanley_avoidance' build argument 'cmake_target_skip_unavailable' from command line to 'False'
[2.080s] Level 5:colcon.colcon_core.verb:set package 'stanley_avoidance' build argument 'cmake_clean_cache' from command line to 'False'
[2.080s] Level 5:colcon.colcon_core.verb:set package 'stanley_avoidance' build argument 'cmake_clean_first' from command line to 'False'
[2.081s] Level 5:colcon.colcon_core.verb:set package 'stanley_avoidance' build argument 'cmake_force_configure' from command line to 'False'
[2.081s] Level 5:colcon.colcon_core.verb:set package 'stanley_avoidance' build argument 'ament_cmake_args' from command line to 'None'
[2.081s] Level 5:colcon.colcon_core.verb:set package 'stanley_avoidance' build argument 'catkin_cmake_args' from command line to 'None'
[2.081s] Level 5:colcon.colcon_core.verb:set package 'stanley_avoidance' build argument 'catkin_skip_building_tests' from command line to 'False'
[2.081s] DEBUG:colcon.colcon_core.verb:Building package 'stanley_avoidance' with the following arguments: {'ament_cmake_args': None, 'build_base': '/home/coche/coche_ws/build/stanley_avoidance', 'catkin_cmake_args': None, 'catkin_skip_building_tests': False, 'cmake_args': None, 'cmake_clean_cache': False, 'cmake_clean_first': False, 'cmake_force_configure': False, 'cmake_target': None, 'cmake_target_skip_unavailable': False, 'install_base': '/home/coche/coche_ws/install/stanley_avoidance', 'merge_install': False, 'path': '/home/coche/coche_ws/src/f1tenth_system/stanley_avoidance', 'symlink_install': False, 'test_result_base': None}
[2.082s] Level 5:colcon.colcon_core.verb:set package 'teleop_tools_msgs' build argument 'cmake_args' from command line to 'None'
[2.082s] Level 5:colcon.colcon_core.verb:set package 'teleop_tools_msgs' build argument 'cmake_target' from command line to 'None'
[2.082s] Level 5:colcon.colcon_core.verb:set package 'teleop_tools_msgs' build argument 'cmake_target_skip_unavailable' from command line to 'False'
[2.083s] Level 5:colcon.colcon_core.verb:set package 'teleop_tools_msgs' build argument 'cmake_clean_cache' from command line to 'False'
[2.083s] Level 5:colcon.colcon_core.verb:set package 'teleop_tools_msgs' build argument 'cmake_clean_first' from command line to 'False'
[2.083s] Level 5:colcon.colcon_core.verb:set package 'teleop_tools_msgs' build argument 'cmake_force_configure' from command line to 'False'
[2.083s] Level 5:colcon.colcon_core.verb:set package 'teleop_tools_msgs' build argument 'ament_cmake_args' from command line to 'None'
[2.083s] Level 5:colcon.colcon_core.verb:set package 'teleop_tools_msgs' build argument 'catkin_cmake_args' from command line to 'None'
[2.083s] Level 5:colcon.colcon_core.verb:set package 'teleop_tools_msgs' build argument 'catkin_skip_building_tests' from command line to 'False'
[2.083s] DEBUG:colcon.colcon_core.verb:Building package 'teleop_tools_msgs' with the following arguments: {'ament_cmake_args': None, 'build_base': '/home/coche/coche_ws/build/teleop_tools_msgs', 'catkin_cmake_args': None, 'catkin_skip_building_tests': False, 'cmake_args': None, 'cmake_clean_cache': False, 'cmake_clean_first': False, 'cmake_force_configure': False, 'cmake_target': None, 'cmake_target_skip_unavailable': False, 'install_base': '/home/coche/coche_ws/install/teleop_tools_msgs', 'merge_install': False, 'path': '/home/coche/coche_ws/src/f1tenth_system/teleop_tools/teleop_tools_msgs', 'symlink_install': False, 'test_result_base': None}
[2.085s] Level 5:colcon.colcon_core.verb:set package 'ver_trayectoria' build argument 'cmake_args' from command line to 'None'
[2.085s] Level 5:colcon.colcon_core.verb:set package 'ver_trayectoria' build argument 'cmake_target' from command line to 'None'
[2.085s] Level 5:colcon.colcon_core.verb:set package 'ver_trayectoria' build argument 'cmake_target_skip_unavailable' from command line to 'False'
[2.085s] Level 5:colcon.colcon_core.verb:set package 'ver_trayectoria' build argument 'cmake_clean_cache' from command line to 'False'
[2.085s] Level 5:colcon.colcon_core.verb:set package 'ver_trayectoria' build argument 'cmake_clean_first' from command line to 'False'
[2.085s] Level 5:colcon.colcon_core.verb:set package 'ver_trayectoria' build argument 'cmake_force_configure' from command line to 'False'
[2.085s] Level 5:colcon.colcon_core.verb:set package 'ver_trayectoria' build argument 'ament_cmake_args' from command line to 'None'
[2.085s] Level 5:colcon.colcon_core.verb:set package 'ver_trayectoria' build argument 'catkin_cmake_args' from command line to 'None'
[2.086s] Level 5:colcon.colcon_core.verb:set package 'ver_trayectoria' build argument 'catkin_skip_building_tests' from command line to 'False'
[2.086s] DEBUG:colcon.colcon_core.verb:Building package 'ver_trayectoria' with the following arguments: {'ament_cmake_args': None, 'build_base': '/home/coche/coche_ws/build/ver_trayectoria', 'catkin_cmake_args': None, 'catkin_skip_building_tests': False, 'cmake_args': None, 'cmake_clean_cache': False, 'cmake_clean_first': False, 'cmake_force_configure': False, 'cmake_target': None, 'cmake_target_skip_unavailable': False, 'install_base': '/home/coche/coche_ws/install/ver_trayectoria', 'merge_install': False, 'path': '/home/coche/coche_ws/src/f1tenth_system/ver_trayectoria', 'symlink_install': False, 'test_result_base': None}
[2.087s] Level 5:colcon.colcon_core.verb:set package 'vesc_msgs' build argument 'cmake_args' from command line to 'None'
[2.087s] Level 5:colcon.colcon_core.verb:set package 'vesc_msgs' build argument 'cmake_target' from command line to 'None'
[2.087s] Level 5:colcon.colcon_core.verb:set package 'vesc_msgs' build argument 'cmake_target_skip_unavailable' from command line to 'False'
[2.087s] Level 5:colcon.colcon_core.verb:set package 'vesc_msgs' build argument 'cmake_clean_cache' from command line to 'False'
[2.087s] Level 5:colcon.colcon_core.verb:set package 'vesc_msgs' build argument 'cmake_clean_first' from command line to 'False'
[2.088s] Level 5:colcon.colcon_core.verb:set package 'vesc_msgs' build argument 'cmake_force_configure' from command line to 'False'
[2.088s] Level 5:colcon.colcon_core.verb:set package 'vesc_msgs' build argument 'ament_cmake_args' from command line to 'None'
[2.088s] Level 5:colcon.colcon_core.verb:set package 'vesc_msgs' build argument 'catkin_cmake_args' from command line to 'None'
[2.088s] Level 5:colcon.colcon_core.verb:set package 'vesc_msgs' build argument 'catkin_skip_building_tests' from command line to 'False'
[2.088s] DEBUG:colcon.colcon_core.verb:Building package 'vesc_msgs' with the following arguments: {'ament_cmake_args': None, 'build_base': '/home/coche/coche_ws/build/vesc_msgs', 'catkin_cmake_args': None, 'catkin_skip_building_tests': False, 'cmake_args': None, 'cmake_clean_cache': False, 'cmake_clean_first': False, 'cmake_force_configure': False, 'cmake_target': None, 'cmake_target_skip_unavailable': False, 'install_base': '/home/coche/coche_ws/install/vesc_msgs', 'merge_install': False, 'path': '/home/coche/coche_ws/src/f1tenth_system/vesc/vesc_msgs', 'symlink_install': False, 'test_result_base': None}
[2.089s] Level 5:colcon.colcon_core.verb:set package 'wall_follow' build argument 'cmake_args' from command line to 'None'
[2.090s] Level 5:colcon.colcon_core.verb:set package 'wall_follow' build argument 'cmake_target' from command line to 'None'
[2.090s] Level 5:colcon.colcon_core.verb:set package 'wall_follow' build argument 'cmake_target_skip_unavailable' from command line to 'False'
[2.090s] Level 5:colcon.colcon_core.verb:set package 'wall_follow' build argument 'cmake_clean_cache' from command line to 'False'
[2.090s] Level 5:colcon.colcon_core.verb:set package 'wall_follow' build argument 'cmake_clean_first' from command line to 'False'
[2.090s] Level 5:colcon.colcon_core.verb:set package 'wall_follow' build argument 'cmake_force_configure' from command line to 'False'
[2.090s] Level 5:colcon.colcon_core.verb:set package 'wall_follow' build argument 'ament_cmake_args' from command line to 'None'
[2.090s] Level 5:colcon.colcon_core.verb:set package 'wall_follow' build argument 'catkin_cmake_args' from command line to 'None'
[2.090s] Level 5:colcon.colcon_core.verb:set package 'wall_follow' build argument 'catkin_skip_building_tests' from command line to 'False'
[2.090s] DEBUG:colcon.colcon_core.verb:Building package 'wall_follow' with the following arguments: {'ament_cmake_args': None, 'build_base': '/home/coche/coche_ws/build/wall_follow', 'catkin_cmake_args': None, 'catkin_skip_building_tests': False, 'cmake_args': None, 'cmake_clean_cache': False, 'cmake_clean_first': False, 'cmake_force_configure': False, 'cmake_target': None, 'cmake_target_skip_unavailable': False, 'install_base': '/home/coche/coche_ws/install/wall_follow', 'merge_install': False, 'path': '/home/coche/coche_ws/src/f1tenth_system/wall_follow', 'symlink_install': False, 'test_result_base': None}
[2.092s] Level 5:colcon.colcon_core.verb:set package 'waypoint_generator' build argument 'cmake_args' from command line to 'None'
[2.092s] Level 5:colcon.colcon_core.verb:set package 'waypoint_generator' build argument 'cmake_target' from command line to 'None'
[2.092s] Level 5:colcon.colcon_core.verb:set package 'waypoint_generator' build argument 'cmake_target_skip_unavailable' from command line to 'False'
[2.092s] Level 5:colcon.colcon_core.verb:set package 'waypoint_generator' build argument 'cmake_clean_cache' from command line to 'False'
[2.092s] Level 5:colcon.colcon_core.verb:set package 'waypoint_generator' build argument 'cmake_clean_first' from command line to 'False'
[2.092s] Level 5:colcon.colcon_core.verb:set package 'waypoint_generator' build argument 'cmake_force_configure' from command line to 'False'
[2.092s] Level 5:colcon.colcon_core.verb:set package 'waypoint_generator' build argument 'ament_cmake_args' from command line to 'None'
[2.093s] Level 5:colcon.colcon_core.verb:set package 'waypoint_generator' build argument 'catkin_cmake_args' from command line to 'None'
[2.093s] Level 5:colcon.colcon_core.verb:set package 'waypoint_generator' build argument 'catkin_skip_building_tests' from command line to 'False'
[2.093s] DEBUG:colcon.colcon_core.verb:Building package 'waypoint_generator' with the following arguments: {'ament_cmake_args': None, 'build_base': '/home/coche/coche_ws/build/waypoint_generator', 'catkin_cmake_args': None, 'catkin_skip_building_tests': False, 'cmake_args': None, 'cmake_clean_cache': False, 'cmake_clean_first': False, 'cmake_force_configure': False, 'cmake_target': None, 'cmake_target_skip_unavailable': False, 'install_base': '/home/coche/coche_ws/install/waypoint_generator', 'merge_install': False, 'path': '/home/coche/coche_ws/src/f1tenth_system/waypoint_generator', 'symlink_install': False, 'test_result_base': None}
[2.094s] Level 5:colcon.colcon_core.verb:set package 'joy_teleop' build argument 'cmake_args' from command line to 'None'
[2.094s] Level 5:colcon.colcon_core.verb:set package 'joy_teleop' build argument 'cmake_target' from command line to 'None'
[2.095s] Level 5:colcon.colcon_core.verb:set package 'joy_teleop' build argument 'cmake_target_skip_unavailable' from command line to 'False'
[2.095s] Level 5:colcon.colcon_core.verb:set package 'joy_teleop' build argument 'cmake_clean_cache' from command line to 'False'
[2.095s] Level 5:colcon.colcon_core.verb:set package 'joy_teleop' build argument 'cmake_clean_first' from command line to 'False'
[2.095s] Level 5:colcon.colcon_core.verb:set package 'joy_teleop' build argument 'cmake_force_configure' from command line to 'False'
[2.095s] Level 5:colcon.colcon_core.verb:set package 'joy_teleop' build argument 'ament_cmake_args' from command line to 'None'
[2.095s] Level 5:colcon.colcon_core.verb:set package 'joy_teleop' build argument 'catkin_cmake_args' from command line to 'None'
[2.095s] Level 5:colcon.colcon_core.verb:set package 'joy_teleop' build argument 'catkin_skip_building_tests' from command line to 'False'
[2.095s] DEBUG:colcon.colcon_core.verb:Building package 'joy_teleop' with the following arguments: {'ament_cmake_args': None, 'build_base': '/home/coche/coche_ws/build/joy_teleop', 'catkin_cmake_args': None, 'catkin_skip_building_tests': False, 'cmake_args': None, 'cmake_clean_cache': False, 'cmake_clean_first': False, 'cmake_force_configure': False, 'cmake_target': None, 'cmake_target_skip_unavailable': False, 'install_base': '/home/coche/coche_ws/install/joy_teleop', 'merge_install': False, 'path': '/home/coche/coche_ws/src/f1tenth_system/teleop_tools/joy_teleop', 'symlink_install': False, 'test_result_base': None}
[2.097s] Level 5:colcon.colcon_core.verb:set package 'vesc_ackermann' build argument 'cmake_args' from command line to 'None'
[2.097s] Level 5:colcon.colcon_core.verb:set package 'vesc_ackermann' build argument 'cmake_target' from command line to 'None'
[2.097s] Level 5:colcon.colcon_core.verb:set package 'vesc_ackermann' build argument 'cmake_target_skip_unavailable' from command line to 'False'
[2.097s] Level 5:colcon.colcon_core.verb:set package 'vesc_ackermann' build argument 'cmake_clean_cache' from command line to 'False'
[2.097s] Level 5:colcon.colcon_core.verb:set package 'vesc_ackermann' build argument 'cmake_clean_first' from command line to 'False'
[2.097s] Level 5:colcon.colcon_core.verb:set package 'vesc_ackermann' build argument 'cmake_force_configure' from command line to 'False'
[2.097s] Level 5:colcon.colcon_core.verb:set package 'vesc_ackermann' build argument 'ament_cmake_args' from command line to 'None'
[2.097s] Level 5:colcon.colcon_core.verb:set package 'vesc_ackermann' build argument 'catkin_cmake_args' from command line to 'None'
[2.098s] Level 5:colcon.colcon_core.verb:set package 'vesc_ackermann' build argument 'catkin_skip_building_tests' from command line to 'False'
[2.098s] DEBUG:colcon.colcon_core.verb:Building package 'vesc_ackermann' with the following arguments: {'ament_cmake_args': None, 'build_base': '/home/coche/coche_ws/build/vesc_ackermann', 'catkin_cmake_args': None, 'catkin_skip_building_tests': False, 'cmake_args': None, 'cmake_clean_cache': False, 'cmake_clean_first': False, 'cmake_force_configure': False, 'cmake_target': None, 'cmake_target_skip_unavailable': False, 'install_base': '/home/coche/coche_ws/install/vesc_ackermann', 'merge_install': False, 'path': '/home/coche/coche_ws/src/f1tenth_system/vesc/vesc_ackermann', 'symlink_install': False, 'test_result_base': None}
[2.099s] Level 5:colcon.colcon_core.verb:set package 'vesc_driver' build argument 'cmake_args' from command line to 'None'
[2.099s] Level 5:colcon.colcon_core.verb:set package 'vesc_driver' build argument 'cmake_target' from command line to 'None'
[2.099s] Level 5:colcon.colcon_core.verb:set package 'vesc_driver' build argument 'cmake_target_skip_unavailable' from command line to 'False'
[2.099s] Level 5:colcon.colcon_core.verb:set package 'vesc_driver' build argument 'cmake_clean_cache' from command line to 'False'
[2.100s] Level 5:colcon.colcon_core.verb:set package 'vesc_driver' build argument 'cmake_clean_first' from command line to 'False'
[2.100s] Level 5:colcon.colcon_core.verb:set package 'vesc_driver' build argument 'cmake_force_configure' from command line to 'False'
[2.100s] Level 5:colcon.colcon_core.verb:set package 'vesc_driver' build argument 'ament_cmake_args' from command line to 'None'
[2.100s] Level 5:colcon.colcon_core.verb:set package 'vesc_driver' build argument 'catkin_cmake_args' from command line to 'None'
[2.100s] Level 5:colcon.colcon_core.verb:set package 'vesc_driver' build argument 'catkin_skip_building_tests' from command line to 'False'
[2.100s] DEBUG:colcon.colcon_core.verb:Building package 'vesc_driver' with the following arguments: {'ament_cmake_args': None, 'build_base': '/home/coche/coche_ws/build/vesc_driver', 'catkin_cmake_args': None, 'catkin_skip_building_tests': False, 'cmake_args': None, 'cmake_clean_cache': False, 'cmake_clean_first': False, 'cmake_force_configure': False, 'cmake_target': None, 'cmake_target_skip_unavailable': False, 'install_base': '/home/coche/coche_ws/install/vesc_driver', 'merge_install': False, 'path': '/home/coche/coche_ws/src/f1tenth_system/vesc/vesc_driver', 'symlink_install': False, 'test_result_base': None}
[2.101s] Level 5:colcon.colcon_core.verb:set package 'teleop_tools' build argument 'cmake_args' from command line to 'None'
[2.102s] Level 5:colcon.colcon_core.verb:set package 'teleop_tools' build argument 'cmake_target' from command line to 'None'
[2.102s] Level 5:colcon.colcon_core.verb:set package 'teleop_tools' build argument 'cmake_target_skip_unavailable' from command line to 'False'
[2.102s] Level 5:colcon.colcon_core.verb:set package 'teleop_tools' build argument 'cmake_clean_cache' from command line to 'False'
[2.102s] Level 5:colcon.colcon_core.verb:set package 'teleop_tools' build argument 'cmake_clean_first' from command line to 'False'
[2.102s] Level 5:colcon.colcon_core.verb:set package 'teleop_tools' build argument 'cmake_force_configure' from command line to 'False'
[2.102s] Level 5:colcon.colcon_core.verb:set package 'teleop_tools' build argument 'ament_cmake_args' from command line to 'None'
[2.102s] Level 5:colcon.colcon_core.verb:set package 'teleop_tools' build argument 'catkin_cmake_args' from command line to 'None'
[2.102s] Level 5:colcon.colcon_core.verb:set package 'teleop_tools' build argument 'catkin_skip_building_tests' from command line to 'False'
[2.102s] DEBUG:colcon.colcon_core.verb:Building package 'teleop_tools' with the following arguments: {'ament_cmake_args': None, 'build_base': '/home/coche/coche_ws/build/teleop_tools', 'catkin_cmake_args': None, 'catkin_skip_building_tests': False, 'cmake_args': None, 'cmake_clean_cache': False, 'cmake_clean_first': False, 'cmake_force_configure': False, 'cmake_target': None, 'cmake_target_skip_unavailable': False, 'install_base': '/home/coche/coche_ws/install/teleop_tools', 'merge_install': False, 'path': '/home/coche/coche_ws/src/f1tenth_system/teleop_tools/teleop_tools', 'symlink_install': False, 'test_result_base': None}
[2.104s] Level 5:colcon.colcon_core.verb:set package 'vesc' build argument 'cmake_args' from command line to 'None'
[2.104s] Level 5:colcon.colcon_core.verb:set package 'vesc' build argument 'cmake_target' from command line to 'None'
[2.104s] Level 5:colcon.colcon_core.verb:set package 'vesc' build argument 'cmake_target_skip_unavailable' from command line to 'False'
[2.105s] Level 5:colcon.colcon_core.verb:set package 'vesc' build argument 'cmake_clean_cache' from command line to 'False'
[2.105s] Level 5:colcon.colcon_core.verb:set package 'vesc' build argument 'cmake_clean_first' from command line to 'False'
[2.105s] Level 5:colcon.colcon_core.verb:set package 'vesc' build argument 'cmake_force_configure' from command line to 'False'
[2.105s] Level 5:colcon.colcon_core.verb:set package 'vesc' build argument 'ament_cmake_args' from command line to 'None'
[2.105s] Level 5:colcon.colcon_core.verb:set package 'vesc' build argument 'catkin_cmake_args' from command line to 'None'
[2.105s] Level 5:colcon.colcon_core.verb:set package 'vesc' build argument 'catkin_skip_building_tests' from command line to 'False'
[2.105s] DEBUG:colcon.colcon_core.verb:Building package 'vesc' with the following arguments: {'ament_cmake_args': None, 'build_base': '/home/coche/coche_ws/build/vesc', 'catkin_cmake_args': None, 'catkin_skip_building_tests': False, 'cmake_args': None, 'cmake_clean_cache': False, 'cmake_clean_first': False, 'cmake_force_configure': False, 'cmake_target': None, 'cmake_target_skip_unavailable': False, 'install_base': '/home/coche/coche_ws/install/vesc', 'merge_install': False, 'path': '/home/coche/coche_ws/src/f1tenth_system/vesc/vesc', 'symlink_install': False, 'test_result_base': None}
[2.107s] Level 5:colcon.colcon_core.verb:set package 'f1tenth_stack' build argument 'cmake_args' from command line to 'None'
[2.107s] Level 5:colcon.colcon_core.verb:set package 'f1tenth_stack' build argument 'cmake_target' from command line to 'None'
[2.107s] Level 5:colcon.colcon_core.verb:set package 'f1tenth_stack' build argument 'cmake_target_skip_unavailable' from command line to 'False'
[2.107s] Level 5:colcon.colcon_core.verb:set package 'f1tenth_stack' build argument 'cmake_clean_cache' from command line to 'False'
[2.107s] Level 5:colcon.colcon_core.verb:set package 'f1tenth_stack' build argument 'cmake_clean_first' from command line to 'False'
[2.107s] Level 5:colcon.colcon_core.verb:set package 'f1tenth_stack' build argument 'cmake_force_configure' from command line to 'False'
[2.107s] Level 5:colcon.colcon_core.verb:set package 'f1tenth_stack' build argument 'ament_cmake_args' from command line to 'None'
[2.108s] Level 5:colcon.colcon_core.verb:set package 'f1tenth_stack' build argument 'catkin_cmake_args' from command line to 'None'
[2.108s] Level 5:colcon.colcon_core.verb:set package 'f1tenth_stack' build argument 'catkin_skip_building_tests' from command line to 'False'
[2.108s] DEBUG:colcon.colcon_core.verb:Building package 'f1tenth_stack' with the following arguments: {'ament_cmake_args': None, 'build_base': '/home/coche/coche_ws/build/f1tenth_stack', 'catkin_cmake_args': None, 'catkin_skip_building_tests': False, 'cmake_args': None, 'cmake_clean_cache': False, 'cmake_clean_first': False, 'cmake_force_configure': False, 'cmake_target': None, 'cmake_target_skip_unavailable': False, 'install_base': '/home/coche/coche_ws/install/f1tenth_stack', 'merge_install': False, 'path': '/home/coche/coche_ws/src/f1tenth_system/f1tenth_stack', 'symlink_install': False, 'test_result_base': None}
[2.108s] INFO:colcon.colcon_core.executor:Executing jobs using 'parallel' executor
[2.113s] DEBUG:colcon.colcon_parallel_executor.executor.parallel:run_until_complete
[2.115s] INFO:colcon.colcon_ros.task.ament_cmake.build:Building ROS package in '/home/coche/coche_ws/src/f1tenth_system/vesc/vesc_msgs' with build type 'ament_cmake'
[2.116s] INFO:colcon.colcon_cmake.task.cmake.build:Building CMake package in '/home/coche/coche_ws/src/f1tenth_system/vesc/vesc_msgs'
[2.127s] INFO:colcon.colcon_core.plugin_system:Skipping extension 'colcon_core.shell.bat': Not used on non-Windows systems
[2.128s] INFO:colcon.colcon_core.shell:Skip shell extension 'powershell' for command environment: Not usable outside of PowerShell
[2.128s] DEBUG:colcon.colcon_core.shell:Skip shell extension 'dsv' for command environment
[2.164s] INFO:colcon.colcon_ros.task.ament_cmake.build:Building ROS package in '/home/coche/coche_ws/src/f1tenth_system/teleop_tools/teleop_tools_msgs' with build type 'ament_cmake'
[2.167s] INFO:colcon.colcon_cmake.task.cmake.build:Building CMake package in '/home/coche/coche_ws/src/f1tenth_system/teleop_tools/teleop_tools_msgs'
[2.172s] INFO:colcon.colcon_core.shell:Skip shell extension 'powershell' for command environment: Not usable outside of PowerShell
[2.172s] DEBUG:colcon.colcon_core.shell:Skip shell extension 'dsv' for command environment
[2.211s] INFO:colcon.colcon_ros.task.ament_cmake.build:Building ROS package in '/home/coche/coche_ws/src/f1tenth_system/ackermann_mux' with build type 'ament_cmake'
[2.214s] INFO:colcon.colcon_cmake.task.cmake.build:Building CMake package in '/home/coche/coche_ws/src/f1tenth_system/ackermann_mux'
[2.218s] INFO:colcon.colcon_core.shell:Skip shell extension 'powershell' for command environment: Not usable outside of PowerShell
[2.221s] DEBUG:colcon.colcon_core.shell:Skip shell extension 'dsv' for command environment
[2.260s] INFO:colcon.colcon_ros.task.ament_python.build:Building ROS package in '/home/coche/coche_ws/src/f1tenth_system/teleop_tools/key_teleop' with build type 'ament_python'
[2.264s] Level 1:colcon.colcon_core.shell:create_environment_hook('key_teleop', 'ament_prefix_path')
[2.267s] INFO:colcon.colcon_core.shell:Creating environment hook '/home/coche/coche_ws/install/key_teleop/share/key_teleop/hook/ament_prefix_path.ps1'
[2.273s] INFO:colcon.colcon_core.shell:Creating environment descriptor '/home/coche/coche_ws/install/key_teleop/share/key_teleop/hook/ament_prefix_path.dsv'
[2.275s] INFO:colcon.colcon_core.shell:Creating environment hook '/home/coche/coche_ws/install/key_teleop/share/key_teleop/hook/ament_prefix_path.sh'
[2.278s] INFO:colcon.colcon_core.shell:Skip shell extension 'powershell' for command environment: Not usable outside of PowerShell
[2.279s] DEBUG:colcon.colcon_core.shell:Skip shell extension 'dsv' for command environment
[2.340s] DEBUG:colcon.colcon_core.event_handler.log_command:Invoking command in '/home/coche/coche_ws/build/vesc_msgs': CMAKE_PREFIX_PATH=${CMAKE_PREFIX_PATH}:/home/coche/coche_ws/install/f1tenth_stack:/home/coche/coche_ws/install/ver_trayectoria:/home/coche/coche_ws/install/joy_teleop:/home/coche/coche_ws/install/stanley_avoidance:/home/coche/coche_ws/install/particle_filter:/home/coche/coche_ws/install/mouse_teleop:/home/coche/coche_ws/install/key_teleop:/opt/ros/foxy /usr/bin/cmake --build /home/coche/coche_ws/build/vesc_msgs -- -j4 -l4
[2.383s] DEBUG:colcon.colcon_core.event_handler.log_command:Invoking command in '/home/coche/coche_ws/build/teleop_tools_msgs': CMAKE_PREFIX_PATH=${CMAKE_PREFIX_PATH}:/home/coche/coche_ws/install/f1tenth_stack:/home/coche/coche_ws/install/ver_trayectoria:/home/coche/coche_ws/install/joy_teleop:/home/coche/coche_ws/install/stanley_avoidance:/home/coche/coche_ws/install/particle_filter:/home/coche/coche_ws/install/mouse_teleop:/home/coche/coche_ws/install/key_teleop:/opt/ros/foxy /usr/bin/cmake --build /home/coche/coche_ws/build/teleop_tools_msgs -- -j4 -l4
[2.409s] DEBUG:colcon.colcon_core.event_handler.log_command:Invoking command in '/home/coche/coche_ws/build/ackermann_mux': CMAKE_PREFIX_PATH=${CMAKE_PREFIX_PATH}:/home/coche/coche_ws/install/f1tenth_stack:/home/coche/coche_ws/install/ver_trayectoria:/home/coche/coche_ws/install/joy_teleop:/home/coche/coche_ws/install/stanley_avoidance:/home/coche/coche_ws/install/particle_filter:/home/coche/coche_ws/install/mouse_teleop:/home/coche/coche_ws/install/key_teleop:/opt/ros/foxy /usr/bin/cmake --build /home/coche/coche_ws/build/ackermann_mux -- -j4 -l4
[3.881s] INFO:colcon.colcon_core.task.python.build:Building Python package in '/home/coche/coche_ws/src/f1tenth_system/teleop_tools/key_teleop'
[3.887s] INFO:colcon.colcon_core.shell:Skip shell extension 'powershell' for command environment: Not usable outside of PowerShell
[3.887s] DEBUG:colcon.colcon_core.shell:Skip shell extension 'dsv' for command environment
[4.002s] DEBUG:colcon.colcon_core.event_handler.log_command:Invoked command in '/home/coche/coche_ws/build/ackermann_mux' returned '0': CMAKE_PREFIX_PATH=${CMAKE_PREFIX_PATH}:/home/coche/coche_ws/install/f1tenth_stack:/home/coche/coche_ws/install/ver_trayectoria:/home/coche/coche_ws/install/joy_teleop:/home/coche/coche_ws/install/stanley_avoidance:/home/coche/coche_ws/install/particle_filter:/home/coche/coche_ws/install/mouse_teleop:/home/coche/coche_ws/install/key_teleop:/opt/ros/foxy /usr/bin/cmake --build /home/coche/coche_ws/build/ackermann_mux -- -j4 -l4
[4.006s] DEBUG:colcon.colcon_core.event_handler.log_command:Invoked command in '/home/coche/coche_ws/build/teleop_tools_msgs' returned '0': CMAKE_PREFIX_PATH=${CMAKE_PREFIX_PATH}:/home/coche/coche_ws/install/f1tenth_stack:/home/coche/coche_ws/install/ver_trayectoria:/home/coche/coche_ws/install/joy_teleop:/home/coche/coche_ws/install/stanley_avoidance:/home/coche/coche_ws/install/particle_filter:/home/coche/coche_ws/install/mouse_teleop:/home/coche/coche_ws/install/key_teleop:/opt/ros/foxy /usr/bin/cmake --build /home/coche/coche_ws/build/teleop_tools_msgs -- -j4 -l4
[4.007s] DEBUG:colcon.colcon_core.event_handler.log_command:Invoked command in '/home/coche/coche_ws/build/vesc_msgs' returned '0': CMAKE_PREFIX_PATH=${CMAKE_PREFIX_PATH}:/home/coche/coche_ws/install/f1tenth_stack:/home/coche/coche_ws/install/ver_trayectoria:/home/coche/coche_ws/install/joy_teleop:/home/coche/coche_ws/install/stanley_avoidance:/home/coche/coche_ws/install/particle_filter:/home/coche/coche_ws/install/mouse_teleop:/home/coche/coche_ws/install/key_teleop:/opt/ros/foxy /usr/bin/cmake --build /home/coche/coche_ws/build/vesc_msgs -- -j4 -l4
[4.181s] DEBUG:colcon.colcon_core.event_handler.log_command:Invoking command in '/home/coche/coche_ws/build/ackermann_mux': CMAKE_PREFIX_PATH=${CMAKE_PREFIX_PATH}:/home/coche/coche_ws/install/f1tenth_stack:/home/coche/coche_ws/install/ver_trayectoria:/home/coche/coche_ws/install/joy_teleop:/home/coche/coche_ws/install/stanley_avoidance:/home/coche/coche_ws/install/particle_filter:/home/coche/coche_ws/install/mouse_teleop:/home/coche/coche_ws/install/key_teleop:/opt/ros/foxy /usr/bin/cmake --install /home/coche/coche_ws/build/ackermann_mux
[4.262s] Level 1:colcon.colcon_core.environment:create_environment_scripts_only(ackermann_mux)
[4.272s] DEBUG:colcon.colcon_core.event_handler.log_command:Invoked command in '/home/coche/coche_ws/build/ackermann_mux' returned '0': CMAKE_PREFIX_PATH=${CMAKE_PREFIX_PATH}:/home/coche/coche_ws/install/f1tenth_stack:/home/coche/coche_ws/install/ver_trayectoria:/home/coche/coche_ws/install/joy_teleop:/home/coche/coche_ws/install/stanley_avoidance:/home/coche/coche_ws/install/particle_filter:/home/coche/coche_ws/install/mouse_teleop:/home/coche/coche_ws/install/key_teleop:/opt/ros/foxy /usr/bin/cmake --install /home/coche/coche_ws/build/ackermann_mux
[4.294s] Level 1:colcon.colcon_core.environment:checking '/home/coche/coche_ws/install/ackermann_mux' for CMake module files
[4.297s] Level 1:colcon.colcon_core.environment:checking '/home/coche/coche_ws/install/ackermann_mux' for CMake config files
[4.299s] Level 1:colcon.colcon_core.shell:create_environment_hook('ackermann_mux', 'cmake_prefix_path')
[4.301s] INFO:colcon.colcon_core.shell:Creating environment hook '/home/coche/coche_ws/install/ackermann_mux/share/ackermann_mux/hook/cmake_prefix_path.ps1'
[4.304s] INFO:colcon.colcon_core.shell:Creating environment descriptor '/home/coche/coche_ws/install/ackermann_mux/share/ackermann_mux/hook/cmake_prefix_path.dsv'
[4.306s] INFO:colcon.colcon_core.shell:Creating environment hook '/home/coche/coche_ws/install/ackermann_mux/share/ackermann_mux/hook/cmake_prefix_path.sh'
[4.310s] Level 1:colcon.colcon_core.environment:checking '/home/coche/coche_ws/install/ackermann_mux/lib'
[4.311s] Level 1:colcon.colcon_core.environment:checking '/home/coche/coche_ws/install/ackermann_mux/bin'
[4.311s] Level 1:colcon.colcon_core.environment:checking '/home/coche/coche_ws/install/ackermann_mux/lib/pkgconfig/ackermann_mux.pc'
[4.312s] Level 1:colcon.colcon_core.environment:checking '/home/coche/coche_ws/install/ackermann_mux/lib/python3.8/site-packages'
[4.313s] Level 1:colcon.colcon_core.environment:checking '/home/coche/coche_ws/install/ackermann_mux/bin'
[4.316s] INFO:colcon.colcon_core.shell:Creating package script '/home/coche/coche_ws/install/ackermann_mux/share/ackermann_mux/package.ps1'
[4.320s] INFO:colcon.colcon_core.shell:Creating package descriptor '/home/coche/coche_ws/install/ackermann_mux/share/ackermann_mux/package.dsv'
[4.322s] INFO:colcon.colcon_core.shell:Creating package script '/home/coche/coche_ws/install/ackermann_mux/share/ackermann_mux/package.sh'
[4.326s] INFO:colcon.colcon_core.shell:Creating package script '/home/coche/coche_ws/install/ackermann_mux/share/ackermann_mux/package.bash'
[4.329s] INFO:colcon.colcon_core.shell:Creating package script '/home/coche/coche_ws/install/ackermann_mux/share/ackermann_mux/package.zsh'
[4.332s] Level 1:colcon.colcon_core.environment:create_file_with_runtime_dependencies(/home/coche/coche_ws/install/ackermann_mux/share/colcon-core/packages/ackermann_mux)
[4.359s] DEBUG:colcon.colcon_core.event_handler.log_command:Invoking command in '/home/coche/coche_ws/build/teleop_tools_msgs': CMAKE_PREFIX_PATH=${CMAKE_PREFIX_PATH}:/home/coche/coche_ws/install/f1tenth_stack:/home/coche/coche_ws/install/ver_trayectoria:/home/coche/coche_ws/install/joy_teleop:/home/coche/coche_ws/install/stanley_avoidance:/home/coche/coche_ws/install/particle_filter:/home/coche/coche_ws/install/mouse_teleop:/home/coche/coche_ws/install/key_teleop:/opt/ros/foxy /usr/bin/cmake --install /home/coche/coche_ws/build/teleop_tools_msgs
[4.512s] Level 1:colcon.colcon_core.environment:create_environment_scripts_only(ackermann_mux)
[4.514s] Level 1:colcon.colcon_core.environment:checking '/home/coche/coche_ws/install/ackermann_mux' for CMake module files
[4.517s] Level 1:colcon.colcon_core.environment:checking '/home/coche/coche_ws/install/ackermann_mux' for CMake config files
[4.519s] Level 1:colcon.colcon_core.shell:create_environment_hook('ackermann_mux', 'cmake_prefix_path')
[4.520s] INFO:colcon.colcon_core.shell:Creating environment hook '/home/coche/coche_ws/install/ackermann_mux/share/ackermann_mux/hook/cmake_prefix_path.ps1'
[4.524s] INFO:colcon.colcon_core.shell:Creating environment descriptor '/home/coche/coche_ws/install/ackermann_mux/share/ackermann_mux/hook/cmake_prefix_path.dsv'
[4.525s] INFO:colcon.colcon_core.shell:Creating environment hook '/home/coche/coche_ws/install/ackermann_mux/share/ackermann_mux/hook/cmake_prefix_path.sh'
[4.530s] Level 1:colcon.colcon_core.environment:checking '/home/coche/coche_ws/install/ackermann_mux/lib'
[4.531s] Level 1:colcon.colcon_core.environment:checking '/home/coche/coche_ws/install/ackermann_mux/bin'
[4.531s] Level 1:colcon.colcon_core.environment:checking '/home/coche/coche_ws/install/ackermann_mux/lib/pkgconfig/ackermann_mux.pc'
[4.532s] Level 1:colcon.colcon_core.environment:checking '/home/coche/coche_ws/install/ackermann_mux/lib/python3.8/site-packages'
[4.533s] Level 1:colcon.colcon_core.environment:checking '/home/coche/coche_ws/install/ackermann_mux/bin'
[4.534s] INFO:colcon.colcon_core.shell:Creating package script '/home/coche/coche_ws/install/ackermann_mux/share/ackermann_mux/package.ps1'
[4.537s] INFO:colcon.colcon_core.shell:Creating package descriptor '/home/coche/coche_ws/install/ackermann_mux/share/ackermann_mux/package.dsv'
[4.539s] INFO:colcon.colcon_core.shell:Creating package script '/home/coche/coche_ws/install/ackermann_mux/share/ackermann_mux/package.sh'
[4.541s] INFO:colcon.colcon_core.shell:Creating package script '/home/coche/coche_ws/install/ackermann_mux/share/ackermann_mux/package.bash'
[4.543s] INFO:colcon.colcon_core.shell:Creating package script '/home/coche/coche_ws/install/ackermann_mux/share/ackermann_mux/package.zsh'
[4.545s] Level 1:colcon.colcon_core.environment:create_file_with_runtime_dependencies(/home/coche/coche_ws/install/ackermann_mux/share/colcon-core/packages/ackermann_mux)
[4.551s] INFO:colcon.colcon_ros.task.ament_cmake.build:Building ROS package in '/home/coche/coche_ws/src/f1tenth_system/gap_follow' with build type 'ament_cmake'
[4.553s] INFO:colcon.colcon_cmake.task.cmake.build:Building CMake package in '/home/coche/coche_ws/src/f1tenth_system/gap_follow'
[4.554s] INFO:colcon.colcon_core.shell:Skip shell extension 'powershell' for command environment: Not usable outside of PowerShell
[4.554s] DEBUG:colcon.colcon_core.shell:Skip shell extension 'dsv' for command environment
[4.613s] DEBUG:colcon.colcon_core.event_handler.log_command:Invoking command in '/home/coche/coche_ws/build/gap_follow': CMAKE_PREFIX_PATH=${CMAKE_PREFIX_PATH}:/home/coche/coche_ws/install/f1tenth_stack:/home/coche/coche_ws/install/ver_trayectoria:/home/coche/coche_ws/install/joy_teleop:/home/coche/coche_ws/install/stanley_avoidance:/home/coche/coche_ws/install/particle_filter:/home/coche/coche_ws/install/mouse_teleop:/home/coche/coche_ws/install/key_teleop:/opt/ros/foxy /usr/bin/cmake --build /home/coche/coche_ws/build/gap_follow -- -j4 -l4
[4.652s] DEBUG:colcon.colcon_core.event_handler.log_command:Invoking command in '/home/coche/coche_ws/build/vesc_msgs': CMAKE_PREFIX_PATH=${CMAKE_PREFIX_PATH}:/home/coche/coche_ws/install/f1tenth_stack:/home/coche/coche_ws/install/ver_trayectoria:/home/coche/coche_ws/install/joy_teleop:/home/coche/coche_ws/install/stanley_avoidance:/home/coche/coche_ws/install/particle_filter:/home/coche/coche_ws/install/mouse_teleop:/home/coche/coche_ws/install/key_teleop:/opt/ros/foxy /usr/bin/cmake --install /home/coche/coche_ws/build/vesc_msgs
[4.763s] Level 1:colcon.colcon_core.environment:create_environment_scripts_only(teleop_tools_msgs)
[4.766s] Level 1:colcon.colcon_core.environment:checking '/home/coche/coche_ws/install/teleop_tools_msgs' for CMake module files
[4.774s] Level 1:colcon.colcon_core.environment:checking '/home/coche/coche_ws/install/teleop_tools_msgs' for CMake config files
[4.783s] Level 1:colcon.colcon_core.shell:create_environment_hook('teleop_tools_msgs', 'cmake_prefix_path')
[4.786s] INFO:colcon.colcon_core.shell:Creating environment hook '/home/coche/coche_ws/install/teleop_tools_msgs/share/teleop_tools_msgs/hook/cmake_prefix_path.ps1'
[4.789s] INFO:colcon.colcon_core.shell:Creating environment descriptor '/home/coche/coche_ws/install/teleop_tools_msgs/share/teleop_tools_msgs/hook/cmake_prefix_path.dsv'
[4.792s] INFO:colcon.colcon_core.shell:Creating environment hook '/home/coche/coche_ws/install/teleop_tools_msgs/share/teleop_tools_msgs/hook/cmake_prefix_path.sh'
[4.795s] Level 1:colcon.colcon_core.environment:checking '/home/coche/coche_ws/install/teleop_tools_msgs/lib'
[4.796s] Level 1:colcon.colcon_core.shell:create_environment_hook('teleop_tools_msgs', 'ld_library_path_lib')
[4.821s] INFO:colcon.colcon_core.shell:Creating environment hook '/home/coche/coche_ws/install/teleop_tools_msgs/share/teleop_tools_msgs/hook/ld_library_path_lib.ps1'
[4.822s] DEBUG:colcon.colcon_core.event_handler.log_command:Invoked command in '/home/coche/coche_ws/build/teleop_tools_msgs' returned '0': CMAKE_PREFIX_PATH=${CMAKE_PREFIX_PATH}:/home/coche/coche_ws/install/f1tenth_stack:/home/coche/coche_ws/install/ver_trayectoria:/home/coche/coche_ws/install/joy_teleop:/home/coche/coche_ws/install/stanley_avoidance:/home/coche/coche_ws/install/particle_filter:/home/coche/coche_ws/install/mouse_teleop:/home/coche/coche_ws/install/key_teleop:/opt/ros/foxy /usr/bin/cmake --install /home/coche/coche_ws/build/teleop_tools_msgs
[4.828s] INFO:colcon.colcon_core.shell:Creating environment descriptor '/home/coche/coche_ws/install/teleop_tools_msgs/share/teleop_tools_msgs/hook/ld_library_path_lib.dsv'
[4.832s] INFO:colcon.colcon_core.shell:Creating environment hook '/home/coche/coche_ws/install/teleop_tools_msgs/share/teleop_tools_msgs/hook/ld_library_path_lib.sh'
[4.848s] Level 1:colcon.colcon_core.environment:checking '/home/coche/coche_ws/install/teleop_tools_msgs/bin'
[4.849s] Level 1:colcon.colcon_core.environment:checking '/home/coche/coche_ws/install/teleop_tools_msgs/lib/pkgconfig/teleop_tools_msgs.pc'
[4.850s] Level 1:colcon.colcon_core.environment:checking '/home/coche/coche_ws/install/teleop_tools_msgs/lib/python3.8/site-packages'
[4.850s] Level 1:colcon.colcon_core.shell:create_environment_hook('teleop_tools_msgs', 'pythonpath')
[4.851s] INFO:colcon.colcon_core.shell:Creating environment hook '/home/coche/coche_ws/install/teleop_tools_msgs/share/teleop_tools_msgs/hook/pythonpath.ps1'
[4.853s] INFO:colcon.colcon_core.shell:Creating environment descriptor '/home/coche/coche_ws/install/teleop_tools_msgs/share/teleop_tools_msgs/hook/pythonpath.dsv'
[4.855s] INFO:colcon.colcon_core.shell:Creating environment hook '/home/coche/coche_ws/install/teleop_tools_msgs/share/teleop_tools_msgs/hook/pythonpath.sh'
[4.857s] Level 1:colcon.colcon_core.environment:checking '/home/coche/coche_ws/install/teleop_tools_msgs/bin'
[4.859s] INFO:colcon.colcon_core.shell:Creating package script '/home/coche/coche_ws/install/teleop_tools_msgs/share/teleop_tools_msgs/package.ps1'
[4.863s] INFO:colcon.colcon_core.shell:Creating package descriptor '/home/coche/coche_ws/install/teleop_tools_msgs/share/teleop_tools_msgs/package.dsv'
[4.866s] INFO:colcon.colcon_core.shell:Creating package script '/home/coche/coche_ws/install/teleop_tools_msgs/share/teleop_tools_msgs/package.sh'
[4.868s] INFO:colcon.colcon_core.shell:Creating package script '/home/coche/coche_ws/install/teleop_tools_msgs/share/teleop_tools_msgs/package.bash'
[4.870s] INFO:colcon.colcon_core.shell:Creating package script '/home/coche/coche_ws/install/teleop_tools_msgs/share/teleop_tools_msgs/package.zsh'
[4.872s] Level 1:colcon.colcon_core.environment:create_file_with_runtime_dependencies(/home/coche/coche_ws/install/teleop_tools_msgs/share/colcon-core/packages/teleop_tools_msgs)
[4.900s] DEBUG:colcon.colcon_core.event_handler.log_command:Invoked command in '/home/coche/coche_ws/build/gap_follow' returned '0': CMAKE_PREFIX_PATH=${CMAKE_PREFIX_PATH}:/home/coche/coche_ws/install/f1tenth_stack:/home/coche/coche_ws/install/ver_trayectoria:/home/coche/coche_ws/install/joy_teleop:/home/coche/coche_ws/install/stanley_avoidance:/home/coche/coche_ws/install/particle_filter:/home/coche/coche_ws/install/mouse_teleop:/home/coche/coche_ws/install/key_teleop:/opt/ros/foxy /usr/bin/cmake --build /home/coche/coche_ws/build/gap_follow -- -j4 -l4
[4.906s] DEBUG:colcon.colcon_core.event_handler.log_command:Invoking command in '/home/coche/coche_ws/build/gap_follow': CMAKE_PREFIX_PATH=${CMAKE_PREFIX_PATH}:/home/coche/coche_ws/install/f1tenth_stack:/home/coche/coche_ws/install/ver_trayectoria:/home/coche/coche_ws/install/joy_teleop:/home/coche/coche_ws/install/stanley_avoidance:/home/coche/coche_ws/install/particle_filter:/home/coche/coche_ws/install/mouse_teleop:/home/coche/coche_ws/install/key_teleop:/opt/ros/foxy /usr/bin/cmake --install /home/coche/coche_ws/build/gap_follow
[5.033s] Level 1:colcon.colcon_core.environment:create_environment_scripts_only(vesc_msgs)
[5.036s] Level 1:colcon.colcon_core.environment:checking '/home/coche/coche_ws/install/vesc_msgs' for CMake module files
[5.038s] DEBUG:colcon.colcon_core.event_handler.log_command:Invoked command in '/home/coche/coche_ws/build/vesc_msgs' returned '0': CMAKE_PREFIX_PATH=${CMAKE_PREFIX_PATH}:/home/coche/coche_ws/install/f1tenth_stack:/home/coche/coche_ws/install/ver_trayectoria:/home/coche/coche_ws/install/joy_teleop:/home/coche/coche_ws/install/stanley_avoidance:/home/coche/coche_ws/install/particle_filter:/home/coche/coche_ws/install/mouse_teleop:/home/coche/coche_ws/install/key_teleop:/opt/ros/foxy /usr/bin/cmake --install /home/coche/coche_ws/build/vesc_msgs
[5.041s] Level 1:colcon.colcon_core.environment:checking '/home/coche/coche_ws/install/vesc_msgs' for CMake config files
[5.045s] Level 1:colcon.colcon_core.shell:create_environment_hook('vesc_msgs', 'cmake_prefix_path')
[5.046s] INFO:colcon.colcon_core.shell:Creating environment hook '/home/coche/coche_ws/install/vesc_msgs/share/vesc_msgs/hook/cmake_prefix_path.ps1'
[5.049s] INFO:colcon.colcon_core.shell:Creating environment descriptor '/home/coche/coche_ws/install/vesc_msgs/share/vesc_msgs/hook/cmake_prefix_path.dsv'
[5.053s] INFO:colcon.colcon_core.shell:Creating environment hook '/home/coche/coche_ws/install/vesc_msgs/share/vesc_msgs/hook/cmake_prefix_path.sh'
[5.057s] Level 1:colcon.colcon_core.environment:checking '/home/coche/coche_ws/install/vesc_msgs/lib'
[5.057s] Level 1:colcon.colcon_core.shell:create_environment_hook('vesc_msgs', 'ld_library_path_lib')
[5.058s] INFO:colcon.colcon_core.shell:Creating environment hook '/home/coche/coche_ws/install/vesc_msgs/share/vesc_msgs/hook/ld_library_path_lib.ps1'
[5.061s] INFO:colcon.colcon_core.shell:Creating environment descriptor '/home/coche/coche_ws/install/vesc_msgs/share/vesc_msgs/hook/ld_library_path_lib.dsv'
[5.063s] INFO:colcon.colcon_core.shell:Creating environment hook '/home/coche/coche_ws/install/vesc_msgs/share/vesc_msgs/hook/ld_library_path_lib.sh'
[5.065s] Level 1:colcon.colcon_core.environment:checking '/home/coche/coche_ws/install/vesc_msgs/bin'
[5.066s] Level 1:colcon.colcon_core.environment:checking '/home/coche/coche_ws/install/vesc_msgs/lib/pkgconfig/vesc_msgs.pc'
[5.067s] Level 1:colcon.colcon_core.environment:checking '/home/coche/coche_ws/install/vesc_msgs/lib/python3.8/site-packages'
[5.067s] Level 1:colcon.colcon_core.shell:create_environment_hook('vesc_msgs', 'pythonpath')
[5.068s] INFO:colcon.colcon_core.shell:Creating environment hook '/home/coche/coche_ws/install/vesc_msgs/share/vesc_msgs/hook/pythonpath.ps1'
[5.070s] INFO:colcon.colcon_core.shell:Creating environment descriptor '/home/coche/coche_ws/install/vesc_msgs/share/vesc_msgs/hook/pythonpath.dsv'
[5.073s] INFO:colcon.colcon_core.shell:Creating environment hook '/home/coche/coche_ws/install/vesc_msgs/share/vesc_msgs/hook/pythonpath.sh'
[5.076s] Level 1:colcon.colcon_core.environment:checking '/home/coche/coche_ws/install/vesc_msgs/bin'
[5.078s] INFO:colcon.colcon_core.shell:Creating package script '/home/coche/coche_ws/install/vesc_msgs/share/vesc_msgs/package.ps1'
[5.082s] INFO:colcon.colcon_core.shell:Creating package descriptor '/home/coche/coche_ws/install/vesc_msgs/share/vesc_msgs/package.dsv'
[5.085s] INFO:colcon.colcon_core.shell:Creating package script '/home/coche/coche_ws/install/vesc_msgs/share/vesc_msgs/package.sh'
[5.087s] INFO:colcon.colcon_core.shell:Creating package script '/home/coche/coche_ws/install/vesc_msgs/share/vesc_msgs/package.bash'
[5.089s] INFO:colcon.colcon_core.shell:Creating package script '/home/coche/coche_ws/install/vesc_msgs/share/vesc_msgs/package.zsh'
[5.091s] Level 1:colcon.colcon_core.environment:create_file_with_runtime_dependencies(/home/coche/coche_ws/install/vesc_msgs/share/colcon-core/packages/vesc_msgs)
[5.175s] Level 1:colcon.colcon_core.environment:create_environment_scripts_only(gap_follow)
[5.179s] DEBUG:colcon.colcon_core.event_handler.log_command:Invoked command in '/home/coche/coche_ws/build/gap_follow' returned '0': CMAKE_PREFIX_PATH=${CMAKE_PREFIX_PATH}:/home/coche/coche_ws/install/f1tenth_stack:/home/coche/coche_ws/install/ver_trayectoria:/home/coche/coche_ws/install/joy_teleop:/home/coche/coche_ws/install/stanley_avoidance:/home/coche/coche_ws/install/particle_filter:/home/coche/coche_ws/install/mouse_teleop:/home/coche/coche_ws/install/key_teleop:/opt/ros/foxy /usr/bin/cmake --install /home/coche/coche_ws/build/gap_follow
[5.182s] Level 1:colcon.colcon_core.environment:checking '/home/coche/coche_ws/install/gap_follow' for CMake module files
[5.187s] Level 1:colcon.colcon_core.environment:checking '/home/coche/coche_ws/install/gap_follow' for CMake config files
[5.189s] Level 1:colcon.colcon_core.shell:create_environment_hook('gap_follow', 'cmake_prefix_path')
[5.190s] INFO:colcon.colcon_core.shell:Creating environment hook '/home/coche/coche_ws/install/gap_follow/share/gap_follow/hook/cmake_prefix_path.ps1'
[5.193s] INFO:colcon.colcon_core.shell:Creating environment descriptor '/home/coche/coche_ws/install/gap_follow/share/gap_follow/hook/cmake_prefix_path.dsv'
[5.196s] INFO:colcon.colcon_core.shell:Creating environment hook '/home/coche/coche_ws/install/gap_follow/share/gap_follow/hook/cmake_prefix_path.sh'
[5.200s] Level 1:colcon.colcon_core.environment:checking '/home/coche/coche_ws/install/gap_follow/lib'
[5.200s] Level 1:colcon.colcon_core.environment:checking '/home/coche/coche_ws/install/gap_follow/bin'
[5.200s] Level 1:colcon.colcon_core.environment:checking '/home/coche/coche_ws/install/gap_follow/lib/pkgconfig/gap_follow.pc'
[5.202s] Level 1:colcon.colcon_core.environment:checking '/home/coche/coche_ws/install/gap_follow/lib/python3.8/site-packages'
[5.202s] Level 1:colcon.colcon_core.shell:create_environment_hook('gap_follow', 'pythonpath')
[5.203s] INFO:colcon.colcon_core.shell:Creating environment hook '/home/coche/coche_ws/install/gap_follow/share/gap_follow/hook/pythonpath.ps1'
[5.207s] INFO:colcon.colcon_core.shell:Creating environment descriptor '/home/coche/coche_ws/install/gap_follow/share/gap_follow/hook/pythonpath.dsv'
[5.209s] INFO:colcon.colcon_core.shell:Creating environment hook '/home/coche/coche_ws/install/gap_follow/share/gap_follow/hook/pythonpath.sh'
[5.214s] Level 1:colcon.colcon_core.environment:checking '/home/coche/coche_ws/install/gap_follow/bin'
[5.216s] INFO:colcon.colcon_core.shell:Creating package script '/home/coche/coche_ws/install/gap_follow/share/gap_follow/package.ps1'
[5.218s] INFO:colcon.colcon_core.shell:Creating package descriptor '/home/coche/coche_ws/install/gap_follow/share/gap_follow/package.dsv'
[5.221s] INFO:colcon.colcon_core.shell:Creating package script '/home/coche/coche_ws/install/gap_follow/share/gap_follow/package.sh'
[5.224s] INFO:colcon.colcon_core.shell:Creating package script '/home/coche/coche_ws/install/gap_follow/share/gap_follow/package.bash'
[5.226s] INFO:colcon.colcon_core.shell:Creating package script '/home/coche/coche_ws/install/gap_follow/share/gap_follow/package.zsh'
[5.228s] Level 1:colcon.colcon_core.environment:create_file_with_runtime_dependencies(/home/coche/coche_ws/install/gap_follow/share/colcon-core/packages/gap_follow)
[5.231s] Level 1:colcon.colcon_core.environment:create_environment_scripts_only(gap_follow)
[5.232s] Level 1:colcon.colcon_core.environment:checking '/home/coche/coche_ws/install/gap_follow' for CMake module files
[5.234s] Level 1:colcon.colcon_core.environment:checking '/home/coche/coche_ws/install/gap_follow' for CMake config files
[5.236s] Level 1:colcon.colcon_core.shell:create_environment_hook('gap_follow', 'cmake_prefix_path')
[5.237s] INFO:colcon.colcon_core.shell:Creating environment hook '/home/coche/coche_ws/install/gap_follow/share/gap_follow/hook/cmake_prefix_path.ps1'
[5.239s] INFO:colcon.colcon_core.shell:Creating environment descriptor '/home/coche/coche_ws/install/gap_follow/share/gap_follow/hook/cmake_prefix_path.dsv'
[5.242s] INFO:colcon.colcon_core.shell:Creating environment hook '/home/coche/coche_ws/install/gap_follow/share/gap_follow/hook/cmake_prefix_path.sh'
[5.245s] Level 1:colcon.colcon_core.environment:checking '/home/coche/coche_ws/install/gap_follow/lib'
[5.245s] Level 1:colcon.colcon_core.environment:checking '/home/coche/coche_ws/install/gap_follow/bin'
[5.245s] Level 1:colcon.colcon_core.environment:checking '/home/coche/coche_ws/install/gap_follow/lib/pkgconfig/gap_follow.pc'
[5.246s] Level 1:colcon.colcon_core.environment:checking '/home/coche/coche_ws/install/gap_follow/lib/python3.8/site-packages'
[5.246s] Level 1:colcon.colcon_core.shell:create_environment_hook('gap_follow', 'pythonpath')
[5.247s] INFO:colcon.colcon_core.shell:Creating environment hook '/home/coche/coche_ws/install/gap_follow/share/gap_follow/hook/pythonpath.ps1'
[5.250s] INFO:colcon.colcon_core.shell:Creating environment descriptor '/home/coche/coche_ws/install/gap_follow/share/gap_follow/hook/pythonpath.dsv'
[5.252s] INFO:colcon.colcon_core.shell:Creating environment hook '/home/coche/coche_ws/install/gap_follow/share/gap_follow/hook/pythonpath.sh'
[5.254s] Level 1:colcon.colcon_core.environment:checking '/home/coche/coche_ws/install/gap_follow/bin'
[5.255s] INFO:colcon.colcon_core.shell:Creating package script '/home/coche/coche_ws/install/gap_follow/share/gap_follow/package.ps1'
[5.259s] INFO:colcon.colcon_core.shell:Creating package descriptor '/home/coche/coche_ws/install/gap_follow/share/gap_follow/package.dsv'
[5.262s] INFO:colcon.colcon_core.shell:Creating package script '/home/coche/coche_ws/install/gap_follow/share/gap_follow/package.sh'
[5.265s] INFO:colcon.colcon_core.shell:Creating package script '/home/coche/coche_ws/install/gap_follow/share/gap_follow/package.bash'
[5.267s] INFO:colcon.colcon_core.shell:Creating package script '/home/coche/coche_ws/install/gap_follow/share/gap_follow/package.zsh'
[5.269s] Level 1:colcon.colcon_core.environment:create_file_with_runtime_dependencies(/home/coche/coche_ws/install/gap_follow/share/colcon-core/packages/gap_follow)
[5.274s] INFO:colcon.colcon_ros.task.ament_cmake.build:Building ROS package in '/home/coche/coche_ws/src/f1tenth_system/lqr' with build type 'ament_cmake'
[5.275s] INFO:colcon.colcon_cmake.task.cmake.build:Building CMake package in '/home/coche/coche_ws/src/f1tenth_system/lqr'
[5.277s] INFO:colcon.colcon_core.shell:Skip shell extension 'powershell' for command environment: Not usable outside of PowerShell
[5.277s] DEBUG:colcon.colcon_core.shell:Skip shell extension 'dsv' for command environment
[5.328s] Level 1:colcon.colcon_core.environment:create_environment_scripts_only(teleop_tools_msgs)
[5.331s] Level 1:colcon.colcon_core.environment:checking '/home/coche/coche_ws/install/teleop_tools_msgs' for CMake module files
[5.334s] Level 1:colcon.colcon_core.environment:checking '/home/coche/coche_ws/install/teleop_tools_msgs' for CMake config files
[5.337s] Level 1:colcon.colcon_core.shell:create_environment_hook('teleop_tools_msgs', 'cmake_prefix_path')
[5.338s] INFO:colcon.colcon_core.shell:Creating environment hook '/home/coche/coche_ws/install/teleop_tools_msgs/share/teleop_tools_msgs/hook/cmake_prefix_path.ps1'
[5.342s] INFO:colcon.colcon_core.shell:Creating environment descriptor '/home/coche/coche_ws/install/teleop_tools_msgs/share/teleop_tools_msgs/hook/cmake_prefix_path.dsv'
[5.344s] INFO:colcon.colcon_core.shell:Creating environment hook '/home/coche/coche_ws/install/teleop_tools_msgs/share/teleop_tools_msgs/hook/cmake_prefix_path.sh'
[5.349s] Level 1:colcon.colcon_core.environment:checking '/home/coche/coche_ws/install/teleop_tools_msgs/lib'
[5.349s] Level 1:colcon.colcon_core.shell:create_environment_hook('teleop_tools_msgs', 'ld_library_path_lib')
[5.350s] INFO:colcon.colcon_core.shell:Creating environment hook '/home/coche/coche_ws/install/teleop_tools_msgs/share/teleop_tools_msgs/hook/ld_library_path_lib.ps1'
[5.352s] INFO:colcon.colcon_core.shell:Creating environment descriptor '/home/coche/coche_ws/install/teleop_tools_msgs/share/teleop_tools_msgs/hook/ld_library_path_lib.dsv'
[5.354s] INFO:colcon.colcon_core.shell:Creating environment hook '/home/coche/coche_ws/install/teleop_tools_msgs/share/teleop_tools_msgs/hook/ld_library_path_lib.sh'
[5.356s] Level 1:colcon.colcon_core.environment:checking '/home/coche/coche_ws/install/teleop_tools_msgs/bin'
[5.356s] Level 1:colcon.colcon_core.environment:checking '/home/coche/coche_ws/install/teleop_tools_msgs/lib/pkgconfig/teleop_tools_msgs.pc'
[5.358s] Level 1:colcon.colcon_core.environment:checking '/home/coche/coche_ws/install/teleop_tools_msgs/lib/python3.8/site-packages'
[5.358s] Level 1:colcon.colcon_core.shell:create_environment_hook('teleop_tools_msgs', 'pythonpath')
[5.359s] INFO:colcon.colcon_core.shell:Creating environment hook '/home/coche/coche_ws/install/teleop_tools_msgs/share/teleop_tools_msgs/hook/pythonpath.ps1'
[5.361s] INFO:colcon.colcon_core.shell:Creating environment descriptor '/home/coche/coche_ws/install/teleop_tools_msgs/share/teleop_tools_msgs/hook/pythonpath.dsv'
[5.363s] INFO:colcon.colcon_core.shell:Creating environment hook '/home/coche/coche_ws/install/teleop_tools_msgs/share/teleop_tools_msgs/hook/pythonpath.sh'
[5.365s] Level 1:colcon.colcon_core.environment:checking '/home/coche/coche_ws/install/teleop_tools_msgs/bin'
[5.367s] INFO:colcon.colcon_core.shell:Creating package script '/home/coche/coche_ws/install/teleop_tools_msgs/share/teleop_tools_msgs/package.ps1'
[5.370s] INFO:colcon.colcon_core.shell:Creating package descriptor '/home/coche/coche_ws/install/teleop_tools_msgs/share/teleop_tools_msgs/package.dsv'
[5.374s] INFO:colcon.colcon_core.shell:Creating package script '/home/coche/coche_ws/install/teleop_tools_msgs/share/teleop_tools_msgs/package.sh'
[5.377s] INFO:colcon.colcon_core.shell:Creating package script '/home/coche/coche_ws/install/teleop_tools_msgs/share/teleop_tools_msgs/package.bash'
[5.379s] INFO:colcon.colcon_core.shell:Creating package script '/home/coche/coche_ws/install/teleop_tools_msgs/share/teleop_tools_msgs/package.zsh'
[5.381s] Level 1:colcon.colcon_core.environment:create_file_with_runtime_dependencies(/home/coche/coche_ws/install/teleop_tools_msgs/share/colcon-core/packages/teleop_tools_msgs)
[5.388s] INFO:colcon.colcon_ros.task.ament_python.build:Building ROS package in '/home/coche/coche_ws/src/f1tenth_system/teleop_tools/joy_teleop' with build type 'ament_python'
[5.389s] Level 1:colcon.colcon_core.shell:create_environment_hook('joy_teleop', 'ament_prefix_path')
[5.390s] INFO:colcon.colcon_core.shell:Creating environment hook '/home/coche/coche_ws/install/joy_teleop/share/joy_teleop/hook/ament_prefix_path.ps1'
[5.392s] INFO:colcon.colcon_core.shell:Creating environment descriptor '/home/coche/coche_ws/install/joy_teleop/share/joy_teleop/hook/ament_prefix_path.dsv'
[5.396s] INFO:colcon.colcon_core.shell:Creating environment hook '/home/coche/coche_ws/install/joy_teleop/share/joy_teleop/hook/ament_prefix_path.sh'
[5.401s] INFO:colcon.colcon_core.shell:Skip shell extension 'powershell' for command environment: Not usable outside of PowerShell
[5.401s] DEBUG:colcon.colcon_core.shell:Skip shell extension 'dsv' for command environment
[5.480s] DEBUG:colcon.colcon_core.event_handler.log_command:Invoking command in '/home/coche/coche_ws/build/lqr': CMAKE_PREFIX_PATH=${CMAKE_PREFIX_PATH}:/home/coche/coche_ws/install/f1tenth_stack:/home/coche/coche_ws/install/ver_trayectoria:/home/coche/coche_ws/install/joy_teleop:/home/coche/coche_ws/install/stanley_avoidance:/home/coche/coche_ws/install/particle_filter:/home/coche/coche_ws/install/mouse_teleop:/home/coche/coche_ws/install/key_teleop:/opt/ros/foxy /usr/bin/cmake --build /home/coche/coche_ws/build/lqr -- -j4 -l4
[6.541s] INFO:colcon.colcon_core.task.python.build:Building Python package in '/home/coche/coche_ws/src/f1tenth_system/teleop_tools/joy_teleop'
[6.545s] INFO:colcon.colcon_core.shell:Skip shell extension 'powershell' for command environment: Not usable outside of PowerShell
[6.545s] DEBUG:colcon.colcon_core.shell:Skip shell extension 'dsv' for command environment
[6.590s] DEBUG:colcon.colcon_core.event_handler.log_command:Invoked command in '/home/coche/coche_ws/build/lqr' returned '0': CMAKE_PREFIX_PATH=${CMAKE_PREFIX_PATH}:/home/coche/coche_ws/install/f1tenth_stack:/home/coche/coche_ws/install/ver_trayectoria:/home/coche/coche_ws/install/joy_teleop:/home/coche/coche_ws/install/stanley_avoidance:/home/coche/coche_ws/install/particle_filter:/home/coche/coche_ws/install/mouse_teleop:/home/coche/coche_ws/install/key_teleop:/opt/ros/foxy /usr/bin/cmake --build /home/coche/coche_ws/build/lqr -- -j4 -l4
[6.605s] DEBUG:colcon.colcon_core.event_handler.log_command:Invoking command in '/home/coche/coche_ws/build/lqr': CMAKE_PREFIX_PATH=${CMAKE_PREFIX_PATH}:/home/coche/coche_ws/install/f1tenth_stack:/home/coche/coche_ws/install/ver_trayectoria:/home/coche/coche_ws/install/joy_teleop:/home/coche/coche_ws/install/stanley_avoidance:/home/coche/coche_ws/install/particle_filter:/home/coche/coche_ws/install/mouse_teleop:/home/coche/coche_ws/install/key_teleop:/opt/ros/foxy /usr/bin/cmake --install /home/coche/coche_ws/build/lqr
[6.613s] Level 1:colcon.colcon_core.environment:create_environment_scripts_only(vesc_msgs)
[6.615s] Level 1:colcon.colcon_core.environment:checking '/home/coche/coche_ws/install/vesc_msgs' for CMake module files
[6.620s] Level 1:colcon.colcon_core.environment:checking '/home/coche/coche_ws/install/vesc_msgs' for CMake config files
[6.622s] Level 1:colcon.colcon_core.shell:create_environment_hook('vesc_msgs', 'cmake_prefix_path')
[6.623s] INFO:colcon.colcon_core.shell:Creating environment hook '/home/coche/coche_ws/install/vesc_msgs/share/vesc_msgs/hook/cmake_prefix_path.ps1'
[6.626s] INFO:colcon.colcon_core.shell:Creating environment descriptor '/home/coche/coche_ws/install/vesc_msgs/share/vesc_msgs/hook/cmake_prefix_path.dsv'
[6.628s] INFO:colcon.colcon_core.shell:Creating environment hook '/home/coche/coche_ws/install/vesc_msgs/share/vesc_msgs/hook/cmake_prefix_path.sh'
[6.631s] Level 1:colcon.colcon_core.environment:checking '/home/coche/coche_ws/install/vesc_msgs/lib'
[6.631s] Level 1:colcon.colcon_core.shell:create_environment_hook('vesc_msgs', 'ld_library_path_lib')
[6.632s] INFO:colcon.colcon_core.shell:Creating environment hook '/home/coche/coche_ws/install/vesc_msgs/share/vesc_msgs/hook/ld_library_path_lib.ps1'
[6.634s] INFO:colcon.colcon_core.shell:Creating environment descriptor '/home/coche/coche_ws/install/vesc_msgs/share/vesc_msgs/hook/ld_library_path_lib.dsv'
[6.636s] INFO:colcon.colcon_core.shell:Creating environment hook '/home/coche/coche_ws/install/vesc_msgs/share/vesc_msgs/hook/ld_library_path_lib.sh'
[6.637s] Level 1:colcon.colcon_core.environment:checking '/home/coche/coche_ws/install/vesc_msgs/bin'
[6.638s] Level 1:colcon.colcon_core.environment:checking '/home/coche/coche_ws/install/vesc_msgs/lib/pkgconfig/vesc_msgs.pc'
[6.639s] Level 1:colcon.colcon_core.environment:checking '/home/coche/coche_ws/install/vesc_msgs/lib/python3.8/site-packages'
[6.639s] Level 1:colcon.colcon_core.shell:create_environment_hook('vesc_msgs', 'pythonpath')
[6.640s] INFO:colcon.colcon_core.shell:Creating environment hook '/home/coche/coche_ws/install/vesc_msgs/share/vesc_msgs/hook/pythonpath.ps1'
[6.642s] INFO:colcon.colcon_core.shell:Creating environment descriptor '/home/coche/coche_ws/install/vesc_msgs/share/vesc_msgs/hook/pythonpath.dsv'
[6.644s] INFO:colcon.colcon_core.shell:Creating environment hook '/home/coche/coche_ws/install/vesc_msgs/share/vesc_msgs/hook/pythonpath.sh'
[6.648s] Level 1:colcon.colcon_core.environment:checking '/home/coche/coche_ws/install/vesc_msgs/bin'
[6.651s] INFO:colcon.colcon_core.shell:Creating package script '/home/coche/coche_ws/install/vesc_msgs/share/vesc_msgs/package.ps1'
[6.655s] INFO:colcon.colcon_core.shell:Creating package descriptor '/home/coche/coche_ws/install/vesc_msgs/share/vesc_msgs/package.dsv'
[6.658s] INFO:colcon.colcon_core.shell:Creating package script '/home/coche/coche_ws/install/vesc_msgs/share/vesc_msgs/package.sh'
[6.661s] INFO:colcon.colcon_core.shell:Creating package script '/home/coche/coche_ws/install/vesc_msgs/share/vesc_msgs/package.bash'
[6.663s] INFO:colcon.colcon_core.shell:Creating package script '/home/coche/coche_ws/install/vesc_msgs/share/vesc_msgs/package.zsh'
[6.666s] Level 1:colcon.colcon_core.environment:create_file_with_runtime_dependencies(/home/coche/coche_ws/install/vesc_msgs/share/colcon-core/packages/vesc_msgs)
[6.699s] INFO:colcon.colcon_ros.task.ament_cmake.build:Building ROS package in '/home/coche/coche_ws/src/f1tenth_system/vesc/vesc_ackermann' with build type 'ament_cmake'
[6.701s] INFO:colcon.colcon_cmake.task.cmake.build:Building CMake package in '/home/coche/coche_ws/src/f1tenth_system/vesc/vesc_ackermann'
[6.704s] INFO:colcon.colcon_core.shell:Skip shell extension 'powershell' for command environment: Not usable outside of PowerShell
[6.705s] DEBUG:colcon.colcon_core.shell:Skip shell extension 'dsv' for command environment
[6.710s] DEBUG:colcon.colcon_core.event_handler.log_command:Invoking command in '/home/coche/coche_ws/src/f1tenth_system/teleop_tools/key_teleop': PYTHONPATH=/home/coche/coche_ws/build/key_teleop/prefix_override:/usr/lib/python3/dist-packages/colcon_core/task/python/colcon_distutils_commands:/home/coche/coche_ws/install/key_teleop/lib/python3.8/site-packages:${PYTHONPATH} /usr/bin/python3 -W ignore:setup.py install is deprecated -W ignore:easy_install command is deprecated setup.py egg_info --egg-base ../../../../build/key_teleop build --build-base /home/coche/coche_ws/build/key_teleop/build install --record /home/coche/coche_ws/build/key_teleop/install.log --install-scripts $base/lib/key_teleop --single-version-externally-managed install_data
[6.822s] DEBUG:colcon.colcon_core.event_handler.log_command:Invoking command in '/home/coche/coche_ws/build/vesc_ackermann': CMAKE_PREFIX_PATH=/home/coche/coche_ws/install/vesc_msgs:/home/coche/coche_ws/install/waypoint_generator:/home/coche/coche_ws/install/wall_follow:/home/coche/coche_ws/install/vesc:/home/coche/coche_ws/install/vesc_driver:/home/coche/coche_ws/install/vesc_ackermann:/home/coche/coche_ws/install/teleop_tools:/home/coche/coche_ws/install/teleop_tools_msgs:/home/coche/coche_ws/install/pure_pursuit:/home/coche/coche_ws/install/lqr:/home/coche/coche_ws/install/gap_follow:/home/coche/coche_ws/install/bringup:/home/coche/coche_ws/install/ackermann_mux:/home/coche/coche_ws/install/f1tenth_stack:/home/coche/coche_ws/install/ver_trayectoria:/home/coche/coche_ws/install/joy_teleop:/home/coche/coche_ws/install/stanley_avoidance:/home/coche/coche_ws/install/particle_filter:/home/coche/coche_ws/install/mouse_teleop:/home/coche/coche_ws/install/key_teleop:/opt/ros/foxy LD_LIBRARY_PATH=/home/coche/coche_ws/install/vesc_msgs/lib:/home/coche/coche_ws/install/vesc_driver/lib:/home/coche/coche_ws/install/vesc_ackermann/lib:/home/coche/coche_ws/install/teleop_tools_msgs/lib:/opt/ros/foxy/opt/yaml_cpp_vendor/lib:/opt/ros/foxy/opt/rviz_ogre_vendor/lib:/opt/ros/foxy/lib/aarch64-linux-gnu:/opt/ros/foxy/lib PYTHONPATH=/home/coche/coche_ws/install/vesc_msgs/lib/python3.8/site-packages:/home/coche/coche_ws/install/wall_follow/lib/python3.8/site-packages:/home/coche/coche_ws/install/f1tenth_stack/lib/python3.8/site-packages:/home/coche/coche_ws/install/ver_trayectoria/lib/python3.8/site-packages:/home/coche/coche_ws/install/joy_teleop/lib/python3.8/site-packages:/home/coche/coche_ws/install/teleop_tools_msgs/lib/python3.8/site-packages:/home/coche/coche_ws/install/stanley_avoidance/lib/python3.8/site-packages:/home/coche/coche_ws/install/pure_pursuit/lib/python3.8/site-packages:/home/coche/coche_ws/install/particle_filter/lib/python3.8/site-packages:/home/coche/coche_ws/install/mouse_teleop/lib/python3.8/site-packages:/home/coche/coche_ws/install/lqr/lib/python3.8/site-packages:/home/coche/coche_ws/install/key_teleop/lib/python3.8/site-packages:/home/coche/coche_ws/install/gap_follow/lib/python3.8/site-packages:/opt/ros/foxy/lib/python3.8/site-packages /usr/bin/cmake --build /home/coche/coche_ws/build/vesc_ackermann -- -j4 -l4
[6.863s] Level 1:colcon.colcon_core.environment:create_environment_scripts_only(lqr)
[6.867s] Level 1:colcon.colcon_core.environment:checking '/home/coche/coche_ws/install/lqr' for CMake module files
[6.870s] DEBUG:colcon.colcon_core.event_handler.log_command:Invoked command in '/home/coche/coche_ws/build/lqr' returned '0': CMAKE_PREFIX_PATH=${CMAKE_PREFIX_PATH}:/home/coche/coche_ws/install/f1tenth_stack:/home/coche/coche_ws/install/ver_trayectoria:/home/coche/coche_ws/install/joy_teleop:/home/coche/coche_ws/install/stanley_avoidance:/home/coche/coche_ws/install/particle_filter:/home/coche/coche_ws/install/mouse_teleop:/home/coche/coche_ws/install/key_teleop:/opt/ros/foxy /usr/bin/cmake --install /home/coche/coche_ws/build/lqr
[6.872s] Level 1:colcon.colcon_core.environment:checking '/home/coche/coche_ws/install/lqr' for CMake config files
[6.874s] Level 1:colcon.colcon_core.shell:create_environment_hook('lqr', 'cmake_prefix_path')
[6.876s] INFO:colcon.colcon_core.shell:Creating environment hook '/home/coche/coche_ws/install/lqr/share/lqr/hook/cmake_prefix_path.ps1'
[6.880s] INFO:colcon.colcon_core.shell:Creating environment descriptor '/home/coche/coche_ws/install/lqr/share/lqr/hook/cmake_prefix_path.dsv'
[6.882s] INFO:colcon.colcon_core.shell:Creating environment hook '/home/coche/coche_ws/install/lqr/share/lqr/hook/cmake_prefix_path.sh'
[6.886s] Level 1:colcon.colcon_core.environment:checking '/home/coche/coche_ws/install/lqr/lib'
[6.887s] Level 1:colcon.colcon_core.environment:checking '/home/coche/coche_ws/install/lqr/bin'
[6.888s] Level 1:colcon.colcon_core.environment:checking '/home/coche/coche_ws/install/lqr/lib/pkgconfig/lqr.pc'
[6.889s] Level 1:colcon.colcon_core.environment:checking '/home/coche/coche_ws/install/lqr/lib/python3.8/site-packages'
[6.889s] Level 1:colcon.colcon_core.shell:create_environment_hook('lqr', 'pythonpath')
[6.890s] INFO:colcon.colcon_core.shell:Creating environment hook '/home/coche/coche_ws/install/lqr/share/lqr/hook/pythonpath.ps1'
[6.893s] INFO:colcon.colcon_core.shell:Creating environment descriptor '/home/coche/coche_ws/install/lqr/share/lqr/hook/pythonpath.dsv'
[6.895s] INFO:colcon.colcon_core.shell:Creating environment hook '/home/coche/coche_ws/install/lqr/share/lqr/hook/pythonpath.sh'
[6.898s] Level 1:colcon.colcon_core.environment:checking '/home/coche/coche_ws/install/lqr/bin'
[6.900s] INFO:colcon.colcon_core.shell:Creating package script '/home/coche/coche_ws/install/lqr/share/lqr/package.ps1'
[6.902s] INFO:colcon.colcon_core.shell:Creating package descriptor '/home/coche/coche_ws/install/lqr/share/lqr/package.dsv'
[6.905s] INFO:colcon.colcon_core.shell:Creating package script '/home/coche/coche_ws/install/lqr/share/lqr/package.sh'
[6.907s] INFO:colcon.colcon_core.shell:Creating package script '/home/coche/coche_ws/install/lqr/share/lqr/package.bash'
[6.911s] INFO:colcon.colcon_core.shell:Creating package script '/home/coche/coche_ws/install/lqr/share/lqr/package.zsh'
[6.915s] Level 1:colcon.colcon_core.environment:create_file_with_runtime_dependencies(/home/coche/coche_ws/install/lqr/share/colcon-core/packages/lqr)
[6.919s] Level 1:colcon.colcon_core.environment:create_environment_scripts_only(lqr)
[6.920s] Level 1:colcon.colcon_core.environment:checking '/home/coche/coche_ws/install/lqr' for CMake module files
[6.922s] Level 1:colcon.colcon_core.environment:checking '/home/coche/coche_ws/install/lqr' for CMake config files
[6.924s] Level 1:colcon.colcon_core.shell:create_environment_hook('lqr', 'cmake_prefix_path')
[6.925s] INFO:colcon.colcon_core.shell:Creating environment hook '/home/coche/coche_ws/install/lqr/share/lqr/hook/cmake_prefix_path.ps1'
[6.927s] INFO:colcon.colcon_core.shell:Creating environment descriptor '/home/coche/coche_ws/install/lqr/share/lqr/hook/cmake_prefix_path.dsv'
[6.929s] INFO:colcon.colcon_core.shell:Creating environment hook '/home/coche/coche_ws/install/lqr/share/lqr/hook/cmake_prefix_path.sh'
[6.933s] Level 1:colcon.colcon_core.environment:checking '/home/coche/coche_ws/install/lqr/lib'
[6.933s] Level 1:colcon.colcon_core.environment:checking '/home/coche/coche_ws/install/lqr/bin'
[6.933s] Level 1:colcon.colcon_core.environment:checking '/home/coche/coche_ws/install/lqr/lib/pkgconfig/lqr.pc'
[6.934s] Level 1:colcon.colcon_core.environment:checking '/home/coche/coche_ws/install/lqr/lib/python3.8/site-packages'
[6.934s] Level 1:colcon.colcon_core.shell:create_environment_hook('lqr', 'pythonpath')
[6.935s] INFO:colcon.colcon_core.shell:Creating environment hook '/home/coche/coche_ws/install/lqr/share/lqr/hook/pythonpath.ps1'
[6.938s] INFO:colcon.colcon_core.shell:Creating environment descriptor '/home/coche/coche_ws/install/lqr/share/lqr/hook/pythonpath.dsv'
[6.939s] INFO:colcon.colcon_core.shell:Creating environment hook '/home/coche/coche_ws/install/lqr/share/lqr/hook/pythonpath.sh'
[6.942s] Level 1:colcon.colcon_core.environment:checking '/home/coche/coche_ws/install/lqr/bin'
[6.945s] INFO:colcon.colcon_core.shell:Creating package script '/home/coche/coche_ws/install/lqr/share/lqr/package.ps1'
[6.948s] INFO:colcon.colcon_core.shell:Creating package descriptor '/home/coche/coche_ws/install/lqr/share/lqr/package.dsv'
[6.957s] INFO:colcon.colcon_core.shell:Creating package script '/home/coche/coche_ws/install/lqr/share/lqr/package.sh'
[6.960s] INFO:colcon.colcon_core.shell:Creating package script '/home/coche/coche_ws/install/lqr/share/lqr/package.bash'
[6.964s] INFO:colcon.colcon_core.shell:Creating package script '/home/coche/coche_ws/install/lqr/share/lqr/package.zsh'
[6.966s] Level 1:colcon.colcon_core.environment:create_file_with_runtime_dependencies(/home/coche/coche_ws/install/lqr/share/colcon-core/packages/lqr)
[6.969s] INFO:colcon.colcon_ros.task.ament_cmake.build:Building ROS package in '/home/coche/coche_ws/src/f1tenth_system/vesc/vesc_driver' with build type 'ament_cmake'
[6.970s] INFO:colcon.colcon_cmake.task.cmake.build:Building CMake package in '/home/coche/coche_ws/src/f1tenth_system/vesc/vesc_driver'
[6.971s] INFO:colcon.colcon_core.shell:Skip shell extension 'powershell' for command environment: Not usable outside of PowerShell
[6.971s] DEBUG:colcon.colcon_core.shell:Skip shell extension 'dsv' for command environment
[7.144s] DEBUG:colcon.colcon_core.event_handler.log_command:Invoking command in '/home/coche/coche_ws/build/vesc_driver': CMAKE_PREFIX_PATH=/home/coche/coche_ws/install/vesc_msgs:/home/coche/coche_ws/install/waypoint_generator:/home/coche/coche_ws/install/wall_follow:/home/coche/coche_ws/install/vesc:/home/coche/coche_ws/install/vesc_driver:/home/coche/coche_ws/install/vesc_ackermann:/home/coche/coche_ws/install/teleop_tools:/home/coche/coche_ws/install/teleop_tools_msgs:/home/coche/coche_ws/install/pure_pursuit:/home/coche/coche_ws/install/lqr:/home/coche/coche_ws/install/gap_follow:/home/coche/coche_ws/install/bringup:/home/coche/coche_ws/install/ackermann_mux:/home/coche/coche_ws/install/f1tenth_stack:/home/coche/coche_ws/install/ver_trayectoria:/home/coche/coche_ws/install/joy_teleop:/home/coche/coche_ws/install/stanley_avoidance:/home/coche/coche_ws/install/particle_filter:/home/coche/coche_ws/install/mouse_teleop:/home/coche/coche_ws/install/key_teleop:/opt/ros/foxy LD_LIBRARY_PATH=/home/coche/coche_ws/install/vesc_msgs/lib:/home/coche/coche_ws/install/vesc_driver/lib:/home/coche/coche_ws/install/vesc_ackermann/lib:/home/coche/coche_ws/install/teleop_tools_msgs/lib:/opt/ros/foxy/opt/yaml_cpp_vendor/lib:/opt/ros/foxy/opt/rviz_ogre_vendor/lib:/opt/ros/foxy/lib/aarch64-linux-gnu:/opt/ros/foxy/lib PYTHONPATH=/home/coche/coche_ws/install/vesc_msgs/lib/python3.8/site-packages:/home/coche/coche_ws/install/wall_follow/lib/python3.8/site-packages:/home/coche/coche_ws/install/f1tenth_stack/lib/python3.8/site-packages:/home/coche/coche_ws/install/ver_trayectoria/lib/python3.8/site-packages:/home/coche/coche_ws/install/joy_teleop/lib/python3.8/site-packages:/home/coche/coche_ws/install/teleop_tools_msgs/lib/python3.8/site-packages:/home/coche/coche_ws/install/stanley_avoidance/lib/python3.8/site-packages:/home/coche/coche_ws/install/pure_pursuit/lib/python3.8/site-packages:/home/coche/coche_ws/install/particle_filter/lib/python3.8/site-packages:/home/coche/coche_ws/install/mouse_teleop/lib/python3.8/site-packages:/home/coche/coche_ws/install/lqr/lib/python3.8/site-packages:/home/coche/coche_ws/install/key_teleop/lib/python3.8/site-packages:/home/coche/coche_ws/install/gap_follow/lib/python3.8/site-packages:/opt/ros/foxy/lib/python3.8/site-packages /usr/bin/cmake --build /home/coche/coche_ws/build/vesc_driver -- -j4 -l4
[7.363s] DEBUG:colcon.colcon_core.event_handler.log_command:Invoked command in '/home/coche/coche_ws/build/vesc_ackermann' returned '0': CMAKE_PREFIX_PATH=/home/coche/coche_ws/install/vesc_msgs:/home/coche/coche_ws/install/waypoint_generator:/home/coche/coche_ws/install/wall_follow:/home/coche/coche_ws/install/vesc:/home/coche/coche_ws/install/vesc_driver:/home/coche/coche_ws/install/vesc_ackermann:/home/coche/coche_ws/install/teleop_tools:/home/coche/coche_ws/install/teleop_tools_msgs:/home/coche/coche_ws/install/pure_pursuit:/home/coche/coche_ws/install/lqr:/home/coche/coche_ws/install/gap_follow:/home/coche/coche_ws/install/bringup:/home/coche/coche_ws/install/ackermann_mux:/home/coche/coche_ws/install/f1tenth_stack:/home/coche/coche_ws/install/ver_trayectoria:/home/coche/coche_ws/install/joy_teleop:/home/coche/coche_ws/install/stanley_avoidance:/home/coche/coche_ws/install/particle_filter:/home/coche/coche_ws/install/mouse_teleop:/home/coche/coche_ws/install/key_teleop:/opt/ros/foxy LD_LIBRARY_PATH=/home/coche/coche_ws/install/vesc_msgs/lib:/home/coche/coche_ws/install/vesc_driver/lib:/home/coche/coche_ws/install/vesc_ackermann/lib:/home/coche/coche_ws/install/teleop_tools_msgs/lib:/opt/ros/foxy/opt/yaml_cpp_vendor/lib:/opt/ros/foxy/opt/rviz_ogre_vendor/lib:/opt/ros/foxy/lib/aarch64-linux-gnu:/opt/ros/foxy/lib PYTHONPATH=/home/coche/coche_ws/install/vesc_msgs/lib/python3.8/site-packages:/home/coche/coche_ws/install/wall_follow/lib/python3.8/site-packages:/home/coche/coche_ws/install/f1tenth_stack/lib/python3.8/site-packages:/home/coche/coche_ws/install/ver_trayectoria/lib/python3.8/site-packages:/home/coche/coche_ws/install/joy_teleop/lib/python3.8/site-packages:/home/coche/coche_ws/install/teleop_tools_msgs/lib/python3.8/site-packages:/home/coche/coche_ws/install/stanley_avoidance/lib/python3.8/site-packages:/home/coche/coche_ws/install/pure_pursuit/lib/python3.8/site-packages:/home/coche/coche_ws/install/particle_filter/lib/python3.8/site-packages:/home/coche/coche_ws/install/mouse_teleop/lib/python3.8/site-packages:/home/coche/coche_ws/install/lqr/lib/python3.8/site-packages:/home/coche/coche_ws/install/key_teleop/lib/python3.8/site-packages:/home/coche/coche_ws/install/gap_follow/lib/python3.8/site-packages:/opt/ros/foxy/lib/python3.8/site-packages /usr/bin/cmake --build /home/coche/coche_ws/build/vesc_ackermann -- -j4 -l4
[7.681s] DEBUG:colcon.colcon_core.event_handler.log_command:Invoking command in '/home/coche/coche_ws/build/vesc_ackermann': CMAKE_PREFIX_PATH=/home/coche/coche_ws/install/vesc_msgs:/home/coche/coche_ws/install/waypoint_generator:/home/coche/coche_ws/install/wall_follow:/home/coche/coche_ws/install/vesc:/home/coche/coche_ws/install/vesc_driver:/home/coche/coche_ws/install/vesc_ackermann:/home/coche/coche_ws/install/teleop_tools:/home/coche/coche_ws/install/teleop_tools_msgs:/home/coche/coche_ws/install/pure_pursuit:/home/coche/coche_ws/install/lqr:/home/coche/coche_ws/install/gap_follow:/home/coche/coche_ws/install/bringup:/home/coche/coche_ws/install/ackermann_mux:/home/coche/coche_ws/install/f1tenth_stack:/home/coche/coche_ws/install/ver_trayectoria:/home/coche/coche_ws/install/joy_teleop:/home/coche/coche_ws/install/stanley_avoidance:/home/coche/coche_ws/install/particle_filter:/home/coche/coche_ws/install/mouse_teleop:/home/coche/coche_ws/install/key_teleop:/opt/ros/foxy LD_LIBRARY_PATH=/home/coche/coche_ws/install/vesc_msgs/lib:/home/coche/coche_ws/install/vesc_driver/lib:/home/coche/coche_ws/install/vesc_ackermann/lib:/home/coche/coche_ws/install/teleop_tools_msgs/lib:/opt/ros/foxy/opt/yaml_cpp_vendor/lib:/opt/ros/foxy/opt/rviz_ogre_vendor/lib:/opt/ros/foxy/lib/aarch64-linux-gnu:/opt/ros/foxy/lib PYTHONPATH=/home/coche/coche_ws/install/vesc_msgs/lib/python3.8/site-packages:/home/coche/coche_ws/install/wall_follow/lib/python3.8/site-packages:/home/coche/coche_ws/install/f1tenth_stack/lib/python3.8/site-packages:/home/coche/coche_ws/install/ver_trayectoria/lib/python3.8/site-packages:/home/coche/coche_ws/install/joy_teleop/lib/python3.8/site-packages:/home/coche/coche_ws/install/teleop_tools_msgs/lib/python3.8/site-packages:/home/coche/coche_ws/install/stanley_avoidance/lib/python3.8/site-packages:/home/coche/coche_ws/install/pure_pursuit/lib/python3.8/site-packages:/home/coche/coche_ws/install/particle_filter/lib/python3.8/site-packages:/home/coche/coche_ws/install/mouse_teleop/lib/python3.8/site-packages:/home/coche/coche_ws/install/lqr/lib/python3.8/site-packages:/home/coche/coche_ws/install/key_teleop/lib/python3.8/site-packages:/home/coche/coche_ws/install/gap_follow/lib/python3.8/site-packages:/opt/ros/foxy/lib/python3.8/site-packages /usr/bin/cmake --install /home/coche/coche_ws/build/vesc_ackermann
[7.813s] DEBUG:colcon.colcon_core.event_handler.log_command:Invoked command in '/home/coche/coche_ws/build/vesc_driver' returned '0': CMAKE_PREFIX_PATH=/home/coche/coche_ws/install/vesc_msgs:/home/coche/coche_ws/install/waypoint_generator:/home/coche/coche_ws/install/wall_follow:/home/coche/coche_ws/install/vesc:/home/coche/coche_ws/install/vesc_driver:/home/coche/coche_ws/install/vesc_ackermann:/home/coche/coche_ws/install/teleop_tools:/home/coche/coche_ws/install/teleop_tools_msgs:/home/coche/coche_ws/install/pure_pursuit:/home/coche/coche_ws/install/lqr:/home/coche/coche_ws/install/gap_follow:/home/coche/coche_ws/install/bringup:/home/coche/coche_ws/install/ackermann_mux:/home/coche/coche_ws/install/f1tenth_stack:/home/coche/coche_ws/install/ver_trayectoria:/home/coche/coche_ws/install/joy_teleop:/home/coche/coche_ws/install/stanley_avoidance:/home/coche/coche_ws/install/particle_filter:/home/coche/coche_ws/install/mouse_teleop:/home/coche/coche_ws/install/key_teleop:/opt/ros/foxy LD_LIBRARY_PATH=/home/coche/coche_ws/install/vesc_msgs/lib:/home/coche/coche_ws/install/vesc_driver/lib:/home/coche/coche_ws/install/vesc_ackermann/lib:/home/coche/coche_ws/install/teleop_tools_msgs/lib:/opt/ros/foxy/opt/yaml_cpp_vendor/lib:/opt/ros/foxy/opt/rviz_ogre_vendor/lib:/opt/ros/foxy/lib/aarch64-linux-gnu:/opt/ros/foxy/lib PYTHONPATH=/home/coche/coche_ws/install/vesc_msgs/lib/python3.8/site-packages:/home/coche/coche_ws/install/wall_follow/lib/python3.8/site-packages:/home/coche/coche_ws/install/f1tenth_stack/lib/python3.8/site-packages:/home/coche/coche_ws/install/ver_trayectoria/lib/python3.8/site-packages:/home/coche/coche_ws/install/joy_teleop/lib/python3.8/site-packages:/home/coche/coche_ws/install/teleop_tools_msgs/lib/python3.8/site-packages:/home/coche/coche_ws/install/stanley_avoidance/lib/python3.8/site-packages:/home/coche/coche_ws/install/pure_pursuit/lib/python3.8/site-packages:/home/coche/coche_ws/install/particle_filter/lib/python3.8/site-packages:/home/coche/coche_ws/install/mouse_teleop/lib/python3.8/site-packages:/home/coche/coche_ws/install/lqr/lib/python3.8/site-packages:/home/coche/coche_ws/install/key_teleop/lib/python3.8/site-packages:/home/coche/coche_ws/install/gap_follow/lib/python3.8/site-packages:/opt/ros/foxy/lib/python3.8/site-packages /usr/bin/cmake --build /home/coche/coche_ws/build/vesc_driver -- -j4 -l4
[7.826s] Level 1:colcon.colcon_core.environment:create_environment_scripts_only(vesc_ackermann)
[7.828s] DEBUG:colcon.colcon_core.event_handler.log_command:Invoked command in '/home/coche/coche_ws/build/vesc_ackermann' returned '0': CMAKE_PREFIX_PATH=/home/coche/coche_ws/install/vesc_msgs:/home/coche/coche_ws/install/waypoint_generator:/home/coche/coche_ws/install/wall_follow:/home/coche/coche_ws/install/vesc:/home/coche/coche_ws/install/vesc_driver:/home/coche/coche_ws/install/vesc_ackermann:/home/coche/coche_ws/install/teleop_tools:/home/coche/coche_ws/install/teleop_tools_msgs:/home/coche/coche_ws/install/pure_pursuit:/home/coche/coche_ws/install/lqr:/home/coche/coche_ws/install/gap_follow:/home/coche/coche_ws/install/bringup:/home/coche/coche_ws/install/ackermann_mux:/home/coche/coche_ws/install/f1tenth_stack:/home/coche/coche_ws/install/ver_trayectoria:/home/coche/coche_ws/install/joy_teleop:/home/coche/coche_ws/install/stanley_avoidance:/home/coche/coche_ws/install/particle_filter:/home/coche/coche_ws/install/mouse_teleop:/home/coche/coche_ws/install/key_teleop:/opt/ros/foxy LD_LIBRARY_PATH=/home/coche/coche_ws/install/vesc_msgs/lib:/home/coche/coche_ws/install/vesc_driver/lib:/home/coche/coche_ws/install/vesc_ackermann/lib:/home/coche/coche_ws/install/teleop_tools_msgs/lib:/opt/ros/foxy/opt/yaml_cpp_vendor/lib:/opt/ros/foxy/opt/rviz_ogre_vendor/lib:/opt/ros/foxy/lib/aarch64-linux-gnu:/opt/ros/foxy/lib PYTHONPATH=/home/coche/coche_ws/install/vesc_msgs/lib/python3.8/site-packages:/home/coche/coche_ws/install/wall_follow/lib/python3.8/site-packages:/home/coche/coche_ws/install/f1tenth_stack/lib/python3.8/site-packages:/home/coche/coche_ws/install/ver_trayectoria/lib/python3.8/site-packages:/home/coche/coche_ws/install/joy_teleop/lib/python3.8/site-packages:/home/coche/coche_ws/install/teleop_tools_msgs/lib/python3.8/site-packages:/home/coche/coche_ws/install/stanley_avoidance/lib/python3.8/site-packages:/home/coche/coche_ws/install/pure_pursuit/lib/python3.8/site-packages:/home/coche/coche_ws/install/particle_filter/lib/python3.8/site-packages:/home/coche/coche_ws/install/mouse_teleop/lib/python3.8/site-packages:/home/coche/coche_ws/install/lqr/lib/python3.8/site-packages:/home/coche/coche_ws/install/key_teleop/lib/python3.8/site-packages:/home/coche/coche_ws/install/gap_follow/lib/python3.8/site-packages:/opt/ros/foxy/lib/python3.8/site-packages /usr/bin/cmake --install /home/coche/coche_ws/build/vesc_ackermann
[7.831s] Level 1:colcon.colcon_core.environment:checking '/home/coche/coche_ws/install/vesc_ackermann' for CMake module files
[7.837s] Level 1:colcon.colcon_core.environment:checking '/home/coche/coche_ws/install/vesc_ackermann' for CMake config files
[7.838s] Level 1:colcon.colcon_core.shell:create_environment_hook('vesc_ackermann', 'cmake_prefix_path')
[7.840s] INFO:colcon.colcon_core.shell:Creating environment hook '/home/coche/coche_ws/install/vesc_ackermann/share/vesc_ackermann/hook/cmake_prefix_path.ps1'
[7.844s] INFO:colcon.colcon_core.shell:Creating environment descriptor '/home/coche/coche_ws/install/vesc_ackermann/share/vesc_ackermann/hook/cmake_prefix_path.dsv'
[7.846s] INFO:colcon.colcon_core.shell:Creating environment hook '/home/coche/coche_ws/install/vesc_ackermann/share/vesc_ackermann/hook/cmake_prefix_path.sh'
[7.850s] Level 1:colcon.colcon_core.environment:checking '/home/coche/coche_ws/install/vesc_ackermann/lib'
[7.850s] Level 1:colcon.colcon_core.shell:create_environment_hook('vesc_ackermann', 'ld_library_path_lib')
[7.851s] INFO:colcon.colcon_core.shell:Creating environment hook '/home/coche/coche_ws/install/vesc_ackermann/share/vesc_ackermann/hook/ld_library_path_lib.ps1'
[7.853s] INFO:colcon.colcon_core.shell:Creating environment descriptor '/home/coche/coche_ws/install/vesc_ackermann/share/vesc_ackermann/hook/ld_library_path_lib.dsv'
[7.858s] INFO:colcon.colcon_core.shell:Creating environment hook '/home/coche/coche_ws/install/vesc_ackermann/share/vesc_ackermann/hook/ld_library_path_lib.sh'
[7.864s] Level 1:colcon.colcon_core.environment:checking '/home/coche/coche_ws/install/vesc_ackermann/bin'
[7.865s] Level 1:colcon.colcon_core.environment:checking '/home/coche/coche_ws/install/vesc_ackermann/lib/pkgconfig/vesc_ackermann.pc'
[7.866s] Level 1:colcon.colcon_core.environment:checking '/home/coche/coche_ws/install/vesc_ackermann/lib/python3.8/site-packages'
[7.867s] Level 1:colcon.colcon_core.environment:checking '/home/coche/coche_ws/install/vesc_ackermann/bin'
[7.871s] INFO:colcon.colcon_core.shell:Creating package script '/home/coche/coche_ws/install/vesc_ackermann/share/vesc_ackermann/package.ps1'
[7.874s] INFO:colcon.colcon_core.shell:Creating package descriptor '/home/coche/coche_ws/install/vesc_ackermann/share/vesc_ackermann/package.dsv'
[7.876s] INFO:colcon.colcon_core.shell:Creating package script '/home/coche/coche_ws/install/vesc_ackermann/share/vesc_ackermann/package.sh'
[7.880s] INFO:colcon.colcon_core.shell:Creating package script '/home/coche/coche_ws/install/vesc_ackermann/share/vesc_ackermann/package.bash'
[7.883s] INFO:colcon.colcon_core.shell:Creating package script '/home/coche/coche_ws/install/vesc_ackermann/share/vesc_ackermann/package.zsh'
[7.885s] Level 1:colcon.colcon_core.environment:create_file_with_runtime_dependencies(/home/coche/coche_ws/install/vesc_ackermann/share/colcon-core/packages/vesc_ackermann)
[8.071s] DEBUG:colcon.colcon_core.event_handler.log_command:Invoking command in '/home/coche/coche_ws/build/vesc_driver': CMAKE_PREFIX_PATH=/home/coche/coche_ws/install/vesc_msgs:/home/coche/coche_ws/install/waypoint_generator:/home/coche/coche_ws/install/wall_follow:/home/coche/coche_ws/install/vesc:/home/coche/coche_ws/install/vesc_driver:/home/coche/coche_ws/install/vesc_ackermann:/home/coche/coche_ws/install/teleop_tools:/home/coche/coche_ws/install/teleop_tools_msgs:/home/coche/coche_ws/install/pure_pursuit:/home/coche/coche_ws/install/lqr:/home/coche/coche_ws/install/gap_follow:/home/coche/coche_ws/install/bringup:/home/coche/coche_ws/install/ackermann_mux:/home/coche/coche_ws/install/f1tenth_stack:/home/coche/coche_ws/install/ver_trayectoria:/home/coche/coche_ws/install/joy_teleop:/home/coche/coche_ws/install/stanley_avoidance:/home/coche/coche_ws/install/particle_filter:/home/coche/coche_ws/install/mouse_teleop:/home/coche/coche_ws/install/key_teleop:/opt/ros/foxy LD_LIBRARY_PATH=/home/coche/coche_ws/install/vesc_msgs/lib:/home/coche/coche_ws/install/vesc_driver/lib:/home/coche/coche_ws/install/vesc_ackermann/lib:/home/coche/coche_ws/install/teleop_tools_msgs/lib:/opt/ros/foxy/opt/yaml_cpp_vendor/lib:/opt/ros/foxy/opt/rviz_ogre_vendor/lib:/opt/ros/foxy/lib/aarch64-linux-gnu:/opt/ros/foxy/lib PYTHONPATH=/home/coche/coche_ws/install/vesc_msgs/lib/python3.8/site-packages:/home/coche/coche_ws/install/wall_follow/lib/python3.8/site-packages:/home/coche/coche_ws/install/f1tenth_stack/lib/python3.8/site-packages:/home/coche/coche_ws/install/ver_trayectoria/lib/python3.8/site-packages:/home/coche/coche_ws/install/joy_teleop/lib/python3.8/site-packages:/home/coche/coche_ws/install/teleop_tools_msgs/lib/python3.8/site-packages:/home/coche/coche_ws/install/stanley_avoidance/lib/python3.8/site-packages:/home/coche/coche_ws/install/pure_pursuit/lib/python3.8/site-packages:/home/coche/coche_ws/install/particle_filter/lib/python3.8/site-packages:/home/coche/coche_ws/install/mouse_teleop/lib/python3.8/site-packages:/home/coche/coche_ws/install/lqr/lib/python3.8/site-packages:/home/coche/coche_ws/install/key_teleop/lib/python3.8/site-packages:/home/coche/coche_ws/install/gap_follow/lib/python3.8/site-packages:/opt/ros/foxy/lib/python3.8/site-packages /usr/bin/cmake --install /home/coche/coche_ws/build/vesc_driver
[8.085s] Level 1:colcon.colcon_core.environment:create_environment_scripts_only(vesc_ackermann)
[8.086s] Level 1:colcon.colcon_core.environment:checking '/home/coche/coche_ws/install/vesc_ackermann' for CMake module files
[8.089s] Level 1:colcon.colcon_core.environment:checking '/home/coche/coche_ws/install/vesc_ackermann' for CMake config files
[8.090s] Level 1:colcon.colcon_core.shell:create_environment_hook('vesc_ackermann', 'cmake_prefix_path')
[8.092s] INFO:colcon.colcon_core.shell:Creating environment hook '/home/coche/coche_ws/install/vesc_ackermann/share/vesc_ackermann/hook/cmake_prefix_path.ps1'
[8.096s] INFO:colcon.colcon_core.shell:Creating environment descriptor '/home/coche/coche_ws/install/vesc_ackermann/share/vesc_ackermann/hook/cmake_prefix_path.dsv'
[8.098s] INFO:colcon.colcon_core.shell:Creating environment hook '/home/coche/coche_ws/install/vesc_ackermann/share/vesc_ackermann/hook/cmake_prefix_path.sh'
[8.102s] Level 1:colcon.colcon_core.environment:checking '/home/coche/coche_ws/install/vesc_ackermann/lib'
[8.102s] Level 1:colcon.colcon_core.shell:create_environment_hook('vesc_ackermann', 'ld_library_path_lib')
[8.103s] INFO:colcon.colcon_core.shell:Creating environment hook '/home/coche/coche_ws/install/vesc_ackermann/share/vesc_ackermann/hook/ld_library_path_lib.ps1'
[8.107s] INFO:colcon.colcon_core.shell:Creating environment descriptor '/home/coche/coche_ws/install/vesc_ackermann/share/vesc_ackermann/hook/ld_library_path_lib.dsv'
[8.110s] INFO:colcon.colcon_core.shell:Creating environment hook '/home/coche/coche_ws/install/vesc_ackermann/share/vesc_ackermann/hook/ld_library_path_lib.sh'
[8.115s] Level 1:colcon.colcon_core.environment:checking '/home/coche/coche_ws/install/vesc_ackermann/bin'
[8.115s] Level 1:colcon.colcon_core.environment:checking '/home/coche/coche_ws/install/vesc_ackermann/lib/pkgconfig/vesc_ackermann.pc'
[8.116s] Level 1:colcon.colcon_core.environment:checking '/home/coche/coche_ws/install/vesc_ackermann/lib/python3.8/site-packages'
[8.125s] Level 1:colcon.colcon_core.environment:checking '/home/coche/coche_ws/install/vesc_ackermann/bin'
[8.128s] INFO:colcon.colcon_core.shell:Creating package script '/home/coche/coche_ws/install/vesc_ackermann/share/vesc_ackermann/package.ps1'
[8.140s] INFO:colcon.colcon_core.shell:Creating package descriptor '/home/coche/coche_ws/install/vesc_ackermann/share/vesc_ackermann/package.dsv'
[8.146s] INFO:colcon.colcon_core.shell:Creating package script '/home/coche/coche_ws/install/vesc_ackermann/share/vesc_ackermann/package.sh'
[8.152s] INFO:colcon.colcon_core.shell:Creating package script '/home/coche/coche_ws/install/vesc_ackermann/share/vesc_ackermann/package.bash'
[8.155s] INFO:colcon.colcon_core.shell:Creating package script '/home/coche/coche_ws/install/vesc_ackermann/share/vesc_ackermann/package.zsh'
[8.158s] Level 1:colcon.colcon_core.environment:create_file_with_runtime_dependencies(/home/coche/coche_ws/install/vesc_ackermann/share/colcon-core/packages/vesc_ackermann)
[8.162s] INFO:colcon.colcon_ros.task.ament_python.build:Building ROS package in '/home/coche/coche_ws/src/f1tenth_system/teleop_tools/mouse_teleop' with build type 'ament_python'
[8.164s] Level 1:colcon.colcon_core.shell:create_environment_hook('mouse_teleop', 'ament_prefix_path')
[8.167s] INFO:colcon.colcon_core.shell:Creating environment hook '/home/coche/coche_ws/install/mouse_teleop/share/mouse_teleop/hook/ament_prefix_path.ps1'
[8.176s] INFO:colcon.colcon_core.shell:Creating environment descriptor '/home/coche/coche_ws/install/mouse_teleop/share/mouse_teleop/hook/ament_prefix_path.dsv'
[8.178s] INFO:colcon.colcon_core.shell:Creating environment hook '/home/coche/coche_ws/install/mouse_teleop/share/mouse_teleop/hook/ament_prefix_path.sh'
[8.182s] INFO:colcon.colcon_core.shell:Skip shell extension 'powershell' for command environment: Not usable outside of PowerShell
[8.182s] DEBUG:colcon.colcon_core.shell:Skip shell extension 'dsv' for command environment
[8.244s] Level 1:colcon.colcon_core.environment:create_environment_scripts_only(vesc_driver)
[8.249s] Level 1:colcon.colcon_core.environment:checking '/home/coche/coche_ws/install/vesc_driver' for CMake module files
[8.251s] DEBUG:colcon.colcon_core.event_handler.log_command:Invoked command in '/home/coche/coche_ws/build/vesc_driver' returned '0': CMAKE_PREFIX_PATH=/home/coche/coche_ws/install/vesc_msgs:/home/coche/coche_ws/install/waypoint_generator:/home/coche/coche_ws/install/wall_follow:/home/coche/coche_ws/install/vesc:/home/coche/coche_ws/install/vesc_driver:/home/coche/coche_ws/install/vesc_ackermann:/home/coche/coche_ws/install/teleop_tools:/home/coche/coche_ws/install/teleop_tools_msgs:/home/coche/coche_ws/install/pure_pursuit:/home/coche/coche_ws/install/lqr:/home/coche/coche_ws/install/gap_follow:/home/coche/coche_ws/install/bringup:/home/coche/coche_ws/install/ackermann_mux:/home/coche/coche_ws/install/f1tenth_stack:/home/coche/coche_ws/install/ver_trayectoria:/home/coche/coche_ws/install/joy_teleop:/home/coche/coche_ws/install/stanley_avoidance:/home/coche/coche_ws/install/particle_filter:/home/coche/coche_ws/install/mouse_teleop:/home/coche/coche_ws/install/key_teleop:/opt/ros/foxy LD_LIBRARY_PATH=/home/coche/coche_ws/install/vesc_msgs/lib:/home/coche/coche_ws/install/vesc_driver/lib:/home/coche/coche_ws/install/vesc_ackermann/lib:/home/coche/coche_ws/install/teleop_tools_msgs/lib:/opt/ros/foxy/opt/yaml_cpp_vendor/lib:/opt/ros/foxy/opt/rviz_ogre_vendor/lib:/opt/ros/foxy/lib/aarch64-linux-gnu:/opt/ros/foxy/lib PYTHONPATH=/home/coche/coche_ws/install/vesc_msgs/lib/python3.8/site-packages:/home/coche/coche_ws/install/wall_follow/lib/python3.8/site-packages:/home/coche/coche_ws/install/f1tenth_stack/lib/python3.8/site-packages:/home/coche/coche_ws/install/ver_trayectoria/lib/python3.8/site-packages:/home/coche/coche_ws/install/joy_teleop/lib/python3.8/site-packages:/home/coche/coche_ws/install/teleop_tools_msgs/lib/python3.8/site-packages:/home/coche/coche_ws/install/stanley_avoidance/lib/python3.8/site-packages:/home/coche/coche_ws/install/pure_pursuit/lib/python3.8/site-packages:/home/coche/coche_ws/install/particle_filter/lib/python3.8/site-packages:/home/coche/coche_ws/install/mouse_teleop/lib/python3.8/site-packages:/home/coche/coche_ws/install/lqr/lib/python3.8/site-packages:/home/coche/coche_ws/install/key_teleop/lib/python3.8/site-packages:/home/coche/coche_ws/install/gap_follow/lib/python3.8/site-packages:/opt/ros/foxy/lib/python3.8/site-packages /usr/bin/cmake --install /home/coche/coche_ws/build/vesc_driver
[8.255s] Level 1:colcon.colcon_core.environment:checking '/home/coche/coche_ws/install/vesc_driver' for CMake config files
[8.257s] Level 1:colcon.colcon_core.shell:create_environment_hook('vesc_driver', 'cmake_prefix_path')
[8.259s] INFO:colcon.colcon_core.shell:Creating environment hook '/home/coche/coche_ws/install/vesc_driver/share/vesc_driver/hook/cmake_prefix_path.ps1'
[8.265s] INFO:colcon.colcon_core.shell:Creating environment descriptor '/home/coche/coche_ws/install/vesc_driver/share/vesc_driver/hook/cmake_prefix_path.dsv'
[8.268s] INFO:colcon.colcon_core.shell:Creating environment hook '/home/coche/coche_ws/install/vesc_driver/share/vesc_driver/hook/cmake_prefix_path.sh'
[8.275s] Level 1:colcon.colcon_core.environment:checking '/home/coche/coche_ws/install/vesc_driver/lib'
[8.276s] Level 1:colcon.colcon_core.shell:create_environment_hook('vesc_driver', 'ld_library_path_lib')
[8.278s] INFO:colcon.colcon_core.shell:Creating environment hook '/home/coche/coche_ws/install/vesc_driver/share/vesc_driver/hook/ld_library_path_lib.ps1'
[8.280s] INFO:colcon.colcon_core.shell:Creating environment descriptor '/home/coche/coche_ws/install/vesc_driver/share/vesc_driver/hook/ld_library_path_lib.dsv'
[8.284s] INFO:colcon.colcon_core.shell:Creating environment hook '/home/coche/coche_ws/install/vesc_driver/share/vesc_driver/hook/ld_library_path_lib.sh'
[8.287s] Level 1:colcon.colcon_core.environment:checking '/home/coche/coche_ws/install/vesc_driver/bin'
[8.287s] Level 1:colcon.colcon_core.environment:checking '/home/coche/coche_ws/install/vesc_driver/lib/pkgconfig/vesc_driver.pc'
[8.289s] Level 1:colcon.colcon_core.environment:checking '/home/coche/coche_ws/install/vesc_driver/lib/python3.8/site-packages'
[8.290s] Level 1:colcon.colcon_core.environment:checking '/home/coche/coche_ws/install/vesc_driver/bin'
[8.292s] INFO:colcon.colcon_core.shell:Creating package script '/home/coche/coche_ws/install/vesc_driver/share/vesc_driver/package.ps1'
[8.295s] INFO:colcon.colcon_core.shell:Creating package descriptor '/home/coche/coche_ws/install/vesc_driver/share/vesc_driver/package.dsv'
[8.298s] INFO:colcon.colcon_core.shell:Creating package script '/home/coche/coche_ws/install/vesc_driver/share/vesc_driver/package.sh'
[8.303s] INFO:colcon.colcon_core.shell:Creating package script '/home/coche/coche_ws/install/vesc_driver/share/vesc_driver/package.bash'
[8.305s] INFO:colcon.colcon_core.shell:Creating package script '/home/coche/coche_ws/install/vesc_driver/share/vesc_driver/package.zsh'
[8.307s] Level 1:colcon.colcon_core.environment:create_file_with_runtime_dependencies(/home/coche/coche_ws/install/vesc_driver/share/colcon-core/packages/vesc_driver)
[9.345s] INFO:colcon.colcon_core.task.python.build:Building Python package in '/home/coche/coche_ws/src/f1tenth_system/teleop_tools/mouse_teleop'
[9.349s] INFO:colcon.colcon_core.shell:Skip shell extension 'powershell' for command environment: Not usable outside of PowerShell
[9.349s] DEBUG:colcon.colcon_core.shell:Skip shell extension 'dsv' for command environment
[9.392s] Level 1:colcon.colcon_core.environment:checking '/home/coche/coche_ws/install/key_teleop' for CMake module files
[9.396s] DEBUG:colcon.colcon_core.event_handler.log_command:Invoked command in '/home/coche/coche_ws/src/f1tenth_system/teleop_tools/key_teleop' returned '0': PYTHONPATH=/home/coche/coche_ws/build/key_teleop/prefix_override:/usr/lib/python3/dist-packages/colcon_core/task/python/colcon_distutils_commands:/home/coche/coche_ws/install/key_teleop/lib/python3.8/site-packages:${PYTHONPATH} /usr/bin/python3 -W ignore:setup.py install is deprecated -W ignore:easy_install command is deprecated setup.py egg_info --egg-base ../../../../build/key_teleop build --build-base /home/coche/coche_ws/build/key_teleop/build install --record /home/coche/coche_ws/build/key_teleop/install.log --install-scripts $base/lib/key_teleop --single-version-externally-managed install_data
[9.398s] Level 1:colcon.colcon_core.environment:checking '/home/coche/coche_ws/install/key_teleop' for CMake config files
[9.401s] Level 1:colcon.colcon_core.environment:checking '/home/coche/coche_ws/install/key_teleop/lib'
[9.402s] Level 1:colcon.colcon_core.environment:checking '/home/coche/coche_ws/install/key_teleop/bin'
[9.402s] Level 1:colcon.colcon_core.environment:checking '/home/coche/coche_ws/install/key_teleop/lib/pkgconfig/key_teleop.pc'
[9.403s] Level 1:colcon.colcon_core.environment:checking '/home/coche/coche_ws/install/key_teleop/lib/python3.8/site-packages'
[9.403s] Level 1:colcon.colcon_core.shell:create_environment_hook('key_teleop', 'pythonpath')
[9.405s] INFO:colcon.colcon_core.shell:Creating environment hook '/home/coche/coche_ws/install/key_teleop/share/key_teleop/hook/pythonpath.ps1'
[9.408s] INFO:colcon.colcon_core.shell:Creating environment descriptor '/home/coche/coche_ws/install/key_teleop/share/key_teleop/hook/pythonpath.dsv'
[9.409s] INFO:colcon.colcon_core.shell:Creating environment hook '/home/coche/coche_ws/install/key_teleop/share/key_teleop/hook/pythonpath.sh'
[9.411s] Level 1:colcon.colcon_core.environment:checking '/home/coche/coche_ws/install/key_teleop/bin'
[9.412s] Level 1:colcon.colcon_core.environment:create_environment_scripts_only(key_teleop)
[9.413s] INFO:colcon.colcon_core.shell:Creating package script '/home/coche/coche_ws/install/key_teleop/share/key_teleop/package.ps1'
[9.415s] INFO:colcon.colcon_core.shell:Creating package descriptor '/home/coche/coche_ws/install/key_teleop/share/key_teleop/package.dsv'
[9.417s] INFO:colcon.colcon_core.shell:Creating package script '/home/coche/coche_ws/install/key_teleop/share/key_teleop/package.sh'
[9.419s] INFO:colcon.colcon_core.shell:Creating package script '/home/coche/coche_ws/install/key_teleop/share/key_teleop/package.bash'
[9.420s] INFO:colcon.colcon_core.shell:Creating package script '/home/coche/coche_ws/install/key_teleop/share/key_teleop/package.zsh'
[9.422s] Level 1:colcon.colcon_core.environment:create_file_with_runtime_dependencies(/home/coche/coche_ws/install/key_teleop/share/colcon-core/packages/key_teleop)
[9.427s] INFO:colcon.colcon_ros.task.ament_python.build:Building ROS package in '/home/coche/coche_ws/src/f1tenth_system/particle filter' with build type 'ament_python'
[9.428s] Level 1:colcon.colcon_core.shell:create_environment_hook('particle_filter', 'ament_prefix_path')
[9.429s] INFO:colcon.colcon_core.shell:Creating environment hook '/home/coche/coche_ws/install/particle_filter/share/particle_filter/hook/ament_prefix_path.ps1'
[9.432s] INFO:colcon.colcon_core.shell:Creating environment descriptor '/home/coche/coche_ws/install/particle_filter/share/particle_filter/hook/ament_prefix_path.dsv'
[9.434s] INFO:colcon.colcon_core.shell:Creating environment hook '/home/coche/coche_ws/install/particle_filter/share/particle_filter/hook/ament_prefix_path.sh'
[9.436s] INFO:colcon.colcon_core.shell:Skip shell extension 'powershell' for command environment: Not usable outside of PowerShell
[9.437s] DEBUG:colcon.colcon_core.shell:Skip shell extension 'dsv' for command environment
[9.477s] Level 1:colcon.colcon_core.environment:create_environment_scripts_only(vesc_driver)
[9.480s] Level 1:colcon.colcon_core.environment:checking '/home/coche/coche_ws/install/vesc_driver' for CMake module files
[9.482s] Level 1:colcon.colcon_core.environment:checking '/home/coche/coche_ws/install/vesc_driver' for CMake config files
[9.484s] Level 1:colcon.colcon_core.shell:create_environment_hook('vesc_driver', 'cmake_prefix_path')
[9.485s] INFO:colcon.colcon_core.shell:Creating environment hook '/home/coche/coche_ws/install/vesc_driver/share/vesc_driver/hook/cmake_prefix_path.ps1'
[9.489s] INFO:colcon.colcon_core.shell:Creating environment descriptor '/home/coche/coche_ws/install/vesc_driver/share/vesc_driver/hook/cmake_prefix_path.dsv'
[9.492s] INFO:colcon.colcon_core.shell:Creating environment hook '/home/coche/coche_ws/install/vesc_driver/share/vesc_driver/hook/cmake_prefix_path.sh'
[9.496s] Level 1:colcon.colcon_core.environment:checking '/home/coche/coche_ws/install/vesc_driver/lib'
[9.497s] Level 1:colcon.colcon_core.shell:create_environment_hook('vesc_driver', 'ld_library_path_lib')
[9.498s] INFO:colcon.colcon_core.shell:Creating environment hook '/home/coche/coche_ws/install/vesc_driver/share/vesc_driver/hook/ld_library_path_lib.ps1'
[9.500s] INFO:colcon.colcon_core.shell:Creating environment descriptor '/home/coche/coche_ws/install/vesc_driver/share/vesc_driver/hook/ld_library_path_lib.dsv'
[9.501s] INFO:colcon.colcon_core.shell:Creating environment hook '/home/coche/coche_ws/install/vesc_driver/share/vesc_driver/hook/ld_library_path_lib.sh'
[9.503s] Level 1:colcon.colcon_core.environment:checking '/home/coche/coche_ws/install/vesc_driver/bin'
[9.504s] Level 1:colcon.colcon_core.environment:checking '/home/coche/coche_ws/install/vesc_driver/lib/pkgconfig/vesc_driver.pc'
[9.505s] Level 1:colcon.colcon_core.environment:checking '/home/coche/coche_ws/install/vesc_driver/lib/python3.8/site-packages'
[9.505s] Level 1:colcon.colcon_core.environment:checking '/home/coche/coche_ws/install/vesc_driver/bin'
[9.507s] INFO:colcon.colcon_core.shell:Creating package script '/home/coche/coche_ws/install/vesc_driver/share/vesc_driver/package.ps1'
[9.510s] INFO:colcon.colcon_core.shell:Creating package descriptor '/home/coche/coche_ws/install/vesc_driver/share/vesc_driver/package.dsv'
[9.512s] INFO:colcon.colcon_core.shell:Creating package script '/home/coche/coche_ws/install/vesc_driver/share/vesc_driver/package.sh'
[9.514s] INFO:colcon.colcon_core.shell:Creating package script '/home/coche/coche_ws/install/vesc_driver/share/vesc_driver/package.bash'
[9.516s] INFO:colcon.colcon_core.shell:Creating package script '/home/coche/coche_ws/install/vesc_driver/share/vesc_driver/package.zsh'
[9.518s] Level 1:colcon.colcon_core.environment:create_file_with_runtime_dependencies(/home/coche/coche_ws/install/vesc_driver/share/colcon-core/packages/vesc_driver)
[9.539s] DEBUG:colcon.colcon_core.event_handler.log_command:Invoking command in '/home/coche/coche_ws/src/f1tenth_system/teleop_tools/joy_teleop': CMAKE_PREFIX_PATH=/home/coche/coche_ws/install/teleop_tools_msgs:/home/coche/coche_ws/install/waypoint_generator:/home/coche/coche_ws/install/wall_follow:/home/coche/coche_ws/install/vesc:/home/coche/coche_ws/install/vesc_driver:/home/coche/coche_ws/install/vesc_ackermann:/home/coche/coche_ws/install/vesc_msgs:/home/coche/coche_ws/install/teleop_tools:/home/coche/coche_ws/install/pure_pursuit:/home/coche/coche_ws/install/lqr:/home/coche/coche_ws/install/gap_follow:/home/coche/coche_ws/install/bringup:/home/coche/coche_ws/install/ackermann_mux LD_LIBRARY_PATH=/home/coche/coche_ws/install/teleop_tools_msgs/lib:/home/coche/coche_ws/install/vesc_driver/lib:/home/coche/coche_ws/install/vesc_ackermann/lib:/home/coche/coche_ws/install/vesc_msgs/lib:/opt/ros/foxy/opt/yaml_cpp_vendor/lib:/opt/ros/foxy/opt/rviz_ogre_vendor/lib:/opt/ros/foxy/lib/aarch64-linux-gnu:/opt/ros/foxy/lib PYTHONPATH=/home/coche/coche_ws/build/joy_teleop/prefix_override:/usr/lib/python3/dist-packages/colcon_core/task/python/colcon_distutils_commands:/home/coche/coche_ws/install/joy_teleop/lib/python3.8/site-packages:/home/coche/coche_ws/install/teleop_tools_msgs/lib/python3.8/site-packages:/home/coche/coche_ws/install/wall_follow/lib/python3.8/site-packages:/home/coche/coche_ws/install/f1tenth_stack/lib/python3.8/site-packages:/home/coche/coche_ws/install/vesc_msgs/lib/python3.8/site-packages:/home/coche/coche_ws/install/ver_trayectoria/lib/python3.8/site-packages:/home/coche/coche_ws/install/joy_teleop/lib/python3.8/site-packages:/home/coche/coche_ws/install/stanley_avoidance/lib/python3.8/site-packages:/home/coche/coche_ws/install/pure_pursuit/lib/python3.8/site-packages:/home/coche/coche_ws/install/particle_filter/lib/python3.8/site-packages:/home/coche/coche_ws/install/mouse_teleop/lib/python3.8/site-packages:/home/coche/coche_ws/install/lqr/lib/python3.8/site-packages:/home/coche/coche_ws/install/key_teleop/lib/python3.8/site-packages:/home/coche/coche_ws/install/gap_follow/lib/python3.8/site-packages:/opt/ros/foxy/lib/python3.8/site-packages /usr/bin/python3 -W ignore:setup.py install is deprecated -W ignore:easy_install command is deprecated setup.py egg_info --egg-base ../../../../build/joy_teleop build --build-base /home/coche/coche_ws/build/joy_teleop/build install --record /home/coche/coche_ws/build/joy_teleop/install.log --install-scripts $base/lib/joy_teleop --single-version-externally-managed install_data
[9.571s] INFO:colcon.colcon_ros.task.ament_cmake.build:Building ROS package in '/home/coche/coche_ws/src/f1tenth_system/vesc/vesc' with build type 'ament_cmake'
[9.574s] INFO:colcon.colcon_cmake.task.cmake.build:Building CMake package in '/home/coche/coche_ws/src/f1tenth_system/vesc/vesc'
[9.578s] INFO:colcon.colcon_core.shell:Skip shell extension 'powershell' for command environment: Not usable outside of PowerShell
[9.579s] DEBUG:colcon.colcon_core.shell:Skip shell extension 'dsv' for command environment
[10.744s] INFO:colcon.colcon_core.task.python.build:Building Python package in '/home/coche/coche_ws/src/f1tenth_system/particle filter'
[10.747s] INFO:colcon.colcon_core.shell:Skip shell extension 'powershell' for command environment: Not usable outside of PowerShell
[10.747s] DEBUG:colcon.colcon_core.shell:Skip shell extension 'dsv' for command environment
[10.824s] DEBUG:colcon.colcon_core.event_handler.log_command:Invoking command in '/home/coche/coche_ws/build/vesc': CMAKE_PREFIX_PATH=/home/coche/coche_ws/install/vesc_driver:/home/coche/coche_ws/install/vesc_ackermann:/home/coche/coche_ws/install/vesc_msgs:/home/coche/coche_ws/install/waypoint_generator:/home/coche/coche_ws/install/wall_follow:/home/coche/coche_ws/install/vesc:/home/coche/coche_ws/install/teleop_tools:/home/coche/coche_ws/install/teleop_tools_msgs:/home/coche/coche_ws/install/pure_pursuit:/home/coche/coche_ws/install/lqr:/home/coche/coche_ws/install/gap_follow:/home/coche/coche_ws/install/bringup:/home/coche/coche_ws/install/ackermann_mux:/home/coche/coche_ws/install/f1tenth_stack:/home/coche/coche_ws/install/ver_trayectoria:/home/coche/coche_ws/install/joy_teleop:/home/coche/coche_ws/install/stanley_avoidance:/home/coche/coche_ws/install/particle_filter:/home/coche/coche_ws/install/mouse_teleop:/home/coche/coche_ws/install/key_teleop:/opt/ros/foxy PYTHONPATH=/home/coche/coche_ws/install/vesc_msgs/lib/python3.8/site-packages:/home/coche/coche_ws/install/wall_follow/lib/python3.8/site-packages:/home/coche/coche_ws/install/f1tenth_stack/lib/python3.8/site-packages:/home/coche/coche_ws/install/ver_trayectoria/lib/python3.8/site-packages:/home/coche/coche_ws/install/joy_teleop/lib/python3.8/site-packages:/home/coche/coche_ws/install/teleop_tools_msgs/lib/python3.8/site-packages:/home/coche/coche_ws/install/stanley_avoidance/lib/python3.8/site-packages:/home/coche/coche_ws/install/pure_pursuit/lib/python3.8/site-packages:/home/coche/coche_ws/install/particle_filter/lib/python3.8/site-packages:/home/coche/coche_ws/install/mouse_teleop/lib/python3.8/site-packages:/home/coche/coche_ws/install/lqr/lib/python3.8/site-packages:/home/coche/coche_ws/install/key_teleop/lib/python3.8/site-packages:/home/coche/coche_ws/install/gap_follow/lib/python3.8/site-packages:/opt/ros/foxy/lib/python3.8/site-packages /usr/bin/cmake --build /home/coche/coche_ws/build/vesc -- -j4 -l4
[10.967s] Level 1:colcon.colcon_core.environment:checking '/home/coche/coche_ws/install/joy_teleop' for CMake module files
[10.970s] Level 1:colcon.colcon_core.environment:checking '/home/coche/coche_ws/install/joy_teleop' for CMake config files
[10.973s] DEBUG:colcon.colcon_core.event_handler.log_command:Invoked command in '/home/coche/coche_ws/src/f1tenth_system/teleop_tools/joy_teleop' returned '0': CMAKE_PREFIX_PATH=/home/coche/coche_ws/install/teleop_tools_msgs:/home/coche/coche_ws/install/waypoint_generator:/home/coche/coche_ws/install/wall_follow:/home/coche/coche_ws/install/vesc:/home/coche/coche_ws/install/vesc_driver:/home/coche/coche_ws/install/vesc_ackermann:/home/coche/coche_ws/install/vesc_msgs:/home/coche/coche_ws/install/teleop_tools:/home/coche/coche_ws/install/pure_pursuit:/home/coche/coche_ws/install/lqr:/home/coche/coche_ws/install/gap_follow:/home/coche/coche_ws/install/bringup:/home/coche/coche_ws/install/ackermann_mux LD_LIBRARY_PATH=/home/coche/coche_ws/install/teleop_tools_msgs/lib:/home/coche/coche_ws/install/vesc_driver/lib:/home/coche/coche_ws/install/vesc_ackermann/lib:/home/coche/coche_ws/install/vesc_msgs/lib:/opt/ros/foxy/opt/yaml_cpp_vendor/lib:/opt/ros/foxy/opt/rviz_ogre_vendor/lib:/opt/ros/foxy/lib/aarch64-linux-gnu:/opt/ros/foxy/lib PYTHONPATH=/home/coche/coche_ws/build/joy_teleop/prefix_override:/usr/lib/python3/dist-packages/colcon_core/task/python/colcon_distutils_commands:/home/coche/coche_ws/install/joy_teleop/lib/python3.8/site-packages:/home/coche/coche_ws/install/teleop_tools_msgs/lib/python3.8/site-packages:/home/coche/coche_ws/install/wall_follow/lib/python3.8/site-packages:/home/coche/coche_ws/install/f1tenth_stack/lib/python3.8/site-packages:/home/coche/coche_ws/install/vesc_msgs/lib/python3.8/site-packages:/home/coche/coche_ws/install/ver_trayectoria/lib/python3.8/site-packages:/home/coche/coche_ws/install/joy_teleop/lib/python3.8/site-packages:/home/coche/coche_ws/install/stanley_avoidance/lib/python3.8/site-packages:/home/coche/coche_ws/install/pure_pursuit/lib/python3.8/site-packages:/home/coche/coche_ws/install/particle_filter/lib/python3.8/site-packages:/home/coche/coche_ws/install/mouse_teleop/lib/python3.8/site-packages:/home/coche/coche_ws/install/lqr/lib/python3.8/site-packages:/home/coche/coche_ws/install/key_teleop/lib/python3.8/site-packages:/home/coche/coche_ws/install/gap_follow/lib/python3.8/site-packages:/opt/ros/foxy/lib/python3.8/site-packages /usr/bin/python3 -W ignore:setup.py install is deprecated -W ignore:easy_install command is deprecated setup.py egg_info --egg-base ../../../../build/joy_teleop build --build-base /home/coche/coche_ws/build/joy_teleop/build install --record /home/coche/coche_ws/build/joy_teleop/install.log --install-scripts $base/lib/joy_teleop --single-version-externally-managed install_data
[10.978s] Level 1:colcon.colcon_core.environment:checking '/home/coche/coche_ws/install/joy_teleop/lib'
[10.979s] Level 1:colcon.colcon_core.environment:checking '/home/coche/coche_ws/install/joy_teleop/bin'
[10.979s] Level 1:colcon.colcon_core.environment:checking '/home/coche/coche_ws/install/joy_teleop/lib/pkgconfig/joy_teleop.pc'
[10.980s] Level 1:colcon.colcon_core.environment:checking '/home/coche/coche_ws/install/joy_teleop/lib/python3.8/site-packages'
[10.981s] Level 1:colcon.colcon_core.shell:create_environment_hook('joy_teleop', 'pythonpath')
[10.982s] INFO:colcon.colcon_core.shell:Creating environment hook '/home/coche/coche_ws/install/joy_teleop/share/joy_teleop/hook/pythonpath.ps1'
[10.985s] INFO:colcon.colcon_core.shell:Creating environment descriptor '/home/coche/coche_ws/install/joy_teleop/share/joy_teleop/hook/pythonpath.dsv'
[10.987s] INFO:colcon.colcon_core.shell:Creating environment hook '/home/coche/coche_ws/install/joy_teleop/share/joy_teleop/hook/pythonpath.sh'
[10.990s] Level 1:colcon.colcon_core.environment:checking '/home/coche/coche_ws/install/joy_teleop/bin'
[10.990s] Level 1:colcon.colcon_core.environment:create_environment_scripts_only(joy_teleop)
[10.992s] INFO:colcon.colcon_core.shell:Creating package script '/home/coche/coche_ws/install/joy_teleop/share/joy_teleop/package.ps1'
[10.994s] INFO:colcon.colcon_core.shell:Creating package descriptor '/home/coche/coche_ws/install/joy_teleop/share/joy_teleop/package.dsv'
[10.997s] INFO:colcon.colcon_core.shell:Creating package script '/home/coche/coche_ws/install/joy_teleop/share/joy_teleop/package.sh'
[10.999s] INFO:colcon.colcon_core.shell:Creating package script '/home/coche/coche_ws/install/joy_teleop/share/joy_teleop/package.bash'
[11.001s] INFO:colcon.colcon_core.shell:Creating package script '/home/coche/coche_ws/install/joy_teleop/share/joy_teleop/package.zsh'
[11.004s] Level 1:colcon.colcon_core.environment:create_file_with_runtime_dependencies(/home/coche/coche_ws/install/joy_teleop/share/colcon-core/packages/joy_teleop)
[11.009s] INFO:colcon.colcon_ros.task.ament_cmake.build:Building ROS package in '/home/coche/coche_ws/src/f1tenth_system/pure_pursuit' with build type 'ament_cmake'
[11.010s] INFO:colcon.colcon_cmake.task.cmake.build:Building CMake package in '/home/coche/coche_ws/src/f1tenth_system/pure_pursuit'
[11.011s] INFO:colcon.colcon_core.shell:Skip shell extension 'powershell' for command environment: Not usable outside of PowerShell
[11.012s] DEBUG:colcon.colcon_core.shell:Skip shell extension 'dsv' for command environment
[11.060s] DEBUG:colcon.colcon_core.event_handler.log_command:Invoked command in '/home/coche/coche_ws/build/vesc' returned '0': CMAKE_PREFIX_PATH=/home/coche/coche_ws/install/vesc_driver:/home/coche/coche_ws/install/vesc_ackermann:/home/coche/coche_ws/install/vesc_msgs:/home/coche/coche_ws/install/waypoint_generator:/home/coche/coche_ws/install/wall_follow:/home/coche/coche_ws/install/vesc:/home/coche/coche_ws/install/teleop_tools:/home/coche/coche_ws/install/teleop_tools_msgs:/home/coche/coche_ws/install/pure_pursuit:/home/coche/coche_ws/install/lqr:/home/coche/coche_ws/install/gap_follow:/home/coche/coche_ws/install/bringup:/home/coche/coche_ws/install/ackermann_mux:/home/coche/coche_ws/install/f1tenth_stack:/home/coche/coche_ws/install/ver_trayectoria:/home/coche/coche_ws/install/joy_teleop:/home/coche/coche_ws/install/stanley_avoidance:/home/coche/coche_ws/install/particle_filter:/home/coche/coche_ws/install/mouse_teleop:/home/coche/coche_ws/install/key_teleop:/opt/ros/foxy PYTHONPATH=/home/coche/coche_ws/install/vesc_msgs/lib/python3.8/site-packages:/home/coche/coche_ws/install/wall_follow/lib/python3.8/site-packages:/home/coche/coche_ws/install/f1tenth_stack/lib/python3.8/site-packages:/home/coche/coche_ws/install/ver_trayectoria/lib/python3.8/site-packages:/home/coche/coche_ws/install/joy_teleop/lib/python3.8/site-packages:/home/coche/coche_ws/install/teleop_tools_msgs/lib/python3.8/site-packages:/home/coche/coche_ws/install/stanley_avoidance/lib/python3.8/site-packages:/home/coche/coche_ws/install/pure_pursuit/lib/python3.8/site-packages:/home/coche/coche_ws/install/particle_filter/lib/python3.8/site-packages:/home/coche/coche_ws/install/mouse_teleop/lib/python3.8/site-packages:/home/coche/coche_ws/install/lqr/lib/python3.8/site-packages:/home/coche/coche_ws/install/key_teleop/lib/python3.8/site-packages:/home/coche/coche_ws/install/gap_follow/lib/python3.8/site-packages:/opt/ros/foxy/lib/python3.8/site-packages /usr/bin/cmake --build /home/coche/coche_ws/build/vesc -- -j4 -l4
[11.124s] DEBUG:colcon.colcon_core.event_handler.log_command:Invoking command in '/home/coche/coche_ws/build/pure_pursuit': CMAKE_PREFIX_PATH=${CMAKE_PREFIX_PATH}:/home/coche/coche_ws/install/f1tenth_stack:/home/coche/coche_ws/install/ver_trayectoria:/home/coche/coche_ws/install/joy_teleop:/home/coche/coche_ws/install/stanley_avoidance:/home/coche/coche_ws/install/particle_filter:/home/coche/coche_ws/install/mouse_teleop:/home/coche/coche_ws/install/key_teleop:/opt/ros/foxy /usr/bin/cmake --build /home/coche/coche_ws/build/pure_pursuit -- -j4 -l4
[11.237s] DEBUG:colcon.colcon_core.event_handler.log_command:Invoking command in '/home/coche/coche_ws/build/vesc': CMAKE_PREFIX_PATH=/home/coche/coche_ws/install/vesc_driver:/home/coche/coche_ws/install/vesc_ackermann:/home/coche/coche_ws/install/vesc_msgs:/home/coche/coche_ws/install/waypoint_generator:/home/coche/coche_ws/install/wall_follow:/home/coche/coche_ws/install/vesc:/home/coche/coche_ws/install/teleop_tools:/home/coche/coche_ws/install/teleop_tools_msgs:/home/coche/coche_ws/install/pure_pursuit:/home/coche/coche_ws/install/lqr:/home/coche/coche_ws/install/gap_follow:/home/coche/coche_ws/install/bringup:/home/coche/coche_ws/install/ackermann_mux:/home/coche/coche_ws/install/f1tenth_stack:/home/coche/coche_ws/install/ver_trayectoria:/home/coche/coche_ws/install/joy_teleop:/home/coche/coche_ws/install/stanley_avoidance:/home/coche/coche_ws/install/particle_filter:/home/coche/coche_ws/install/mouse_teleop:/home/coche/coche_ws/install/key_teleop:/opt/ros/foxy PYTHONPATH=/home/coche/coche_ws/install/vesc_msgs/lib/python3.8/site-packages:/home/coche/coche_ws/install/wall_follow/lib/python3.8/site-packages:/home/coche/coche_ws/install/f1tenth_stack/lib/python3.8/site-packages:/home/coche/coche_ws/install/ver_trayectoria/lib/python3.8/site-packages:/home/coche/coche_ws/install/joy_teleop/lib/python3.8/site-packages:/home/coche/coche_ws/install/teleop_tools_msgs/lib/python3.8/site-packages:/home/coche/coche_ws/install/stanley_avoidance/lib/python3.8/site-packages:/home/coche/coche_ws/install/pure_pursuit/lib/python3.8/site-packages:/home/coche/coche_ws/install/particle_filter/lib/python3.8/site-packages:/home/coche/coche_ws/install/mouse_teleop/lib/python3.8/site-packages:/home/coche/coche_ws/install/lqr/lib/python3.8/site-packages:/home/coche/coche_ws/install/key_teleop/lib/python3.8/site-packages:/home/coche/coche_ws/install/gap_follow/lib/python3.8/site-packages:/opt/ros/foxy/lib/python3.8/site-packages /usr/bin/cmake --install /home/coche/coche_ws/build/vesc
[11.300s] Level 1:colcon.colcon_core.environment:create_environment_scripts_only(vesc)
[11.303s] Level 1:colcon.colcon_core.environment:checking '/home/coche/coche_ws/install/vesc' for CMake module files
[11.306s] DEBUG:colcon.colcon_core.event_handler.log_command:Invoked command in '/home/coche/coche_ws/build/vesc' returned '0': CMAKE_PREFIX_PATH=/home/coche/coche_ws/install/vesc_driver:/home/coche/coche_ws/install/vesc_ackermann:/home/coche/coche_ws/install/vesc_msgs:/home/coche/coche_ws/install/waypoint_generator:/home/coche/coche_ws/install/wall_follow:/home/coche/coche_ws/install/vesc:/home/coche/coche_ws/install/teleop_tools:/home/coche/coche_ws/install/teleop_tools_msgs:/home/coche/coche_ws/install/pure_pursuit:/home/coche/coche_ws/install/lqr:/home/coche/coche_ws/install/gap_follow:/home/coche/coche_ws/install/bringup:/home/coche/coche_ws/install/ackermann_mux:/home/coche/coche_ws/install/f1tenth_stack:/home/coche/coche_ws/install/ver_trayectoria:/home/coche/coche_ws/install/joy_teleop:/home/coche/coche_ws/install/stanley_avoidance:/home/coche/coche_ws/install/particle_filter:/home/coche/coche_ws/install/mouse_teleop:/home/coche/coche_ws/install/key_teleop:/opt/ros/foxy PYTHONPATH=/home/coche/coche_ws/install/vesc_msgs/lib/python3.8/site-packages:/home/coche/coche_ws/install/wall_follow/lib/python3.8/site-packages:/home/coche/coche_ws/install/f1tenth_stack/lib/python3.8/site-packages:/home/coche/coche_ws/install/ver_trayectoria/lib/python3.8/site-packages:/home/coche/coche_ws/install/joy_teleop/lib/python3.8/site-packages:/home/coche/coche_ws/install/teleop_tools_msgs/lib/python3.8/site-packages:/home/coche/coche_ws/install/stanley_avoidance/lib/python3.8/site-packages:/home/coche/coche_ws/install/pure_pursuit/lib/python3.8/site-packages:/home/coche/coche_ws/install/particle_filter/lib/python3.8/site-packages:/home/coche/coche_ws/install/mouse_teleop/lib/python3.8/site-packages:/home/coche/coche_ws/install/lqr/lib/python3.8/site-packages:/home/coche/coche_ws/install/key_teleop/lib/python3.8/site-packages:/home/coche/coche_ws/install/gap_follow/lib/python3.8/site-packages:/opt/ros/foxy/lib/python3.8/site-packages /usr/bin/cmake --install /home/coche/coche_ws/build/vesc
[11.307s] Level 1:colcon.colcon_core.environment:checking '/home/coche/coche_ws/install/vesc' for CMake config files
[11.309s] Level 1:colcon.colcon_core.shell:create_environment_hook('vesc', 'cmake_prefix_path')
[11.311s] INFO:colcon.colcon_core.shell:Creating environment hook '/home/coche/coche_ws/install/vesc/share/vesc/hook/cmake_prefix_path.ps1'
[11.315s] INFO:colcon.colcon_core.shell:Creating environment descriptor '/home/coche/coche_ws/install/vesc/share/vesc/hook/cmake_prefix_path.dsv'
[11.317s] INFO:colcon.colcon_core.shell:Creating environment hook '/home/coche/coche_ws/install/vesc/share/vesc/hook/cmake_prefix_path.sh'
[11.321s] Level 1:colcon.colcon_core.environment:checking '/home/coche/coche_ws/install/vesc/bin'
[11.322s] Level 1:colcon.colcon_core.environment:checking '/home/coche/coche_ws/install/vesc/lib/pkgconfig/vesc.pc'
[11.323s] Level 1:colcon.colcon_core.environment:checking '/home/coche/coche_ws/install/vesc/lib/python3.8/site-packages'
[11.324s] Level 1:colcon.colcon_core.environment:checking '/home/coche/coche_ws/install/vesc/bin'
[11.325s] INFO:colcon.colcon_core.shell:Creating package script '/home/coche/coche_ws/install/vesc/share/vesc/package.ps1'
[11.328s] INFO:colcon.colcon_core.shell:Creating package descriptor '/home/coche/coche_ws/install/vesc/share/vesc/package.dsv'
[11.336s] INFO:colcon.colcon_core.shell:Creating package script '/home/coche/coche_ws/install/vesc/share/vesc/package.sh'
[11.339s] INFO:colcon.colcon_core.shell:Creating package script '/home/coche/coche_ws/install/vesc/share/vesc/package.bash'
[11.341s] INFO:colcon.colcon_core.shell:Creating package script '/home/coche/coche_ws/install/vesc/share/vesc/package.zsh'
[11.343s] Level 1:colcon.colcon_core.environment:create_file_with_runtime_dependencies(/home/coche/coche_ws/install/vesc/share/colcon-core/packages/vesc)
[11.402s] DEBUG:colcon.colcon_core.event_handler.log_command:Invoked command in '/home/coche/coche_ws/build/pure_pursuit' returned '0': CMAKE_PREFIX_PATH=${CMAKE_PREFIX_PATH}:/home/coche/coche_ws/install/f1tenth_stack:/home/coche/coche_ws/install/ver_trayectoria:/home/coche/coche_ws/install/joy_teleop:/home/coche/coche_ws/install/stanley_avoidance:/home/coche/coche_ws/install/particle_filter:/home/coche/coche_ws/install/mouse_teleop:/home/coche/coche_ws/install/key_teleop:/opt/ros/foxy /usr/bin/cmake --build /home/coche/coche_ws/build/pure_pursuit -- -j4 -l4
[11.422s] DEBUG:colcon.colcon_core.event_handler.log_command:Invoking command in '/home/coche/coche_ws/build/pure_pursuit': CMAKE_PREFIX_PATH=${CMAKE_PREFIX_PATH}:/home/coche/coche_ws/install/f1tenth_stack:/home/coche/coche_ws/install/ver_trayectoria:/home/coche/coche_ws/install/joy_teleop:/home/coche/coche_ws/install/stanley_avoidance:/home/coche/coche_ws/install/particle_filter:/home/coche/coche_ws/install/mouse_teleop:/home/coche/coche_ws/install/key_teleop:/opt/ros/foxy /usr/bin/cmake --install /home/coche/coche_ws/build/pure_pursuit
[11.518s] Level 1:colcon.colcon_core.environment:create_environment_scripts_only(vesc)
[11.521s] Level 1:colcon.colcon_core.environment:checking '/home/coche/coche_ws/install/vesc' for CMake module files
[11.524s] Level 1:colcon.colcon_core.environment:checking '/home/coche/coche_ws/install/vesc' for CMake config files
[11.525s] Level 1:colcon.colcon_core.shell:create_environment_hook('vesc', 'cmake_prefix_path')
[11.527s] INFO:colcon.colcon_core.shell:Creating environment hook '/home/coche/coche_ws/install/vesc/share/vesc/hook/cmake_prefix_path.ps1'
[11.530s] INFO:colcon.colcon_core.shell:Creating environment descriptor '/home/coche/coche_ws/install/vesc/share/vesc/hook/cmake_prefix_path.dsv'
[11.534s] INFO:colcon.colcon_core.shell:Creating environment hook '/home/coche/coche_ws/install/vesc/share/vesc/hook/cmake_prefix_path.sh'
[11.537s] Level 1:colcon.colcon_core.environment:checking '/home/coche/coche_ws/install/vesc/bin'
[11.538s] Level 1:colcon.colcon_core.environment:checking '/home/coche/coche_ws/install/vesc/lib/pkgconfig/vesc.pc'
[11.539s] Level 1:colcon.colcon_core.environment:checking '/home/coche/coche_ws/install/vesc/lib/python3.8/site-packages'
[11.540s] Level 1:colcon.colcon_core.environment:checking '/home/coche/coche_ws/install/vesc/bin'
[11.541s] INFO:colcon.colcon_core.shell:Creating package script '/home/coche/coche_ws/install/vesc/share/vesc/package.ps1'
[11.544s] INFO:colcon.colcon_core.shell:Creating package descriptor '/home/coche/coche_ws/install/vesc/share/vesc/package.dsv'
[11.546s] INFO:colcon.colcon_core.shell:Creating package script '/home/coche/coche_ws/install/vesc/share/vesc/package.sh'
[11.549s] INFO:colcon.colcon_core.shell:Creating package script '/home/coche/coche_ws/install/vesc/share/vesc/package.bash'
[11.551s] INFO:colcon.colcon_core.shell:Creating package script '/home/coche/coche_ws/install/vesc/share/vesc/package.zsh'
[11.553s] Level 1:colcon.colcon_core.environment:create_file_with_runtime_dependencies(/home/coche/coche_ws/install/vesc/share/colcon-core/packages/vesc)
[11.557s] INFO:colcon.colcon_ros.task.ament_python.build:Building ROS package in '/home/coche/coche_ws/src/f1tenth_system/stanley_avoidance' with build type 'ament_python'
[11.558s] Level 1:colcon.colcon_core.shell:create_environment_hook('stanley_avoidance', 'ament_prefix_path')
[11.559s] INFO:colcon.colcon_core.shell:Creating environment hook '/home/coche/coche_ws/install/stanley_avoidance/share/stanley_avoidance/hook/ament_prefix_path.ps1'
[11.563s] INFO:colcon.colcon_core.shell:Creating environment descriptor '/home/coche/coche_ws/install/stanley_avoidance/share/stanley_avoidance/hook/ament_prefix_path.dsv'
[11.566s] INFO:colcon.colcon_core.shell:Creating environment hook '/home/coche/coche_ws/install/stanley_avoidance/share/stanley_avoidance/hook/ament_prefix_path.sh'
[11.569s] INFO:colcon.colcon_core.shell:Skip shell extension 'powershell' for command environment: Not usable outside of PowerShell
[11.569s] DEBUG:colcon.colcon_core.shell:Skip shell extension 'dsv' for command environment
[12.641s] INFO:colcon.colcon_core.task.python.build:Building Python package in '/home/coche/coche_ws/src/f1tenth_system/stanley_avoidance'
[12.644s] INFO:colcon.colcon_core.shell:Skip shell extension 'powershell' for command environment: Not usable outside of PowerShell
[12.645s] DEBUG:colcon.colcon_core.shell:Skip shell extension 'dsv' for command environment
[12.686s] Level 1:colcon.colcon_core.environment:create_environment_scripts_only(pure_pursuit)
[12.690s] Level 1:colcon.colcon_core.environment:checking '/home/coche/coche_ws/install/pure_pursuit' for CMake module files
[12.692s] DEBUG:colcon.colcon_core.event_handler.log_command:Invoked command in '/home/coche/coche_ws/build/pure_pursuit' returned '0': CMAKE_PREFIX_PATH=${CMAKE_PREFIX_PATH}:/home/coche/coche_ws/install/f1tenth_stack:/home/coche/coche_ws/install/ver_trayectoria:/home/coche/coche_ws/install/joy_teleop:/home/coche/coche_ws/install/stanley_avoidance:/home/coche/coche_ws/install/particle_filter:/home/coche/coche_ws/install/mouse_teleop:/home/coche/coche_ws/install/key_teleop:/opt/ros/foxy /usr/bin/cmake --install /home/coche/coche_ws/build/pure_pursuit
[12.695s] Level 1:colcon.colcon_core.environment:checking '/home/coche/coche_ws/install/pure_pursuit' for CMake config files
[12.697s] Level 1:colcon.colcon_core.shell:create_environment_hook('pure_pursuit', 'cmake_prefix_path')
[12.698s] INFO:colcon.colcon_core.shell:Creating environment hook '/home/coche/coche_ws/install/pure_pursuit/share/pure_pursuit/hook/cmake_prefix_path.ps1'
[12.701s] INFO:colcon.colcon_core.shell:Creating environment descriptor '/home/coche/coche_ws/install/pure_pursuit/share/pure_pursuit/hook/cmake_prefix_path.dsv'
[12.703s] INFO:colcon.colcon_core.shell:Creating environment hook '/home/coche/coche_ws/install/pure_pursuit/share/pure_pursuit/hook/cmake_prefix_path.sh'
[12.706s] Level 1:colcon.colcon_core.environment:checking '/home/coche/coche_ws/install/pure_pursuit/lib'
[12.706s] Level 1:colcon.colcon_core.environment:checking '/home/coche/coche_ws/install/pure_pursuit/bin'
[12.706s] Level 1:colcon.colcon_core.environment:checking '/home/coche/coche_ws/install/pure_pursuit/lib/pkgconfig/pure_pursuit.pc'
[12.708s] Level 1:colcon.colcon_core.environment:checking '/home/coche/coche_ws/install/pure_pursuit/lib/python3.8/site-packages'
[12.708s] Level 1:colcon.colcon_core.shell:create_environment_hook('pure_pursuit', 'pythonpath')
[12.709s] INFO:colcon.colcon_core.shell:Creating environment hook '/home/coche/coche_ws/install/pure_pursuit/share/pure_pursuit/hook/pythonpath.ps1'
[12.710s] INFO:colcon.colcon_core.shell:Creating environment descriptor '/home/coche/coche_ws/install/pure_pursuit/share/pure_pursuit/hook/pythonpath.dsv'
[12.712s] INFO:colcon.colcon_core.shell:Creating environment hook '/home/coche/coche_ws/install/pure_pursuit/share/pure_pursuit/hook/pythonpath.sh'
[12.714s] Level 1:colcon.colcon_core.environment:checking '/home/coche/coche_ws/install/pure_pursuit/bin'
[12.715s] INFO:colcon.colcon_core.shell:Creating package script '/home/coche/coche_ws/install/pure_pursuit/share/pure_pursuit/package.ps1'
[12.717s] INFO:colcon.colcon_core.shell:Creating package descriptor '/home/coche/coche_ws/install/pure_pursuit/share/pure_pursuit/package.dsv'
[12.719s] INFO:colcon.colcon_core.shell:Creating package script '/home/coche/coche_ws/install/pure_pursuit/share/pure_pursuit/package.sh'
[12.721s] INFO:colcon.colcon_core.shell:Creating package script '/home/coche/coche_ws/install/pure_pursuit/share/pure_pursuit/package.bash'
[12.722s] INFO:colcon.colcon_core.shell:Creating package script '/home/coche/coche_ws/install/pure_pursuit/share/pure_pursuit/package.zsh'
[12.724s] Level 1:colcon.colcon_core.environment:create_file_with_runtime_dependencies(/home/coche/coche_ws/install/pure_pursuit/share/colcon-core/packages/pure_pursuit)
[12.727s] Level 1:colcon.colcon_core.environment:create_environment_scripts_only(pure_pursuit)
[12.728s] Level 1:colcon.colcon_core.environment:checking '/home/coche/coche_ws/install/pure_pursuit' for CMake module files
[12.730s] Level 1:colcon.colcon_core.environment:checking '/home/coche/coche_ws/install/pure_pursuit' for CMake config files
[12.731s] Level 1:colcon.colcon_core.shell:create_environment_hook('pure_pursuit', 'cmake_prefix_path')
[12.732s] INFO:colcon.colcon_core.shell:Creating environment hook '/home/coche/coche_ws/install/pure_pursuit/share/pure_pursuit/hook/cmake_prefix_path.ps1'
[12.734s] INFO:colcon.colcon_core.shell:Creating environment descriptor '/home/coche/coche_ws/install/pure_pursuit/share/pure_pursuit/hook/cmake_prefix_path.dsv'
[12.736s] INFO:colcon.colcon_core.shell:Creating environment hook '/home/coche/coche_ws/install/pure_pursuit/share/pure_pursuit/hook/cmake_prefix_path.sh'
[12.738s] Level 1:colcon.colcon_core.environment:checking '/home/coche/coche_ws/install/pure_pursuit/lib'
[12.738s] Level 1:colcon.colcon_core.environment:checking '/home/coche/coche_ws/install/pure_pursuit/bin'
[12.739s] Level 1:colcon.colcon_core.environment:checking '/home/coche/coche_ws/install/pure_pursuit/lib/pkgconfig/pure_pursuit.pc'
[12.739s] Level 1:colcon.colcon_core.environment:checking '/home/coche/coche_ws/install/pure_pursuit/lib/python3.8/site-packages'
[12.740s] Level 1:colcon.colcon_core.shell:create_environment_hook('pure_pursuit', 'pythonpath')
[12.740s] INFO:colcon.colcon_core.shell:Creating environment hook '/home/coche/coche_ws/install/pure_pursuit/share/pure_pursuit/hook/pythonpath.ps1'
[12.742s] INFO:colcon.colcon_core.shell:Creating environment descriptor '/home/coche/coche_ws/install/pure_pursuit/share/pure_pursuit/hook/pythonpath.dsv'
[12.743s] INFO:colcon.colcon_core.shell:Creating environment hook '/home/coche/coche_ws/install/pure_pursuit/share/pure_pursuit/hook/pythonpath.sh'
[12.745s] Level 1:colcon.colcon_core.environment:checking '/home/coche/coche_ws/install/pure_pursuit/bin'
[12.747s] INFO:colcon.colcon_core.shell:Creating package script '/home/coche/coche_ws/install/pure_pursuit/share/pure_pursuit/package.ps1'
[12.749s] INFO:colcon.colcon_core.shell:Creating package descriptor '/home/coche/coche_ws/install/pure_pursuit/share/pure_pursuit/package.dsv'
[12.751s] INFO:colcon.colcon_core.shell:Creating package script '/home/coche/coche_ws/install/pure_pursuit/share/pure_pursuit/package.sh'
[12.753s] INFO:colcon.colcon_core.shell:Creating package script '/home/coche/coche_ws/install/pure_pursuit/share/pure_pursuit/package.bash'
[12.755s] INFO:colcon.colcon_core.shell:Creating package script '/home/coche/coche_ws/install/pure_pursuit/share/pure_pursuit/package.zsh'
[12.757s] Level 1:colcon.colcon_core.environment:create_file_with_runtime_dependencies(/home/coche/coche_ws/install/pure_pursuit/share/colcon-core/packages/pure_pursuit)
[12.779s] DEBUG:colcon.colcon_core.event_handler.log_command:Invoking command in '/home/coche/coche_ws/src/f1tenth_system/teleop_tools/mouse_teleop': PYTHONPATH=/home/coche/coche_ws/build/mouse_teleop/prefix_override:/usr/lib/python3/dist-packages/colcon_core/task/python/colcon_distutils_commands:/home/coche/coche_ws/install/mouse_teleop/lib/python3.8/site-packages:${PYTHONPATH} /usr/bin/python3 -W ignore:setup.py install is deprecated -W ignore:easy_install command is deprecated setup.py egg_info --egg-base ../../../../build/mouse_teleop build --build-base /home/coche/coche_ws/build/mouse_teleop/build install --record /home/coche/coche_ws/build/mouse_teleop/install.log --install-scripts $base/lib/mouse_teleop --single-version-externally-managed install_data
[12.783s] INFO:colcon.colcon_ros.task.ament_python.build:Building ROS package in '/home/coche/coche_ws/src/f1tenth_system/ver_trayectoria' with build type 'ament_python'
[12.785s] Level 1:colcon.colcon_core.shell:create_environment_hook('ver_trayectoria', 'ament_prefix_path')
[12.788s] INFO:colcon.colcon_core.shell:Creating environment hook '/home/coche/coche_ws/install/ver_trayectoria/share/ver_trayectoria/hook/ament_prefix_path.ps1'
[12.793s] INFO:colcon.colcon_core.shell:Creating environment descriptor '/home/coche/coche_ws/install/ver_trayectoria/share/ver_trayectoria/hook/ament_prefix_path.dsv'
[12.797s] INFO:colcon.colcon_core.shell:Creating environment hook '/home/coche/coche_ws/install/ver_trayectoria/share/ver_trayectoria/hook/ament_prefix_path.sh'
[12.800s] INFO:colcon.colcon_core.shell:Skip shell extension 'powershell' for command environment: Not usable outside of PowerShell
[12.801s] DEBUG:colcon.colcon_core.shell:Skip shell extension 'dsv' for command environment
[12.865s] DEBUG:colcon.colcon_core.event_handler.log_command:Invoking command in '/home/coche/coche_ws/src/f1tenth_system/particle filter': PYTHONPATH=/home/coche/coche_ws/build/particle_filter/prefix_override:/usr/lib/python3/dist-packages/colcon_core/task/python/colcon_distutils_commands:/home/coche/coche_ws/install/particle_filter/lib/python3.8/site-packages:${PYTHONPATH} /usr/bin/python3 -W ignore:setup.py install is deprecated -W ignore:easy_install command is deprecated setup.py egg_info --egg-base ../../../build/particle_filter build --build-base /home/coche/coche_ws/build/particle_filter/build install --record /home/coche/coche_ws/build/particle_filter/install.log --install-scripts $base/lib/particle_filter --single-version-externally-managed install_data
[14.087s] INFO:colcon.colcon_core.task.python.build:Building Python package in '/home/coche/coche_ws/src/f1tenth_system/ver_trayectoria'
[14.091s] INFO:colcon.colcon_core.shell:Skip shell extension 'powershell' for command environment: Not usable outside of PowerShell
[14.091s] DEBUG:colcon.colcon_core.shell:Skip shell extension 'dsv' for command environment
[14.233s] Level 1:colcon.colcon_core.environment:checking '/home/coche/coche_ws/install/mouse_teleop' for CMake module files
[14.238s] DEBUG:colcon.colcon_core.event_handler.log_command:Invoked command in '/home/coche/coche_ws/src/f1tenth_system/teleop_tools/mouse_teleop' returned '0': PYTHONPATH=/home/coche/coche_ws/build/mouse_teleop/prefix_override:/usr/lib/python3/dist-packages/colcon_core/task/python/colcon_distutils_commands:/home/coche/coche_ws/install/mouse_teleop/lib/python3.8/site-packages:${PYTHONPATH} /usr/bin/python3 -W ignore:setup.py install is deprecated -W ignore:easy_install command is deprecated setup.py egg_info --egg-base ../../../../build/mouse_teleop build --build-base /home/coche/coche_ws/build/mouse_teleop/build install --record /home/coche/coche_ws/build/mouse_teleop/install.log --install-scripts $base/lib/mouse_teleop --single-version-externally-managed install_data
[14.240s] Level 1:colcon.colcon_core.environment:checking '/home/coche/coche_ws/install/mouse_teleop' for CMake config files
[14.245s] Level 1:colcon.colcon_core.environment:checking '/home/coche/coche_ws/install/mouse_teleop/lib'
[14.245s] Level 1:colcon.colcon_core.environment:checking '/home/coche/coche_ws/install/mouse_teleop/bin'
[14.246s] Level 1:colcon.colcon_core.environment:checking '/home/coche/coche_ws/install/mouse_teleop/lib/pkgconfig/mouse_teleop.pc'
[14.247s] Level 1:colcon.colcon_core.environment:checking '/home/coche/coche_ws/install/mouse_teleop/lib/python3.8/site-packages'
[14.247s] Level 1:colcon.colcon_core.shell:create_environment_hook('mouse_teleop', 'pythonpath')
[14.249s] INFO:colcon.colcon_core.shell:Creating environment hook '/home/coche/coche_ws/install/mouse_teleop/share/mouse_teleop/hook/pythonpath.ps1'
[14.252s] INFO:colcon.colcon_core.shell:Creating environment descriptor '/home/coche/coche_ws/install/mouse_teleop/share/mouse_teleop/hook/pythonpath.dsv'
[14.254s] INFO:colcon.colcon_core.shell:Creating environment hook '/home/coche/coche_ws/install/mouse_teleop/share/mouse_teleop/hook/pythonpath.sh'
[14.257s] Level 1:colcon.colcon_core.environment:checking '/home/coche/coche_ws/install/mouse_teleop/bin'
[14.257s] Level 1:colcon.colcon_core.environment:create_environment_scripts_only(mouse_teleop)
[14.259s] INFO:colcon.colcon_core.shell:Creating package script '/home/coche/coche_ws/install/mouse_teleop/share/mouse_teleop/package.ps1'
[14.262s] INFO:colcon.colcon_core.shell:Creating package descriptor '/home/coche/coche_ws/install/mouse_teleop/share/mouse_teleop/package.dsv'
[14.265s] INFO:colcon.colcon_core.shell:Creating package script '/home/coche/coche_ws/install/mouse_teleop/share/mouse_teleop/package.sh'
[14.268s] INFO:colcon.colcon_core.shell:Creating package script '/home/coche/coche_ws/install/mouse_teleop/share/mouse_teleop/package.bash'
[14.270s] INFO:colcon.colcon_core.shell:Creating package script '/home/coche/coche_ws/install/mouse_teleop/share/mouse_teleop/package.zsh'
[14.272s] Level 1:colcon.colcon_core.environment:create_file_with_runtime_dependencies(/home/coche/coche_ws/install/mouse_teleop/share/colcon-core/packages/mouse_teleop)
[14.275s] INFO:colcon.colcon_ros.task.ament_cmake.build:Building ROS package in '/home/coche/coche_ws/src/f1tenth_system/wall_follow' with build type 'ament_cmake'
[14.276s] INFO:colcon.colcon_cmake.task.cmake.build:Building CMake package in '/home/coche/coche_ws/src/f1tenth_system/wall_follow'
[14.277s] INFO:colcon.colcon_core.shell:Skip shell extension 'powershell' for command environment: Not usable outside of PowerShell
[14.277s] DEBUG:colcon.colcon_core.shell:Skip shell extension 'dsv' for command environment
[14.384s] DEBUG:colcon.colcon_core.event_handler.log_command:Invoking command in '/home/coche/coche_ws/build/wall_follow': CMAKE_PREFIX_PATH=${CMAKE_PREFIX_PATH}:/home/coche/coche_ws/install/f1tenth_stack:/home/coche/coche_ws/install/ver_trayectoria:/home/coche/coche_ws/install/joy_teleop:/home/coche/coche_ws/install/stanley_avoidance:/home/coche/coche_ws/install/particle_filter:/home/coche/coche_ws/install/mouse_teleop:/home/coche/coche_ws/install/key_teleop:/opt/ros/foxy /usr/bin/cmake --build /home/coche/coche_ws/build/wall_follow -- -j4 -l4
[14.415s] Level 1:colcon.colcon_core.environment:checking '/home/coche/coche_ws/install/particle_filter' for CMake module files
[14.419s] DEBUG:colcon.colcon_core.event_handler.log_command:Invoked command in '/home/coche/coche_ws/src/f1tenth_system/particle filter' returned '0': PYTHONPATH=/home/coche/coche_ws/build/particle_filter/prefix_override:/usr/lib/python3/dist-packages/colcon_core/task/python/colcon_distutils_commands:/home/coche/coche_ws/install/particle_filter/lib/python3.8/site-packages:${PYTHONPATH} /usr/bin/python3 -W ignore:setup.py install is deprecated -W ignore:easy_install command is deprecated setup.py egg_info --egg-base ../../../build/particle_filter build --build-base /home/coche/coche_ws/build/particle_filter/build install --record /home/coche/coche_ws/build/particle_filter/install.log --install-scripts $base/lib/particle_filter --single-version-externally-managed install_data
[14.425s] Level 1:colcon.colcon_core.environment:checking '/home/coche/coche_ws/install/particle_filter' for CMake config files
[14.429s] Level 1:colcon.colcon_core.environment:checking '/home/coche/coche_ws/install/particle_filter/lib'
[14.429s] Level 1:colcon.colcon_core.environment:checking '/home/coche/coche_ws/install/particle_filter/bin'
[14.430s] Level 1:colcon.colcon_core.environment:checking '/home/coche/coche_ws/install/particle_filter/lib/pkgconfig/particle_filter.pc'
[14.431s] Level 1:colcon.colcon_core.environment:checking '/home/coche/coche_ws/install/particle_filter/lib/python3.8/site-packages'
[14.432s] Level 1:colcon.colcon_core.shell:create_environment_hook('particle_filter', 'pythonpath')
[14.434s] INFO:colcon.colcon_core.shell:Creating environment hook '/home/coche/coche_ws/install/particle_filter/share/particle_filter/hook/pythonpath.ps1'
[14.437s] INFO:colcon.colcon_core.shell:Creating environment descriptor '/home/coche/coche_ws/install/particle_filter/share/particle_filter/hook/pythonpath.dsv'
[14.439s] INFO:colcon.colcon_core.shell:Creating environment hook '/home/coche/coche_ws/install/particle_filter/share/particle_filter/hook/pythonpath.sh'
[14.442s] Level 1:colcon.colcon_core.environment:checking '/home/coche/coche_ws/install/particle_filter/bin'
[14.442s] Level 1:colcon.colcon_core.environment:create_environment_scripts_only(particle_filter)
[14.444s] INFO:colcon.colcon_core.shell:Creating package script '/home/coche/coche_ws/install/particle_filter/share/particle_filter/package.ps1'
[14.447s] INFO:colcon.colcon_core.shell:Creating package descriptor '/home/coche/coche_ws/install/particle_filter/share/particle_filter/package.dsv'
[14.451s] INFO:colcon.colcon_core.shell:Creating package script '/home/coche/coche_ws/install/particle_filter/share/particle_filter/package.sh'
[14.454s] INFO:colcon.colcon_core.shell:Creating package script '/home/coche/coche_ws/install/particle_filter/share/particle_filter/package.bash'
[14.458s] INFO:colcon.colcon_core.shell:Creating package script '/home/coche/coche_ws/install/particle_filter/share/particle_filter/package.zsh'
[14.460s] Level 1:colcon.colcon_core.environment:create_file_with_runtime_dependencies(/home/coche/coche_ws/install/particle_filter/share/colcon-core/packages/particle_filter)
[14.465s] INFO:colcon.colcon_ros.task.ament_cmake.build:Building ROS package in '/home/coche/coche_ws/src/f1tenth_system/waypoint_generator' with build type 'ament_cmake'
[14.467s] INFO:colcon.colcon_cmake.task.cmake.build:Building CMake package in '/home/coche/coche_ws/src/f1tenth_system/waypoint_generator'
[14.468s] INFO:colcon.colcon_core.shell:Skip shell extension 'powershell' for command environment: Not usable outside of PowerShell
[14.468s] DEBUG:colcon.colcon_core.shell:Skip shell extension 'dsv' for command environment
[14.550s] DEBUG:colcon.colcon_core.event_handler.log_command:Invoking command in '/home/coche/coche_ws/build/waypoint_generator': CMAKE_PREFIX_PATH=${CMAKE_PREFIX_PATH}:/home/coche/coche_ws/install/f1tenth_stack:/home/coche/coche_ws/install/ver_trayectoria:/home/coche/coche_ws/install/joy_teleop:/home/coche/coche_ws/install/stanley_avoidance:/home/coche/coche_ws/install/particle_filter:/home/coche/coche_ws/install/mouse_teleop:/home/coche/coche_ws/install/key_teleop:/opt/ros/foxy /usr/bin/cmake --build /home/coche/coche_ws/build/waypoint_generator -- -j4 -l4
[14.631s] DEBUG:colcon.colcon_core.event_handler.log_command:Invoked command in '/home/coche/coche_ws/build/wall_follow' returned '0': CMAKE_PREFIX_PATH=${CMAKE_PREFIX_PATH}:/home/coche/coche_ws/install/f1tenth_stack:/home/coche/coche_ws/install/ver_trayectoria:/home/coche/coche_ws/install/joy_teleop:/home/coche/coche_ws/install/stanley_avoidance:/home/coche/coche_ws/install/particle_filter:/home/coche/coche_ws/install/mouse_teleop:/home/coche/coche_ws/install/key_teleop:/opt/ros/foxy /usr/bin/cmake --build /home/coche/coche_ws/build/wall_follow -- -j4 -l4
[14.651s] DEBUG:colcon.colcon_core.event_handler.log_command:Invoking command in '/home/coche/coche_ws/build/wall_follow': CMAKE_PREFIX_PATH=${CMAKE_PREFIX_PATH}:/home/coche/coche_ws/install/f1tenth_stack:/home/coche/coche_ws/install/ver_trayectoria:/home/coche/coche_ws/install/joy_teleop:/home/coche/coche_ws/install/stanley_avoidance:/home/coche/coche_ws/install/particle_filter:/home/coche/coche_ws/install/mouse_teleop:/home/coche/coche_ws/install/key_teleop:/opt/ros/foxy /usr/bin/cmake --install /home/coche/coche_ws/build/wall_follow
[14.914s] Level 1:colcon.colcon_core.environment:create_environment_scripts_only(wall_follow)
[14.919s] Level 1:colcon.colcon_core.environment:checking '/home/coche/coche_ws/install/wall_follow' for CMake module files
[14.921s] DEBUG:colcon.colcon_core.event_handler.log_command:Invoked command in '/home/coche/coche_ws/build/wall_follow' returned '0': CMAKE_PREFIX_PATH=${CMAKE_PREFIX_PATH}:/home/coche/coche_ws/install/f1tenth_stack:/home/coche/coche_ws/install/ver_trayectoria:/home/coche/coche_ws/install/joy_teleop:/home/coche/coche_ws/install/stanley_avoidance:/home/coche/coche_ws/install/particle_filter:/home/coche/coche_ws/install/mouse_teleop:/home/coche/coche_ws/install/key_teleop:/opt/ros/foxy /usr/bin/cmake --install /home/coche/coche_ws/build/wall_follow
[14.924s] Level 1:colcon.colcon_core.environment:checking '/home/coche/coche_ws/install/wall_follow' for CMake config files
[14.926s] Level 1:colcon.colcon_core.shell:create_environment_hook('wall_follow', 'cmake_prefix_path')
[14.928s] INFO:colcon.colcon_core.shell:Creating environment hook '/home/coche/coche_ws/install/wall_follow/share/wall_follow/hook/cmake_prefix_path.ps1'
[14.932s] INFO:colcon.colcon_core.shell:Creating environment descriptor '/home/coche/coche_ws/install/wall_follow/share/wall_follow/hook/cmake_prefix_path.dsv'
[14.935s] INFO:colcon.colcon_core.shell:Creating environment hook '/home/coche/coche_ws/install/wall_follow/share/wall_follow/hook/cmake_prefix_path.sh'
[14.942s] Level 1:colcon.colcon_core.environment:checking '/home/coche/coche_ws/install/wall_follow/lib'
[14.943s] Level 1:colcon.colcon_core.environment:checking '/home/coche/coche_ws/install/wall_follow/bin'
[14.943s] Level 1:colcon.colcon_core.environment:checking '/home/coche/coche_ws/install/wall_follow/lib/pkgconfig/wall_follow.pc'
[14.945s] Level 1:colcon.colcon_core.environment:checking '/home/coche/coche_ws/install/wall_follow/lib/python3.8/site-packages'
[14.945s] Level 1:colcon.colcon_core.shell:create_environment_hook('wall_follow', 'pythonpath')
[14.946s] INFO:colcon.colcon_core.shell:Creating environment hook '/home/coche/coche_ws/install/wall_follow/share/wall_follow/hook/pythonpath.ps1'
[14.948s] INFO:colcon.colcon_core.shell:Creating environment descriptor '/home/coche/coche_ws/install/wall_follow/share/wall_follow/hook/pythonpath.dsv'
[14.950s] INFO:colcon.colcon_core.shell:Creating environment hook '/home/coche/coche_ws/install/wall_follow/share/wall_follow/hook/pythonpath.sh'
[14.952s] Level 1:colcon.colcon_core.environment:checking '/home/coche/coche_ws/install/wall_follow/bin'
[14.958s] INFO:colcon.colcon_core.shell:Creating package script '/home/coche/coche_ws/install/wall_follow/share/wall_follow/package.ps1'
[14.961s] INFO:colcon.colcon_core.shell:Creating package descriptor '/home/coche/coche_ws/install/wall_follow/share/wall_follow/package.dsv'
[14.965s] INFO:colcon.colcon_core.shell:Creating package script '/home/coche/coche_ws/install/wall_follow/share/wall_follow/package.sh'
[14.968s] INFO:colcon.colcon_core.shell:Creating package script '/home/coche/coche_ws/install/wall_follow/share/wall_follow/package.bash'
[14.970s] INFO:colcon.colcon_core.shell:Creating package script '/home/coche/coche_ws/install/wall_follow/share/wall_follow/package.zsh'
[14.972s] Level 1:colcon.colcon_core.environment:create_file_with_runtime_dependencies(/home/coche/coche_ws/install/wall_follow/share/colcon-core/packages/wall_follow)
[14.976s] Level 1:colcon.colcon_core.environment:create_environment_scripts_only(wall_follow)
[14.977s] Level 1:colcon.colcon_core.environment:checking '/home/coche/coche_ws/install/wall_follow' for CMake module files
[14.979s] Level 1:colcon.colcon_core.environment:checking '/home/coche/coche_ws/install/wall_follow' for CMake config files
[14.981s] Level 1:colcon.colcon_core.shell:create_environment_hook('wall_follow', 'cmake_prefix_path')
[14.982s] INFO:colcon.colcon_core.shell:Creating environment hook '/home/coche/coche_ws/install/wall_follow/share/wall_follow/hook/cmake_prefix_path.ps1'
[14.985s] INFO:colcon.colcon_core.shell:Creating environment descriptor '/home/coche/coche_ws/install/wall_follow/share/wall_follow/hook/cmake_prefix_path.dsv'
[14.988s] INFO:colcon.colcon_core.shell:Creating environment hook '/home/coche/coche_ws/install/wall_follow/share/wall_follow/hook/cmake_prefix_path.sh'
[14.991s] Level 1:colcon.colcon_core.environment:checking '/home/coche/coche_ws/install/wall_follow/lib'
[14.991s] Level 1:colcon.colcon_core.environment:checking '/home/coche/coche_ws/install/wall_follow/bin'
[14.991s] Level 1:colcon.colcon_core.environment:checking '/home/coche/coche_ws/install/wall_follow/lib/pkgconfig/wall_follow.pc'
[14.992s] Level 1:colcon.colcon_core.environment:checking '/home/coche/coche_ws/install/wall_follow/lib/python3.8/site-packages'
[14.992s] Level 1:colcon.colcon_core.shell:create_environment_hook('wall_follow', 'pythonpath')
[14.993s] INFO:colcon.colcon_core.shell:Creating environment hook '/home/coche/coche_ws/install/wall_follow/share/wall_follow/hook/pythonpath.ps1'
[14.995s] INFO:colcon.colcon_core.shell:Creating environment descriptor '/home/coche/coche_ws/install/wall_follow/share/wall_follow/hook/pythonpath.dsv'
[14.997s] INFO:colcon.colcon_core.shell:Creating environment hook '/home/coche/coche_ws/install/wall_follow/share/wall_follow/hook/pythonpath.sh'
[15.001s] Level 1:colcon.colcon_core.environment:checking '/home/coche/coche_ws/install/wall_follow/bin'
[15.002s] INFO:colcon.colcon_core.shell:Creating package script '/home/coche/coche_ws/install/wall_follow/share/wall_follow/package.ps1'
[15.005s] INFO:colcon.colcon_core.shell:Creating package descriptor '/home/coche/coche_ws/install/wall_follow/share/wall_follow/package.dsv'
[15.008s] INFO:colcon.colcon_core.shell:Creating package script '/home/coche/coche_ws/install/wall_follow/share/wall_follow/package.sh'
[15.010s] INFO:colcon.colcon_core.shell:Creating package script '/home/coche/coche_ws/install/wall_follow/share/wall_follow/package.bash'
[15.012s] INFO:colcon.colcon_core.shell:Creating package script '/home/coche/coche_ws/install/wall_follow/share/wall_follow/package.zsh'
[15.013s] Level 1:colcon.colcon_core.environment:create_file_with_runtime_dependencies(/home/coche/coche_ws/install/wall_follow/share/colcon-core/packages/wall_follow)
[15.018s] INFO:colcon.colcon_ros.task.ament_cmake.build:Building ROS package in '/home/coche/coche_ws/src/f1tenth_system/teleop_tools/teleop_tools' with build type 'ament_cmake'
[15.019s] INFO:colcon.colcon_cmake.task.cmake.build:Building CMake package in '/home/coche/coche_ws/src/f1tenth_system/teleop_tools/teleop_tools'
[15.020s] INFO:colcon.colcon_core.shell:Skip shell extension 'powershell' for command environment: Not usable outside of PowerShell
[15.020s] DEBUG:colcon.colcon_core.shell:Skip shell extension 'dsv' for command environment
[15.072s] DEBUG:colcon.colcon_core.event_handler.log_command:Invoked command in '/home/coche/coche_ws/build/waypoint_generator' returned '0': CMAKE_PREFIX_PATH=${CMAKE_PREFIX_PATH}:/home/coche/coche_ws/install/f1tenth_stack:/home/coche/coche_ws/install/ver_trayectoria:/home/coche/coche_ws/install/joy_teleop:/home/coche/coche_ws/install/stanley_avoidance:/home/coche/coche_ws/install/particle_filter:/home/coche/coche_ws/install/mouse_teleop:/home/coche/coche_ws/install/key_teleop:/opt/ros/foxy /usr/bin/cmake --build /home/coche/coche_ws/build/waypoint_generator -- -j4 -l4
[15.089s] DEBUG:colcon.colcon_core.event_handler.log_command:Invoking command in '/home/coche/coche_ws/build/waypoint_generator': CMAKE_PREFIX_PATH=${CMAKE_PREFIX_PATH}:/home/coche/coche_ws/install/f1tenth_stack:/home/coche/coche_ws/install/ver_trayectoria:/home/coche/coche_ws/install/joy_teleop:/home/coche/coche_ws/install/stanley_avoidance:/home/coche/coche_ws/install/particle_filter:/home/coche/coche_ws/install/mouse_teleop:/home/coche/coche_ws/install/key_teleop:/opt/ros/foxy /usr/bin/cmake --install /home/coche/coche_ws/build/waypoint_generator
[15.116s] DEBUG:colcon.colcon_core.event_handler.log_command:Invoking command in '/home/coche/coche_ws/src/f1tenth_system/stanley_avoidance': PYTHONPATH=/home/coche/coche_ws/build/stanley_avoidance/prefix_override:/usr/lib/python3/dist-packages/colcon_core/task/python/colcon_distutils_commands:/home/coche/coche_ws/install/stanley_avoidance/lib/python3.8/site-packages:${PYTHONPATH} /usr/bin/python3 -W ignore:setup.py install is deprecated -W ignore:easy_install command is deprecated setup.py egg_info --egg-base ../../../build/stanley_avoidance build --build-base /home/coche/coche_ws/build/stanley_avoidance/build install --record /home/coche/coche_ws/build/stanley_avoidance/install.log --install-scripts $base/lib/stanley_avoidance --single-version-externally-managed install_data
[15.140s] DEBUG:colcon.colcon_core.event_handler.log_command:Invoking command in '/home/coche/coche_ws/build/teleop_tools': AMENT_PREFIX_PATH=/home/coche/coche_ws/install/joy_teleop:/home/coche/coche_ws/install/key_teleop:/home/coche/coche_ws/install/waypoint_generator:/home/coche/coche_ws/install/wall_follow:/home/coche/coche_ws/install/f1tenth_stack:/home/coche/coche_ws/install/vesc:/home/coche/coche_ws/install/vesc_driver:/home/coche/coche_ws/install/vesc_ackermann:/home/coche/coche_ws/install/vesc_msgs:/home/coche/coche_ws/install/ver_trayectoria:/home/coche/coche_ws/install/teleop_tools:/home/coche/coche_ws/install/teleop_tools_msgs:/home/coche/coche_ws/install/stanley_avoidance:/home/coche/coche_ws/install/pure_pursuit:/home/coche/coche_ws/install/particle_filter:/home/coche/coche_ws/install/mouse_teleop:/home/coche/coche_ws/install/lqr:/home/coche/coche_ws/install/gap_follow:/home/coche/coche_ws/install/bringup:/home/coche/coche_ws/install/ackermann_mux:/opt/ros/foxy CMAKE_PREFIX_PATH=/home/coche/coche_ws/install/teleop_tools_msgs:/home/coche/coche_ws/install/waypoint_generator:/home/coche/coche_ws/install/wall_follow:/home/coche/coche_ws/install/vesc:/home/coche/coche_ws/install/vesc_driver:/home/coche/coche_ws/install/vesc_ackermann:/home/coche/coche_ws/install/vesc_msgs:/home/coche/coche_ws/install/teleop_tools:/home/coche/coche_ws/install/pure_pursuit:/home/coche/coche_ws/install/lqr:/home/coche/coche_ws/install/gap_follow:/home/coche/coche_ws/install/bringup:/home/coche/coche_ws/install/ackermann_mux:/home/coche/coche_ws/install/f1tenth_stack:/home/coche/coche_ws/install/ver_trayectoria:/home/coche/coche_ws/install/joy_teleop:/home/coche/coche_ws/install/stanley_avoidance:/home/coche/coche_ws/install/particle_filter:/home/coche/coche_ws/install/mouse_teleop:/home/coche/coche_ws/install/key_teleop:/opt/ros/foxy LD_LIBRARY_PATH=/home/coche/coche_ws/install/teleop_tools_msgs/lib:/home/coche/coche_ws/install/vesc_driver/lib:/home/coche/coche_ws/install/vesc_ackermann/lib:/home/coche/coche_ws/install/vesc_msgs/lib:/opt/ros/foxy/opt/yaml_cpp_vendor/lib:/opt/ros/foxy/opt/rviz_ogre_vendor/lib:/opt/ros/foxy/lib/aarch64-linux-gnu:/opt/ros/foxy/lib PYTHONPATH=/home/coche/coche_ws/install/joy_teleop/lib/python3.8/site-packages:/home/coche/coche_ws/install/teleop_tools_msgs/lib/python3.8/site-packages:/home/coche/coche_ws/install/key_teleop/lib/python3.8/site-packages:/home/coche/coche_ws/install/wall_follow/lib/python3.8/site-packages:/home/coche/coche_ws/install/f1tenth_stack/lib/python3.8/site-packages:/home/coche/coche_ws/install/vesc_msgs/lib/python3.8/site-packages:/home/coche/coche_ws/install/ver_trayectoria/lib/python3.8/site-packages:/home/coche/coche_ws/install/stanley_avoidance/lib/python3.8/site-packages:/home/coche/coche_ws/install/pure_pursuit/lib/python3.8/site-packages:/home/coche/coche_ws/install/particle_filter/lib/python3.8/site-packages:/home/coche/coche_ws/install/mouse_teleop/lib/python3.8/site-packages:/home/coche/coche_ws/install/lqr/lib/python3.8/site-packages:/home/coche/coche_ws/install/gap_follow/lib/python3.8/site-packages:/opt/ros/foxy/lib/python3.8/site-packages /usr/bin/cmake --build /home/coche/coche_ws/build/teleop_tools -- -j4 -l4
[15.180s] Level 1:colcon.colcon_core.environment:create_environment_scripts_only(waypoint_generator)
[15.185s] Level 1:colcon.colcon_core.environment:checking '/home/coche/coche_ws/install/waypoint_generator' for CMake module files
[15.189s] Level 1:colcon.colcon_core.environment:checking '/home/coche/coche_ws/install/waypoint_generator' for CMake config files
[15.191s] Level 1:colcon.colcon_core.shell:create_environment_hook('waypoint_generator', 'cmake_prefix_path')
[15.183s] DEBUG:colcon.colcon_core.event_handler.log_command:Invoked command in '/home/coche/coche_ws/build/waypoint_generator' returned '0': CMAKE_PREFIX_PATH=${CMAKE_PREFIX_PATH}:/home/coche/coche_ws/install/f1tenth_stack:/home/coche/coche_ws/install/ver_trayectoria:/home/coche/coche_ws/install/joy_teleop:/home/coche/coche_ws/install/stanley_avoidance:/home/coche/coche_ws/install/particle_filter:/home/coche/coche_ws/install/mouse_teleop:/home/coche/coche_ws/install/key_teleop:/opt/ros/foxy /usr/bin/cmake --install /home/coche/coche_ws/build/waypoint_generator
[15.193s] INFO:colcon.colcon_core.shell:Creating environment hook '/home/coche/coche_ws/install/waypoint_generator/share/waypoint_generator/hook/cmake_prefix_path.ps1'
[15.197s] INFO:colcon.colcon_core.shell:Creating environment descriptor '/home/coche/coche_ws/install/waypoint_generator/share/waypoint_generator/hook/cmake_prefix_path.dsv'
[15.199s] INFO:colcon.colcon_core.shell:Creating environment hook '/home/coche/coche_ws/install/waypoint_generator/share/waypoint_generator/hook/cmake_prefix_path.sh'
[15.203s] Level 1:colcon.colcon_core.environment:checking '/home/coche/coche_ws/install/waypoint_generator/lib'
[15.204s] Level 1:colcon.colcon_core.environment:checking '/home/coche/coche_ws/install/waypoint_generator/bin'
[15.204s] Level 1:colcon.colcon_core.environment:checking '/home/coche/coche_ws/install/waypoint_generator/lib/pkgconfig/waypoint_generator.pc'
[15.205s] Level 1:colcon.colcon_core.environment:checking '/home/coche/coche_ws/install/waypoint_generator/lib/python3.8/site-packages'
[15.206s] Level 1:colcon.colcon_core.environment:checking '/home/coche/coche_ws/install/waypoint_generator/bin'
[15.208s] INFO:colcon.colcon_core.shell:Creating package script '/home/coche/coche_ws/install/waypoint_generator/share/waypoint_generator/package.ps1'
[15.211s] INFO:colcon.colcon_core.shell:Creating package descriptor '/home/coche/coche_ws/install/waypoint_generator/share/waypoint_generator/package.dsv'
[15.214s] INFO:colcon.colcon_core.shell:Creating package script '/home/coche/coche_ws/install/waypoint_generator/share/waypoint_generator/package.sh'
[15.216s] INFO:colcon.colcon_core.shell:Creating package script '/home/coche/coche_ws/install/waypoint_generator/share/waypoint_generator/package.bash'
[15.218s] INFO:colcon.colcon_core.shell:Creating package script '/home/coche/coche_ws/install/waypoint_generator/share/waypoint_generator/package.zsh'
[15.220s] Level 1:colcon.colcon_core.environment:create_file_with_runtime_dependencies(/home/coche/coche_ws/install/waypoint_generator/share/colcon-core/packages/waypoint_generator)
[15.223s] Level 1:colcon.colcon_core.environment:create_environment_scripts_only(waypoint_generator)
[15.224s] Level 1:colcon.colcon_core.environment:checking '/home/coche/coche_ws/install/waypoint_generator' for CMake module files
[15.228s] Level 1:colcon.colcon_core.environment:checking '/home/coche/coche_ws/install/waypoint_generator' for CMake config files
[15.230s] Level 1:colcon.colcon_core.shell:create_environment_hook('waypoint_generator', 'cmake_prefix_path')
[15.232s] INFO:colcon.colcon_core.shell:Creating environment hook '/home/coche/coche_ws/install/waypoint_generator/share/waypoint_generator/hook/cmake_prefix_path.ps1'
[15.234s] INFO:colcon.colcon_core.shell:Creating environment descriptor '/home/coche/coche_ws/install/waypoint_generator/share/waypoint_generator/hook/cmake_prefix_path.dsv'
[15.236s] INFO:colcon.colcon_core.shell:Creating environment hook '/home/coche/coche_ws/install/waypoint_generator/share/waypoint_generator/hook/cmake_prefix_path.sh'
[15.239s] Level 1:colcon.colcon_core.environment:checking '/home/coche/coche_ws/install/waypoint_generator/lib'
[15.239s] Level 1:colcon.colcon_core.environment:checking '/home/coche/coche_ws/install/waypoint_generator/bin'
[15.240s] Level 1:colcon.colcon_core.environment:checking '/home/coche/coche_ws/install/waypoint_generator/lib/pkgconfig/waypoint_generator.pc'
[15.240s] Level 1:colcon.colcon_core.environment:checking '/home/coche/coche_ws/install/waypoint_generator/lib/python3.8/site-packages'
[15.241s] Level 1:colcon.colcon_core.environment:checking '/home/coche/coche_ws/install/waypoint_generator/bin'
[15.242s] INFO:colcon.colcon_core.shell:Creating package script '/home/coche/coche_ws/install/waypoint_generator/share/waypoint_generator/package.ps1'
[15.246s] INFO:colcon.colcon_core.shell:Creating package descriptor '/home/coche/coche_ws/install/waypoint_generator/share/waypoint_generator/package.dsv'
[15.249s] INFO:colcon.colcon_core.shell:Creating package script '/home/coche/coche_ws/install/waypoint_generator/share/waypoint_generator/package.sh'
[15.251s] INFO:colcon.colcon_core.shell:Creating package script '/home/coche/coche_ws/install/waypoint_generator/share/waypoint_generator/package.bash'
[15.255s] INFO:colcon.colcon_core.shell:Creating package script '/home/coche/coche_ws/install/waypoint_generator/share/waypoint_generator/package.zsh'
[15.258s] Level 1:colcon.colcon_core.environment:create_file_with_runtime_dependencies(/home/coche/coche_ws/install/waypoint_generator/share/colcon-core/packages/waypoint_generator)
[15.262s] INFO:colcon.colcon_ros.task.ament_python.build:Building ROS package in '/home/coche/coche_ws/src/f1tenth_system/f1tenth_stack' with build type 'ament_python'
[15.264s] Level 1:colcon.colcon_core.shell:create_environment_hook('f1tenth_stack', 'ament_prefix_path')
[15.265s] INFO:colcon.colcon_core.shell:Creating environment hook '/home/coche/coche_ws/install/f1tenth_stack/share/f1tenth_stack/hook/ament_prefix_path.ps1'
[15.269s] INFO:colcon.colcon_core.shell:Creating environment descriptor '/home/coche/coche_ws/install/f1tenth_stack/share/f1tenth_stack/hook/ament_prefix_path.dsv'
[15.271s] INFO:colcon.colcon_core.shell:Creating environment hook '/home/coche/coche_ws/install/f1tenth_stack/share/f1tenth_stack/hook/ament_prefix_path.sh'
[15.274s] INFO:colcon.colcon_core.shell:Skip shell extension 'powershell' for command environment: Not usable outside of PowerShell
[15.275s] DEBUG:colcon.colcon_core.shell:Skip shell extension 'dsv' for command environment
[16.479s] INFO:colcon.colcon_core.task.python.build:Building Python package in '/home/coche/coche_ws/src/f1tenth_system/f1tenth_stack'
[16.483s] INFO:colcon.colcon_core.shell:Skip shell extension 'powershell' for command environment: Not usable outside of PowerShell
[16.483s] DEBUG:colcon.colcon_core.shell:Skip shell extension 'dsv' for command environment
[16.534s] DEBUG:colcon.colcon_core.event_handler.log_command:Invoked command in '/home/coche/coche_ws/build/teleop_tools' returned '0': AMENT_PREFIX_PATH=/home/coche/coche_ws/install/joy_teleop:/home/coche/coche_ws/install/key_teleop:/home/coche/coche_ws/install/waypoint_generator:/home/coche/coche_ws/install/wall_follow:/home/coche/coche_ws/install/f1tenth_stack:/home/coche/coche_ws/install/vesc:/home/coche/coche_ws/install/vesc_driver:/home/coche/coche_ws/install/vesc_ackermann:/home/coche/coche_ws/install/vesc_msgs:/home/coche/coche_ws/install/ver_trayectoria:/home/coche/coche_ws/install/teleop_tools:/home/coche/coche_ws/install/teleop_tools_msgs:/home/coche/coche_ws/install/stanley_avoidance:/home/coche/coche_ws/install/pure_pursuit:/home/coche/coche_ws/install/particle_filter:/home/coche/coche_ws/install/mouse_teleop:/home/coche/coche_ws/install/lqr:/home/coche/coche_ws/install/gap_follow:/home/coche/coche_ws/install/bringup:/home/coche/coche_ws/install/ackermann_mux:/opt/ros/foxy CMAKE_PREFIX_PATH=/home/coche/coche_ws/install/teleop_tools_msgs:/home/coche/coche_ws/install/waypoint_generator:/home/coche/coche_ws/install/wall_follow:/home/coche/coche_ws/install/vesc:/home/coche/coche_ws/install/vesc_driver:/home/coche/coche_ws/install/vesc_ackermann:/home/coche/coche_ws/install/vesc_msgs:/home/coche/coche_ws/install/teleop_tools:/home/coche/coche_ws/install/pure_pursuit:/home/coche/coche_ws/install/lqr:/home/coche/coche_ws/install/gap_follow:/home/coche/coche_ws/install/bringup:/home/coche/coche_ws/install/ackermann_mux:/home/coche/coche_ws/install/f1tenth_stack:/home/coche/coche_ws/install/ver_trayectoria:/home/coche/coche_ws/install/joy_teleop:/home/coche/coche_ws/install/stanley_avoidance:/home/coche/coche_ws/install/particle_filter:/home/coche/coche_ws/install/mouse_teleop:/home/coche/coche_ws/install/key_teleop:/opt/ros/foxy LD_LIBRARY_PATH=/home/coche/coche_ws/install/teleop_tools_msgs/lib:/home/coche/coche_ws/install/vesc_driver/lib:/home/coche/coche_ws/install/vesc_ackermann/lib:/home/coche/coche_ws/install/vesc_msgs/lib:/opt/ros/foxy/opt/yaml_cpp_vendor/lib:/opt/ros/foxy/opt/rviz_ogre_vendor/lib:/opt/ros/foxy/lib/aarch64-linux-gnu:/opt/ros/foxy/lib PYTHONPATH=/home/coche/coche_ws/install/joy_teleop/lib/python3.8/site-packages:/home/coche/coche_ws/install/teleop_tools_msgs/lib/python3.8/site-packages:/home/coche/coche_ws/install/key_teleop/lib/python3.8/site-packages:/home/coche/coche_ws/install/wall_follow/lib/python3.8/site-packages:/home/coche/coche_ws/install/f1tenth_stack/lib/python3.8/site-packages:/home/coche/coche_ws/install/vesc_msgs/lib/python3.8/site-packages:/home/coche/coche_ws/install/ver_trayectoria/lib/python3.8/site-packages:/home/coche/coche_ws/install/stanley_avoidance/lib/python3.8/site-packages:/home/coche/coche_ws/install/pure_pursuit/lib/python3.8/site-packages:/home/coche/coche_ws/install/particle_filter/lib/python3.8/site-packages:/home/coche/coche_ws/install/mouse_teleop/lib/python3.8/site-packages:/home/coche/coche_ws/install/lqr/lib/python3.8/site-packages:/home/coche/coche_ws/install/gap_follow/lib/python3.8/site-packages:/opt/ros/foxy/lib/python3.8/site-packages /usr/bin/cmake --build /home/coche/coche_ws/build/teleop_tools -- -j4 -l4
[16.586s] Level 1:colcon.colcon_core.environment:checking '/home/coche/coche_ws/install/stanley_avoidance' for CMake module files
[16.590s] DEBUG:colcon.colcon_core.event_handler.log_command:Invoking command in '/home/coche/coche_ws/src/f1tenth_system/ver_trayectoria': PYTHONPATH=/home/coche/coche_ws/build/ver_trayectoria/prefix_override:/usr/lib/python3/dist-packages/colcon_core/task/python/colcon_distutils_commands:/home/coche/coche_ws/install/ver_trayectoria/lib/python3.8/site-packages:${PYTHONPATH} /usr/bin/python3 -W ignore:setup.py install is deprecated -W ignore:easy_install command is deprecated setup.py egg_info --egg-base ../../../build/ver_trayectoria build --build-base /home/coche/coche_ws/build/ver_trayectoria/build install --record /home/coche/coche_ws/build/ver_trayectoria/install.log --install-scripts $base/lib/ver_trayectoria --single-version-externally-managed install_data
[16.593s] DEBUG:colcon.colcon_core.event_handler.log_command:Invoked command in '/home/coche/coche_ws/src/f1tenth_system/stanley_avoidance' returned '0': PYTHONPATH=/home/coche/coche_ws/build/stanley_avoidance/prefix_override:/usr/lib/python3/dist-packages/colcon_core/task/python/colcon_distutils_commands:/home/coche/coche_ws/install/stanley_avoidance/lib/python3.8/site-packages:${PYTHONPATH} /usr/bin/python3 -W ignore:setup.py install is deprecated -W ignore:easy_install command is deprecated setup.py egg_info --egg-base ../../../build/stanley_avoidance build --build-base /home/coche/coche_ws/build/stanley_avoidance/build install --record /home/coche/coche_ws/build/stanley_avoidance/install.log --install-scripts $base/lib/stanley_avoidance --single-version-externally-managed install_data
[16.596s] Level 1:colcon.colcon_core.environment:checking '/home/coche/coche_ws/install/stanley_avoidance' for CMake config files
[16.599s] Level 1:colcon.colcon_core.environment:checking '/home/coche/coche_ws/install/stanley_avoidance/lib'
[16.600s] Level 1:colcon.colcon_core.environment:checking '/home/coche/coche_ws/install/stanley_avoidance/bin'
[16.600s] Level 1:colcon.colcon_core.environment:checking '/home/coche/coche_ws/install/stanley_avoidance/lib/pkgconfig/stanley_avoidance.pc'
[16.602s] Level 1:colcon.colcon_core.environment:checking '/home/coche/coche_ws/install/stanley_avoidance/lib/python3.8/site-packages'
[16.602s] Level 1:colcon.colcon_core.shell:create_environment_hook('stanley_avoidance', 'pythonpath')
[16.603s] INFO:colcon.colcon_core.shell:Creating environment hook '/home/coche/coche_ws/install/stanley_avoidance/share/stanley_avoidance/hook/pythonpath.ps1'
[16.608s] INFO:colcon.colcon_core.shell:Creating environment descriptor '/home/coche/coche_ws/install/stanley_avoidance/share/stanley_avoidance/hook/pythonpath.dsv'
[16.610s] INFO:colcon.colcon_core.shell:Creating environment hook '/home/coche/coche_ws/install/stanley_avoidance/share/stanley_avoidance/hook/pythonpath.sh'
[16.613s] Level 1:colcon.colcon_core.environment:checking '/home/coche/coche_ws/install/stanley_avoidance/bin'
[16.613s] Level 1:colcon.colcon_core.environment:create_environment_scripts_only(stanley_avoidance)
[16.615s] INFO:colcon.colcon_core.shell:Creating package script '/home/coche/coche_ws/install/stanley_avoidance/share/stanley_avoidance/package.ps1'
[16.618s] INFO:colcon.colcon_core.shell:Creating package descriptor '/home/coche/coche_ws/install/stanley_avoidance/share/stanley_avoidance/package.dsv'
[16.622s] INFO:colcon.colcon_core.shell:Creating package script '/home/coche/coche_ws/install/stanley_avoidance/share/stanley_avoidance/package.sh'
[16.626s] INFO:colcon.colcon_core.shell:Creating package script '/home/coche/coche_ws/install/stanley_avoidance/share/stanley_avoidance/package.bash'
[16.628s] INFO:colcon.colcon_core.shell:Creating package script '/home/coche/coche_ws/install/stanley_avoidance/share/stanley_avoidance/package.zsh'
[16.630s] Level 1:colcon.colcon_core.environment:create_file_with_runtime_dependencies(/home/coche/coche_ws/install/stanley_avoidance/share/colcon-core/packages/stanley_avoidance)
[16.683s] DEBUG:colcon.colcon_core.event_handler.log_command:Invoking command in '/home/coche/coche_ws/build/teleop_tools': AMENT_PREFIX_PATH=/home/coche/coche_ws/install/joy_teleop:/home/coche/coche_ws/install/key_teleop:/home/coche/coche_ws/install/waypoint_generator:/home/coche/coche_ws/install/wall_follow:/home/coche/coche_ws/install/f1tenth_stack:/home/coche/coche_ws/install/vesc:/home/coche/coche_ws/install/vesc_driver:/home/coche/coche_ws/install/vesc_ackermann:/home/coche/coche_ws/install/vesc_msgs:/home/coche/coche_ws/install/ver_trayectoria:/home/coche/coche_ws/install/teleop_tools:/home/coche/coche_ws/install/teleop_tools_msgs:/home/coche/coche_ws/install/stanley_avoidance:/home/coche/coche_ws/install/pure_pursuit:/home/coche/coche_ws/install/particle_filter:/home/coche/coche_ws/install/mouse_teleop:/home/coche/coche_ws/install/lqr:/home/coche/coche_ws/install/gap_follow:/home/coche/coche_ws/install/bringup:/home/coche/coche_ws/install/ackermann_mux:/opt/ros/foxy CMAKE_PREFIX_PATH=/home/coche/coche_ws/install/teleop_tools_msgs:/home/coche/coche_ws/install/waypoint_generator:/home/coche/coche_ws/install/wall_follow:/home/coche/coche_ws/install/vesc:/home/coche/coche_ws/install/vesc_driver:/home/coche/coche_ws/install/vesc_ackermann:/home/coche/coche_ws/install/vesc_msgs:/home/coche/coche_ws/install/teleop_tools:/home/coche/coche_ws/install/pure_pursuit:/home/coche/coche_ws/install/lqr:/home/coche/coche_ws/install/gap_follow:/home/coche/coche_ws/install/bringup:/home/coche/coche_ws/install/ackermann_mux:/home/coche/coche_ws/install/f1tenth_stack:/home/coche/coche_ws/install/ver_trayectoria:/home/coche/coche_ws/install/joy_teleop:/home/coche/coche_ws/install/stanley_avoidance:/home/coche/coche_ws/install/particle_filter:/home/coche/coche_ws/install/mouse_teleop:/home/coche/coche_ws/install/key_teleop:/opt/ros/foxy LD_LIBRARY_PATH=/home/coche/coche_ws/install/teleop_tools_msgs/lib:/home/coche/coche_ws/install/vesc_driver/lib:/home/coche/coche_ws/install/vesc_ackermann/lib:/home/coche/coche_ws/install/vesc_msgs/lib:/opt/ros/foxy/opt/yaml_cpp_vendor/lib:/opt/ros/foxy/opt/rviz_ogre_vendor/lib:/opt/ros/foxy/lib/aarch64-linux-gnu:/opt/ros/foxy/lib PYTHONPATH=/home/coche/coche_ws/install/joy_teleop/lib/python3.8/site-packages:/home/coche/coche_ws/install/teleop_tools_msgs/lib/python3.8/site-packages:/home/coche/coche_ws/install/key_teleop/lib/python3.8/site-packages:/home/coche/coche_ws/install/wall_follow/lib/python3.8/site-packages:/home/coche/coche_ws/install/f1tenth_stack/lib/python3.8/site-packages:/home/coche/coche_ws/install/vesc_msgs/lib/python3.8/site-packages:/home/coche/coche_ws/install/ver_trayectoria/lib/python3.8/site-packages:/home/coche/coche_ws/install/stanley_avoidance/lib/python3.8/site-packages:/home/coche/coche_ws/install/pure_pursuit/lib/python3.8/site-packages:/home/coche/coche_ws/install/particle_filter/lib/python3.8/site-packages:/home/coche/coche_ws/install/mouse_teleop/lib/python3.8/site-packages:/home/coche/coche_ws/install/lqr/lib/python3.8/site-packages:/home/coche/coche_ws/install/gap_follow/lib/python3.8/site-packages:/opt/ros/foxy/lib/python3.8/site-packages /usr/bin/cmake --install /home/coche/coche_ws/build/teleop_tools
[16.744s] Level 1:colcon.colcon_core.environment:create_environment_scripts_only(teleop_tools)
[16.747s] Level 1:colcon.colcon_core.environment:checking '/home/coche/coche_ws/install/teleop_tools' for CMake module files
[16.750s] Level 1:colcon.colcon_core.environment:checking '/home/coche/coche_ws/install/teleop_tools' for CMake config files
[16.752s] Level 1:colcon.colcon_core.shell:create_environment_hook('teleop_tools', 'cmake_prefix_path')
[16.754s] INFO:colcon.colcon_core.shell:Creating environment hook '/home/coche/coche_ws/install/teleop_tools/share/teleop_tools/hook/cmake_prefix_path.ps1'
[16.756s] DEBUG:colcon.colcon_core.event_handler.log_command:Invoked command in '/home/coche/coche_ws/build/teleop_tools' returned '0': AMENT_PREFIX_PATH=/home/coche/coche_ws/install/joy_teleop:/home/coche/coche_ws/install/key_teleop:/home/coche/coche_ws/install/waypoint_generator:/home/coche/coche_ws/install/wall_follow:/home/coche/coche_ws/install/f1tenth_stack:/home/coche/coche_ws/install/vesc:/home/coche/coche_ws/install/vesc_driver:/home/coche/coche_ws/install/vesc_ackermann:/home/coche/coche_ws/install/vesc_msgs:/home/coche/coche_ws/install/ver_trayectoria:/home/coche/coche_ws/install/teleop_tools:/home/coche/coche_ws/install/teleop_tools_msgs:/home/coche/coche_ws/install/stanley_avoidance:/home/coche/coche_ws/install/pure_pursuit:/home/coche/coche_ws/install/particle_filter:/home/coche/coche_ws/install/mouse_teleop:/home/coche/coche_ws/install/lqr:/home/coche/coche_ws/install/gap_follow:/home/coche/coche_ws/install/bringup:/home/coche/coche_ws/install/ackermann_mux:/opt/ros/foxy CMAKE_PREFIX_PATH=/home/coche/coche_ws/install/teleop_tools_msgs:/home/coche/coche_ws/install/waypoint_generator:/home/coche/coche_ws/install/wall_follow:/home/coche/coche_ws/install/vesc:/home/coche/coche_ws/install/vesc_driver:/home/coche/coche_ws/install/vesc_ackermann:/home/coche/coche_ws/install/vesc_msgs:/home/coche/coche_ws/install/teleop_tools:/home/coche/coche_ws/install/pure_pursuit:/home/coche/coche_ws/install/lqr:/home/coche/coche_ws/install/gap_follow:/home/coche/coche_ws/install/bringup:/home/coche/coche_ws/install/ackermann_mux:/home/coche/coche_ws/install/f1tenth_stack:/home/coche/coche_ws/install/ver_trayectoria:/home/coche/coche_ws/install/joy_teleop:/home/coche/coche_ws/install/stanley_avoidance:/home/coche/coche_ws/install/particle_filter:/home/coche/coche_ws/install/mouse_teleop:/home/coche/coche_ws/install/key_teleop:/opt/ros/foxy LD_LIBRARY_PATH=/home/coche/coche_ws/install/teleop_tools_msgs/lib:/home/coche/coche_ws/install/vesc_driver/lib:/home/coche/coche_ws/install/vesc_ackermann/lib:/home/coche/coche_ws/install/vesc_msgs/lib:/opt/ros/foxy/opt/yaml_cpp_vendor/lib:/opt/ros/foxy/opt/rviz_ogre_vendor/lib:/opt/ros/foxy/lib/aarch64-linux-gnu:/opt/ros/foxy/lib PYTHONPATH=/home/coche/coche_ws/install/joy_teleop/lib/python3.8/site-packages:/home/coche/coche_ws/install/teleop_tools_msgs/lib/python3.8/site-packages:/home/coche/coche_ws/install/key_teleop/lib/python3.8/site-packages:/home/coche/coche_ws/install/wall_follow/lib/python3.8/site-packages:/home/coche/coche_ws/install/f1tenth_stack/lib/python3.8/site-packages:/home/coche/coche_ws/install/vesc_msgs/lib/python3.8/site-packages:/home/coche/coche_ws/install/ver_trayectoria/lib/python3.8/site-packages:/home/coche/coche_ws/install/stanley_avoidance/lib/python3.8/site-packages:/home/coche/coche_ws/install/pure_pursuit/lib/python3.8/site-packages:/home/coche/coche_ws/install/particle_filter/lib/python3.8/site-packages:/home/coche/coche_ws/install/mouse_teleop/lib/python3.8/site-packages:/home/coche/coche_ws/install/lqr/lib/python3.8/site-packages:/home/coche/coche_ws/install/gap_follow/lib/python3.8/site-packages:/opt/ros/foxy/lib/python3.8/site-packages /usr/bin/cmake --install /home/coche/coche_ws/build/teleop_tools
[16.759s] INFO:colcon.colcon_core.shell:Creating environment descriptor '/home/coche/coche_ws/install/teleop_tools/share/teleop_tools/hook/cmake_prefix_path.dsv'
[16.761s] INFO:colcon.colcon_core.shell:Creating environment hook '/home/coche/coche_ws/install/teleop_tools/share/teleop_tools/hook/cmake_prefix_path.sh'
[16.764s] Level 1:colcon.colcon_core.environment:checking '/home/coche/coche_ws/install/teleop_tools/bin'
[16.765s] Level 1:colcon.colcon_core.environment:checking '/home/coche/coche_ws/install/teleop_tools/lib/pkgconfig/teleop_tools.pc'
[16.766s] Level 1:colcon.colcon_core.environment:checking '/home/coche/coche_ws/install/teleop_tools/lib/python3.8/site-packages'
[16.767s] Level 1:colcon.colcon_core.environment:checking '/home/coche/coche_ws/install/teleop_tools/bin'
[16.768s] INFO:colcon.colcon_core.shell:Creating package script '/home/coche/coche_ws/install/teleop_tools/share/teleop_tools/package.ps1'
[16.771s] INFO:colcon.colcon_core.shell:Creating package descriptor '/home/coche/coche_ws/install/teleop_tools/share/teleop_tools/package.dsv'
[16.773s] INFO:colcon.colcon_core.shell:Creating package script '/home/coche/coche_ws/install/teleop_tools/share/teleop_tools/package.sh'
[16.775s] INFO:colcon.colcon_core.shell:Creating package script '/home/coche/coche_ws/install/teleop_tools/share/teleop_tools/package.bash'
[16.777s] INFO:colcon.colcon_core.shell:Creating package script '/home/coche/coche_ws/install/teleop_tools/share/teleop_tools/package.zsh'
[16.779s] Level 1:colcon.colcon_core.environment:create_file_with_runtime_dependencies(/home/coche/coche_ws/install/teleop_tools/share/colcon-core/packages/teleop_tools)
[16.898s] Level 1:colcon.colcon_core.environment:create_environment_scripts_only(teleop_tools)
[16.901s] Level 1:colcon.colcon_core.environment:checking '/home/coche/coche_ws/install/teleop_tools' for CMake module files
[16.904s] Level 1:colcon.colcon_core.environment:checking '/home/coche/coche_ws/install/teleop_tools' for CMake config files
[16.906s] Level 1:colcon.colcon_core.shell:create_environment_hook('teleop_tools', 'cmake_prefix_path')
[16.907s] INFO:colcon.colcon_core.shell:Creating environment hook '/home/coche/coche_ws/install/teleop_tools/share/teleop_tools/hook/cmake_prefix_path.ps1'
[16.912s] INFO:colcon.colcon_core.shell:Creating environment descriptor '/home/coche/coche_ws/install/teleop_tools/share/teleop_tools/hook/cmake_prefix_path.dsv'
[16.914s] INFO:colcon.colcon_core.shell:Creating environment hook '/home/coche/coche_ws/install/teleop_tools/share/teleop_tools/hook/cmake_prefix_path.sh'
[16.918s] Level 1:colcon.colcon_core.environment:checking '/home/coche/coche_ws/install/teleop_tools/bin'
[16.919s] Level 1:colcon.colcon_core.environment:checking '/home/coche/coche_ws/install/teleop_tools/lib/pkgconfig/teleop_tools.pc'
[16.921s] Level 1:colcon.colcon_core.environment:checking '/home/coche/coche_ws/install/teleop_tools/lib/python3.8/site-packages'
[16.921s] Level 1:colcon.colcon_core.environment:checking '/home/coche/coche_ws/install/teleop_tools/bin'
[16.922s] INFO:colcon.colcon_core.shell:Creating package script '/home/coche/coche_ws/install/teleop_tools/share/teleop_tools/package.ps1'
[16.925s] INFO:colcon.colcon_core.shell:Creating package descriptor '/home/coche/coche_ws/install/teleop_tools/share/teleop_tools/package.dsv'
[16.931s] INFO:colcon.colcon_core.shell:Creating package script '/home/coche/coche_ws/install/teleop_tools/share/teleop_tools/package.sh'
[16.933s] INFO:colcon.colcon_core.shell:Creating package script '/home/coche/coche_ws/install/teleop_tools/share/teleop_tools/package.bash'
[16.938s] INFO:colcon.colcon_core.shell:Creating package script '/home/coche/coche_ws/install/teleop_tools/share/teleop_tools/package.zsh'
[16.940s] Level 1:colcon.colcon_core.environment:create_file_with_runtime_dependencies(/home/coche/coche_ws/install/teleop_tools/share/colcon-core/packages/teleop_tools)
[17.900s] Level 1:colcon.colcon_core.environment:checking '/home/coche/coche_ws/install/ver_trayectoria' for CMake module files
[17.902s] DEBUG:colcon.colcon_core.event_handler.log_command:Invoked command in '/home/coche/coche_ws/src/f1tenth_system/ver_trayectoria' returned '0': PYTHONPATH=/home/coche/coche_ws/build/ver_trayectoria/prefix_override:/usr/lib/python3/dist-packages/colcon_core/task/python/colcon_distutils_commands:/home/coche/coche_ws/install/ver_trayectoria/lib/python3.8/site-packages:${PYTHONPATH} /usr/bin/python3 -W ignore:setup.py install is deprecated -W ignore:easy_install command is deprecated setup.py egg_info --egg-base ../../../build/ver_trayectoria build --build-base /home/coche/coche_ws/build/ver_trayectoria/build install --record /home/coche/coche_ws/build/ver_trayectoria/install.log --install-scripts $base/lib/ver_trayectoria --single-version-externally-managed install_data
[17.904s] Level 1:colcon.colcon_core.environment:checking '/home/coche/coche_ws/install/ver_trayectoria' for CMake config files
[17.907s] Level 1:colcon.colcon_core.environment:checking '/home/coche/coche_ws/install/ver_trayectoria/lib'
[17.908s] Level 1:colcon.colcon_core.environment:checking '/home/coche/coche_ws/install/ver_trayectoria/bin'
[17.908s] Level 1:colcon.colcon_core.environment:checking '/home/coche/coche_ws/install/ver_trayectoria/lib/pkgconfig/ver_trayectoria.pc'
[17.909s] Level 1:colcon.colcon_core.environment:checking '/home/coche/coche_ws/install/ver_trayectoria/lib/python3.8/site-packages'
[17.909s] Level 1:colcon.colcon_core.shell:create_environment_hook('ver_trayectoria', 'pythonpath')
[17.910s] INFO:colcon.colcon_core.shell:Creating environment hook '/home/coche/coche_ws/install/ver_trayectoria/share/ver_trayectoria/hook/pythonpath.ps1'
[17.913s] INFO:colcon.colcon_core.shell:Creating environment descriptor '/home/coche/coche_ws/install/ver_trayectoria/share/ver_trayectoria/hook/pythonpath.dsv'
[17.914s] INFO:colcon.colcon_core.shell:Creating environment hook '/home/coche/coche_ws/install/ver_trayectoria/share/ver_trayectoria/hook/pythonpath.sh'
[17.917s] Level 1:colcon.colcon_core.environment:checking '/home/coche/coche_ws/install/ver_trayectoria/bin'
[17.917s] Level 1:colcon.colcon_core.environment:create_environment_scripts_only(ver_trayectoria)
[17.919s] INFO:colcon.colcon_core.shell:Creating package script '/home/coche/coche_ws/install/ver_trayectoria/share/ver_trayectoria/package.ps1'
[17.921s] INFO:colcon.colcon_core.shell:Creating package descriptor '/home/coche/coche_ws/install/ver_trayectoria/share/ver_trayectoria/package.dsv'
[17.923s] INFO:colcon.colcon_core.shell:Creating package script '/home/coche/coche_ws/install/ver_trayectoria/share/ver_trayectoria/package.sh'
[17.925s] INFO:colcon.colcon_core.shell:Creating package script '/home/coche/coche_ws/install/ver_trayectoria/share/ver_trayectoria/package.bash'
[17.926s] INFO:colcon.colcon_core.shell:Creating package script '/home/coche/coche_ws/install/ver_trayectoria/share/ver_trayectoria/package.zsh'
[17.928s] Level 1:colcon.colcon_core.environment:create_file_with_runtime_dependencies(/home/coche/coche_ws/install/ver_trayectoria/share/colcon-core/packages/ver_trayectoria)
[18.358s] DEBUG:colcon.colcon_core.event_handler.log_command:Invoking command in '/home/coche/coche_ws/src/f1tenth_system/f1tenth_stack': AMENT_PREFIX_PATH=/home/coche/coche_ws/install/joy_teleop:/home/coche/coche_ws/install/waypoint_generator:/home/coche/coche_ws/install/wall_follow:/home/coche/coche_ws/install/f1tenth_stack:/home/coche/coche_ws/install/vesc:/home/coche/coche_ws/install/vesc_driver:/home/coche/coche_ws/install/vesc_ackermann:/home/coche/coche_ws/install/vesc_msgs:/home/coche/coche_ws/install/ver_trayectoria:/home/coche/coche_ws/install/teleop_tools:/home/coche/coche_ws/install/teleop_tools_msgs:/home/coche/coche_ws/install/stanley_avoidance:/home/coche/coche_ws/install/pure_pursuit:/home/coche/coche_ws/install/particle_filter:/home/coche/coche_ws/install/mouse_teleop:/home/coche/coche_ws/install/lqr:/home/coche/coche_ws/install/key_teleop:/home/coche/coche_ws/install/gap_follow:/home/coche/coche_ws/install/bringup:/home/coche/coche_ws/install/ackermann_mux:/opt/ros/foxy CMAKE_PREFIX_PATH=/home/coche/coche_ws/install/vesc:/home/coche/coche_ws/install/vesc_driver:/home/coche/coche_ws/install/vesc_ackermann:/home/coche/coche_ws/install/vesc_msgs:/home/coche/coche_ws/install/teleop_tools_msgs:/home/coche/coche_ws/install/ackermann_mux:/home/coche/coche_ws/install/waypoint_generator:/home/coche/coche_ws/install/wall_follow:/home/coche/coche_ws/install/teleop_tools:/home/coche/coche_ws/install/pure_pursuit:/home/coche/coche_ws/install/lqr:/home/coche/coche_ws/install/gap_follow:/home/coche/coche_ws/install/bringup PYTHONPATH=/home/coche/coche_ws/build/f1tenth_stack/prefix_override:/usr/lib/python3/dist-packages/colcon_core/task/python/colcon_distutils_commands:/home/coche/coche_ws/install/f1tenth_stack/lib/python3.8/site-packages:/home/coche/coche_ws/install/joy_teleop/lib/python3.8/site-packages:/home/coche/coche_ws/install/vesc_msgs/lib/python3.8/site-packages:/home/coche/coche_ws/install/teleop_tools_msgs/lib/python3.8/site-packages:/home/coche/coche_ws/install/wall_follow/lib/python3.8/site-packages:/home/coche/coche_ws/install/f1tenth_stack/lib/python3.8/site-packages:/home/coche/coche_ws/install/ver_trayectoria/lib/python3.8/site-packages:/home/coche/coche_ws/install/stanley_avoidance/lib/python3.8/site-packages:/home/coche/coche_ws/install/pure_pursuit/lib/python3.8/site-packages:/home/coche/coche_ws/install/particle_filter/lib/python3.8/site-packages:/home/coche/coche_ws/install/mouse_teleop/lib/python3.8/site-packages:/home/coche/coche_ws/install/lqr/lib/python3.8/site-packages:/home/coche/coche_ws/install/key_teleop/lib/python3.8/site-packages:/home/coche/coche_ws/install/gap_follow/lib/python3.8/site-packages:/opt/ros/foxy/lib/python3.8/site-packages /usr/bin/python3 -W ignore:setup.py install is deprecated -W ignore:easy_install command is deprecated setup.py egg_info --egg-base ../../../build/f1tenth_stack build --build-base /home/coche/coche_ws/build/f1tenth_stack/build install --record /home/coche/coche_ws/build/f1tenth_stack/install.log --install-scripts $base/lib/f1tenth_stack --single-version-externally-managed install_data
[19.561s] Level 1:colcon.colcon_core.environment:checking '/home/coche/coche_ws/install/f1tenth_stack' for CMake module files
[19.564s] DEBUG:colcon.colcon_core.event_handler.log_command:Invoked command in '/home/coche/coche_ws/src/f1tenth_system/f1tenth_stack' returned '0': AMENT_PREFIX_PATH=/home/coche/coche_ws/install/joy_teleop:/home/coche/coche_ws/install/waypoint_generator:/home/coche/coche_ws/install/wall_follow:/home/coche/coche_ws/install/f1tenth_stack:/home/coche/coche_ws/install/vesc:/home/coche/coche_ws/install/vesc_driver:/home/coche/coche_ws/install/vesc_ackermann:/home/coche/coche_ws/install/vesc_msgs:/home/coche/coche_ws/install/ver_trayectoria:/home/coche/coche_ws/install/teleop_tools:/home/coche/coche_ws/install/teleop_tools_msgs:/home/coche/coche_ws/install/stanley_avoidance:/home/coche/coche_ws/install/pure_pursuit:/home/coche/coche_ws/install/particle_filter:/home/coche/coche_ws/install/mouse_teleop:/home/coche/coche_ws/install/lqr:/home/coche/coche_ws/install/key_teleop:/home/coche/coche_ws/install/gap_follow:/home/coche/coche_ws/install/bringup:/home/coche/coche_ws/install/ackermann_mux:/opt/ros/foxy CMAKE_PREFIX_PATH=/home/coche/coche_ws/install/vesc:/home/coche/coche_ws/install/vesc_driver:/home/coche/coche_ws/install/vesc_ackermann:/home/coche/coche_ws/install/vesc_msgs:/home/coche/coche_ws/install/teleop_tools_msgs:/home/coche/coche_ws/install/ackermann_mux:/home/coche/coche_ws/install/waypoint_generator:/home/coche/coche_ws/install/wall_follow:/home/coche/coche_ws/install/teleop_tools:/home/coche/coche_ws/install/pure_pursuit:/home/coche/coche_ws/install/lqr:/home/coche/coche_ws/install/gap_follow:/home/coche/coche_ws/install/bringup PYTHONPATH=/home/coche/coche_ws/build/f1tenth_stack/prefix_override:/usr/lib/python3/dist-packages/colcon_core/task/python/colcon_distutils_commands:/home/coche/coche_ws/install/f1tenth_stack/lib/python3.8/site-packages:/home/coche/coche_ws/install/joy_teleop/lib/python3.8/site-packages:/home/coche/coche_ws/install/vesc_msgs/lib/python3.8/site-packages:/home/coche/coche_ws/install/teleop_tools_msgs/lib/python3.8/site-packages:/home/coche/coche_ws/install/wall_follow/lib/python3.8/site-packages:/home/coche/coche_ws/install/f1tenth_stack/lib/python3.8/site-packages:/home/coche/coche_ws/install/ver_trayectoria/lib/python3.8/site-packages:/home/coche/coche_ws/install/stanley_avoidance/lib/python3.8/site-packages:/home/coche/coche_ws/install/pure_pursuit/lib/python3.8/site-packages:/home/coche/coche_ws/install/particle_filter/lib/python3.8/site-packages:/home/coche/coche_ws/install/mouse_teleop/lib/python3.8/site-packages:/home/coche/coche_ws/install/lqr/lib/python3.8/site-packages:/home/coche/coche_ws/install/key_teleop/lib/python3.8/site-packages:/home/coche/coche_ws/install/gap_follow/lib/python3.8/site-packages:/opt/ros/foxy/lib/python3.8/site-packages /usr/bin/python3 -W ignore:setup.py install is deprecated -W ignore:easy_install command is deprecated setup.py egg_info --egg-base ../../../build/f1tenth_stack build --build-base /home/coche/coche_ws/build/f1tenth_stack/build install --record /home/coche/coche_ws/build/f1tenth_stack/install.log --install-scripts $base/lib/f1tenth_stack --single-version-externally-managed install_data
[19.566s] Level 1:colcon.colcon_core.environment:checking '/home/coche/coche_ws/install/f1tenth_stack' for CMake config files
[19.571s] Level 1:colcon.colcon_core.environment:checking '/home/coche/coche_ws/install/f1tenth_stack/lib'
[19.572s] Level 1:colcon.colcon_core.environment:checking '/home/coche/coche_ws/install/f1tenth_stack/bin'
[19.572s] Level 1:colcon.colcon_core.environment:checking '/home/coche/coche_ws/install/f1tenth_stack/lib/pkgconfig/f1tenth_stack.pc'
[19.574s] Level 1:colcon.colcon_core.environment:checking '/home/coche/coche_ws/install/f1tenth_stack/lib/python3.8/site-packages'
[19.575s] Level 1:colcon.colcon_core.shell:create_environment_hook('f1tenth_stack', 'pythonpath')
[19.576s] INFO:colcon.colcon_core.shell:Creating environment hook '/home/coche/coche_ws/install/f1tenth_stack/share/f1tenth_stack/hook/pythonpath.ps1'
[19.581s] INFO:colcon.colcon_core.shell:Creating environment descriptor '/home/coche/coche_ws/install/f1tenth_stack/share/f1tenth_stack/hook/pythonpath.dsv'
[19.583s] INFO:colcon.colcon_core.shell:Creating environment hook '/home/coche/coche_ws/install/f1tenth_stack/share/f1tenth_stack/hook/pythonpath.sh'
[19.586s] Level 1:colcon.colcon_core.environment:checking '/home/coche/coche_ws/install/f1tenth_stack/bin'
[19.587s] Level 1:colcon.colcon_core.environment:create_environment_scripts_only(f1tenth_stack)
[19.589s] INFO:colcon.colcon_core.shell:Creating package script '/home/coche/coche_ws/install/f1tenth_stack/share/f1tenth_stack/package.ps1'
[19.592s] INFO:colcon.colcon_core.shell:Creating package descriptor '/home/coche/coche_ws/install/f1tenth_stack/share/f1tenth_stack/package.dsv'
[19.594s] INFO:colcon.colcon_core.shell:Creating package script '/home/coche/coche_ws/install/f1tenth_stack/share/f1tenth_stack/package.sh'
[19.596s] INFO:colcon.colcon_core.shell:Creating package script '/home/coche/coche_ws/install/f1tenth_stack/share/f1tenth_stack/package.bash'
[19.598s] INFO:colcon.colcon_core.shell:Creating package script '/home/coche/coche_ws/install/f1tenth_stack/share/f1tenth_stack/package.zsh'
[19.600s] Level 1:colcon.colcon_core.environment:create_file_with_runtime_dependencies(/home/coche/coche_ws/install/f1tenth_stack/share/colcon-core/packages/f1tenth_stack)
[19.602s] DEBUG:colcon.colcon_parallel_executor.executor.parallel:closing loop
[19.604s] DEBUG:colcon.colcon_parallel_executor.executor.parallel:loop closed
[19.605s] DEBUG:colcon.colcon_parallel_executor.executor.parallel:run_until_complete finished with '0'
[19.606s] DEBUG:colcon.colcon_core.event_reactor:joining thread
[19.637s] INFO:colcon.colcon_core.plugin_system:Skipping extension 'colcon_notification.desktop_notification.terminal_notifier': Not used on non-Darwin systems
[19.637s] INFO:colcon.colcon_core.plugin_system:Skipping extension 'colcon_notification.desktop_notification.win32': Not used on non-Windows systems
[19.638s] INFO:colcon.colcon_notification.desktop_notification:Sending desktop notification using 'notify2'
[19.713s] DEBUG:colcon.colcon_core.event_reactor:joined thread
[19.714s] INFO:colcon.colcon_core.shell:Creating prefix script '/home/coche/coche_ws/install/local_setup.ps1'
[19.720s] INFO:colcon.colcon_core.shell:Creating prefix util module '/home/coche/coche_ws/install/_local_setup_util_ps1.py'
[19.726s] INFO:colcon.colcon_core.shell:Creating prefix chain script '/home/coche/coche_ws/install/setup.ps1'
[19.736s] INFO:colcon.colcon_core.shell:Creating prefix script '/home/coche/coche_ws/install/local_setup.sh'
[19.738s] INFO:colcon.colcon_core.shell:Creating prefix util module '/home/coche/coche_ws/install/_local_setup_util_sh.py'
[19.741s] INFO:colcon.colcon_core.shell:Creating prefix chain script '/home/coche/coche_ws/install/setup.sh'
[19.752s] INFO:colcon.colcon_core.shell:Creating prefix script '/home/coche/coche_ws/install/local_setup.bash'
[19.754s] INFO:colcon.colcon_core.shell:Creating prefix chain script '/home/coche/coche_ws/install/setup.bash'
[19.764s] INFO:colcon.colcon_core.shell:Creating prefix script '/home/coche/coche_ws/install/local_setup.zsh'
[19.767s] INFO:colcon.colcon_core.shell:Creating prefix chain script '/home/coche/coche_ws/install/setup.zsh'
