[0.846s] DEBUG:colcon:Command line arguments: ['/usr/bin/colcon', 'build']
[0.847s] DEBUG:colcon:Parsed command line arguments: Namespace(allow_overriding=[], ament_cmake_args=None, base_paths=['.'], build_base='build', catkin_cmake_args=None, catkin_skip_building_tests=False, cmake_args=None, cmake_clean_cache=False, cmake_clean_first=False, cmake_force_configure=False, cmake_target=None, cmake_target_skip_unavailable=False, continue_on_error=False, event_handlers=None, executor='parallel', ignore_user_meta=False, install_base='install', log_base=None, log_level=None, main=<bound method BuildVerb.main of <colcon_core.verb.build.BuildVerb object at 0xffffa94efc10>>, merge_install=False, metas=['./colcon.meta'], mixin=None, mixin_files=None, mixin_verb=('build',), packages_above=None, packages_above_and_dependencies=None, packages_above_depth=None, packages_end=None, packages_ignore=None, packages_ignore_regex=None, packages_select=None, packages_select_build_failed=False, packages_select_by_dep=None, packages_select_regex=None, packages_select_test_failures=False, packages_skip=None, packages_skip_build_finished=False, packages_skip_by_dep=None, packages_skip_regex=None, packages_skip_test_passed=False, packages_skip_up_to=None, packages_start=None, packages_up_to=None, packages_up_to_regex=None, parallel_workers=4, paths=None, symlink_install=False, test_result_base=None, verb_extension=<colcon_core.verb.build.BuildVerb object at 0xffffa94efc10>, verb_name='build', verb_parser=<colcon_mixin.mixin.mixin_argument.MixinArgumentDecorator object at 0xffffa94fe1f0>)
[1.480s] Level 1:colcon.colcon_core.package_discovery:discover_packages(colcon_meta) check parameters
[1.481s] Level 1:colcon.colcon_core.package_discovery:discover_packages(recursive) check parameters
[1.481s] Level 1:colcon.colcon_core.package_discovery:discover_packages(ignore) check parameters
[1.481s] Level 1:colcon.colcon_core.package_discovery:discover_packages(path) check parameters
[1.481s] Level 1:colcon.colcon_core.package_discovery:discover_packages(colcon_meta) discover
[1.481s] Level 1:colcon.colcon_core.package_discovery:discover_packages(recursive) discover
[1.482s] INFO:colcon.colcon_core.package_discovery:Crawling recursively for packages in '/home/coche/coche_ws'
[1.482s] Level 1:colcon.colcon_core.package_identification:_identify(.) by extensions ['ignore', 'ignore_ament_install']
[1.482s] Level 1:colcon.colcon_core.package_identification:_identify(.) by extension 'ignore'
[1.483s] Level 1:colcon.colcon_core.package_identification:_identify(.) by extension 'ignore_ament_install'
[1.483s] Level 1:colcon.colcon_core.package_identification:_identify(.) by extensions ['colcon_pkg']
[1.483s] Level 1:colcon.colcon_core.package_identification:_identify(.) by extension 'colcon_pkg'
[1.483s] Level 1:colcon.colcon_core.package_identification:_identify(.) by extensions ['colcon_meta']
[1.483s] Level 1:colcon.colcon_core.package_identification:_identify(.) by extension 'colcon_meta'
[1.484s] Level 1:colcon.colcon_core.package_identification:_identify(.) by extensions ['ros']
[1.484s] Level 1:colcon.colcon_core.package_identification:_identify(.) by extension 'ros'
[1.529s] Level 1:colcon.colcon_core.package_identification:_identify(.) by extensions ['cmake', 'python']
[1.530s] Level 1:colcon.colcon_core.package_identification:_identify(.) by extension 'cmake'
[1.530s] Level 1:colcon.colcon_core.package_identification:_identify(.) by extension 'python'
[1.530s] Level 1:colcon.colcon_core.package_identification:_identify(.) by extensions ['python_setup_py']
[1.530s] Level 1:colcon.colcon_core.package_identification:_identify(.) by extension 'python_setup_py'
[1.531s] Level 1:colcon.colcon_core.package_identification:_identify(build) by extensions ['ignore', 'ignore_ament_install']
[1.531s] Level 1:colcon.colcon_core.package_identification:_identify(build) by extension 'ignore'
[1.531s] Level 1:colcon.colcon_core.package_identification:_identify(build) ignored
[1.532s] Level 1:colcon.colcon_core.package_identification:_identify(install) by extensions ['ignore', 'ignore_ament_install']
[1.532s] Level 1:colcon.colcon_core.package_identification:_identify(install) by extension 'ignore'
[1.532s] Level 1:colcon.colcon_core.package_identification:_identify(install) ignored
[1.533s] Level 1:colcon.colcon_core.package_identification:_identify(log) by extensions ['ignore', 'ignore_ament_install']
[1.533s] Level 1:colcon.colcon_core.package_identification:_identify(log) by extension 'ignore'
[1.533s] Level 1:colcon.colcon_core.package_identification:_identify(log) ignored
[1.534s] Level 1:colcon.colcon_core.package_identification:_identify(src) by extensions ['ignore', 'ignore_ament_install']
[1.534s] Level 1:colcon.colcon_core.package_identification:_identify(src) by extension 'ignore'
[1.535s] Level 1:colcon.colcon_core.package_identification:_identify(src) by extension 'ignore_ament_install'
[1.535s] Level 1:colcon.colcon_core.package_identification:_identify(src) by extensions ['colcon_pkg']
[1.535s] Level 1:colcon.colcon_core.package_identification:_identify(src) by extension 'colcon_pkg'
[1.535s] Level 1:colcon.colcon_core.package_identification:_identify(src) by extensions ['colcon_meta']
[1.535s] Level 1:colcon.colcon_core.package_identification:_identify(src) by extension 'colcon_meta'
[1.536s] Level 1:colcon.colcon_core.package_identification:_identify(src) by extensions ['ros']
[1.536s] Level 1:colcon.colcon_core.package_identification:_identify(src) by extension 'ros'
[1.536s] Level 1:colcon.colcon_core.package_identification:_identify(src) by extensions ['cmake', 'python']
[1.536s] Level 1:colcon.colcon_core.package_identification:_identify(src) by extension 'cmake'
[1.537s] Level 1:colcon.colcon_core.package_identification:_identify(src) by extension 'python'
[1.537s] Level 1:colcon.colcon_core.package_identification:_identify(src) by extensions ['python_setup_py']
[1.537s] Level 1:colcon.colcon_core.package_identification:_identify(src) by extension 'python_setup_py'
[1.538s] Level 1:colcon.colcon_core.package_identification:_identify(src/f1tenth_system) by extensions ['ignore', 'ignore_ament_install']
[1.538s] Level 1:colcon.colcon_core.package_identification:_identify(src/f1tenth_system) by extension 'ignore'
[1.538s] Level 1:colcon.colcon_core.package_identification:_identify(src/f1tenth_system) by extension 'ignore_ament_install'
[1.539s] Level 1:colcon.colcon_core.package_identification:_identify(src/f1tenth_system) by extensions ['colcon_pkg']
[1.539s] Level 1:colcon.colcon_core.package_identification:_identify(src/f1tenth_system) by extension 'colcon_pkg'
[1.539s] Level 1:colcon.colcon_core.package_identification:_identify(src/f1tenth_system) by extensions ['colcon_meta']
[1.539s] Level 1:colcon.colcon_core.package_identification:_identify(src/f1tenth_system) by extension 'colcon_meta'
[1.539s] Level 1:colcon.colcon_core.package_identification:_identify(src/f1tenth_system) by extensions ['ros']
[1.539s] Level 1:colcon.colcon_core.package_identification:_identify(src/f1tenth_system) by extension 'ros'
[1.540s] Level 1:colcon.colcon_core.package_identification:_identify(src/f1tenth_system) by extensions ['cmake', 'python']
[1.540s] Level 1:colcon.colcon_core.package_identification:_identify(src/f1tenth_system) by extension 'cmake'
[1.540s] Level 1:colcon.colcon_core.package_identification:_identify(src/f1tenth_system) by extension 'python'
[1.540s] Level 1:colcon.colcon_core.package_identification:_identify(src/f1tenth_system) by extensions ['python_setup_py']
[1.541s] Level 1:colcon.colcon_core.package_identification:_identify(src/f1tenth_system) by extension 'python_setup_py'
[1.541s] Level 1:colcon.colcon_core.package_identification:_identify(src/f1tenth_system/ackermann_mux) by extensions ['ignore', 'ignore_ament_install']
[1.541s] Level 1:colcon.colcon_core.package_identification:_identify(src/f1tenth_system/ackermann_mux) by extension 'ignore'
[1.542s] Level 1:colcon.colcon_core.package_identification:_identify(src/f1tenth_system/ackermann_mux) by extension 'ignore_ament_install'
[1.542s] Level 1:colcon.colcon_core.package_identification:_identify(src/f1tenth_system/ackermann_mux) by extensions ['colcon_pkg']
[1.542s] Level 1:colcon.colcon_core.package_identification:_identify(src/f1tenth_system/ackermann_mux) by extension 'colcon_pkg'
[1.542s] Level 1:colcon.colcon_core.package_identification:_identify(src/f1tenth_system/ackermann_mux) by extensions ['colcon_meta']
[1.542s] Level 1:colcon.colcon_core.package_identification:_identify(src/f1tenth_system/ackermann_mux) by extension 'colcon_meta'
[1.543s] Level 1:colcon.colcon_core.package_identification:_identify(src/f1tenth_system/ackermann_mux) by extensions ['ros']
[1.543s] Level 1:colcon.colcon_core.package_identification:_identify(src/f1tenth_system/ackermann_mux) by extension 'ros'
[1.555s] DEBUG:colcon.colcon_core.package_identification:Package 'src/f1tenth_system/ackermann_mux' with type 'ros.ament_cmake' and name 'ackermann_mux'
[1.555s] Level 1:colcon.colcon_core.package_identification:_identify(src/f1tenth_system/f1tenth_stack) by extensions ['ignore', 'ignore_ament_install']
[1.556s] Level 1:colcon.colcon_core.package_identification:_identify(src/f1tenth_system/f1tenth_stack) by extension 'ignore'
[1.556s] Level 1:colcon.colcon_core.package_identification:_identify(src/f1tenth_system/f1tenth_stack) by extension 'ignore_ament_install'
[1.556s] Level 1:colcon.colcon_core.package_identification:_identify(src/f1tenth_system/f1tenth_stack) by extensions ['colcon_pkg']
[1.556s] Level 1:colcon.colcon_core.package_identification:_identify(src/f1tenth_system/f1tenth_stack) by extension 'colcon_pkg'
[1.557s] Level 1:colcon.colcon_core.package_identification:_identify(src/f1tenth_system/f1tenth_stack) by extensions ['colcon_meta']
[1.557s] Level 1:colcon.colcon_core.package_identification:_identify(src/f1tenth_system/f1tenth_stack) by extension 'colcon_meta'
[1.557s] Level 1:colcon.colcon_core.package_identification:_identify(src/f1tenth_system/f1tenth_stack) by extensions ['ros']
[1.557s] Level 1:colcon.colcon_core.package_identification:_identify(src/f1tenth_system/f1tenth_stack) by extension 'ros'
[1.562s] DEBUG:colcon.colcon_core.package_identification:Package 'src/f1tenth_system/f1tenth_stack' with type 'ros.ament_python' and name 'f1tenth_stack'
[1.563s] Level 1:colcon.colcon_core.package_identification:_identify(src/f1tenth_system/scripts) by extensions ['ignore', 'ignore_ament_install']
[1.563s] Level 1:colcon.colcon_core.package_identification:_identify(src/f1tenth_system/scripts) by extension 'ignore'
[1.564s] Level 1:colcon.colcon_core.package_identification:_identify(src/f1tenth_system/scripts) by extension 'ignore_ament_install'
[1.564s] Level 1:colcon.colcon_core.package_identification:_identify(src/f1tenth_system/scripts) by extensions ['colcon_pkg']
[1.564s] Level 1:colcon.colcon_core.package_identification:_identify(src/f1tenth_system/scripts) by extension 'colcon_pkg'
[1.564s] Level 1:colcon.colcon_core.package_identification:_identify(src/f1tenth_system/scripts) by extensions ['colcon_meta']
[1.564s] Level 1:colcon.colcon_core.package_identification:_identify(src/f1tenth_system/scripts) by extension 'colcon_meta'
[1.565s] Level 1:colcon.colcon_core.package_identification:_identify(src/f1tenth_system/scripts) by extensions ['ros']
[1.565s] Level 1:colcon.colcon_core.package_identification:_identify(src/f1tenth_system/scripts) by extension 'ros'
[1.565s] Level 1:colcon.colcon_core.package_identification:_identify(src/f1tenth_system/scripts) by extensions ['cmake', 'python']
[1.565s] Level 1:colcon.colcon_core.package_identification:_identify(src/f1tenth_system/scripts) by extension 'cmake'
[1.565s] Level 1:colcon.colcon_core.package_identification:_identify(src/f1tenth_system/scripts) by extension 'python'
[1.566s] Level 1:colcon.colcon_core.package_identification:_identify(src/f1tenth_system/scripts) by extensions ['python_setup_py']
[1.566s] Level 1:colcon.colcon_core.package_identification:_identify(src/f1tenth_system/scripts) by extension 'python_setup_py'
[1.566s] Level 1:colcon.colcon_core.package_identification:_identify(src/f1tenth_system/teleop_tools) by extensions ['ignore', 'ignore_ament_install']
[1.567s] Level 1:colcon.colcon_core.package_identification:_identify(src/f1tenth_system/teleop_tools) by extension 'ignore'
[1.567s] Level 1:colcon.colcon_core.package_identification:_identify(src/f1tenth_system/teleop_tools) by extension 'ignore_ament_install'
[1.567s] Level 1:colcon.colcon_core.package_identification:_identify(src/f1tenth_system/teleop_tools) by extensions ['colcon_pkg']
[1.567s] Level 1:colcon.colcon_core.package_identification:_identify(src/f1tenth_system/teleop_tools) by extension 'colcon_pkg'
[1.568s] Level 1:colcon.colcon_core.package_identification:_identify(src/f1tenth_system/teleop_tools) by extensions ['colcon_meta']
[1.568s] Level 1:colcon.colcon_core.package_identification:_identify(src/f1tenth_system/teleop_tools) by extension 'colcon_meta'
[1.568s] Level 1:colcon.colcon_core.package_identification:_identify(src/f1tenth_system/teleop_tools) by extensions ['ros']
[1.568s] Level 1:colcon.colcon_core.package_identification:_identify(src/f1tenth_system/teleop_tools) by extension 'ros'
[1.569s] Level 1:colcon.colcon_core.package_identification:_identify(src/f1tenth_system/teleop_tools) by extensions ['cmake', 'python']
[1.569s] Level 1:colcon.colcon_core.package_identification:_identify(src/f1tenth_system/teleop_tools) by extension 'cmake'
[1.569s] Level 1:colcon.colcon_core.package_identification:_identify(src/f1tenth_system/teleop_tools) by extension 'python'
[1.569s] Level 1:colcon.colcon_core.package_identification:_identify(src/f1tenth_system/teleop_tools) by extensions ['python_setup_py']
[1.569s] Level 1:colcon.colcon_core.package_identification:_identify(src/f1tenth_system/teleop_tools) by extension 'python_setup_py'
[1.570s] Level 1:colcon.colcon_core.package_identification:_identify(src/f1tenth_system/teleop_tools/joy_teleop) by extensions ['ignore', 'ignore_ament_install']
[1.570s] Level 1:colcon.colcon_core.package_identification:_identify(src/f1tenth_system/teleop_tools/joy_teleop) by extension 'ignore'
[1.570s] Level 1:colcon.colcon_core.package_identification:_identify(src/f1tenth_system/teleop_tools/joy_teleop) by extension 'ignore_ament_install'
[1.571s] Level 1:colcon.colcon_core.package_identification:_identify(src/f1tenth_system/teleop_tools/joy_teleop) by extensions ['colcon_pkg']
[1.571s] Level 1:colcon.colcon_core.package_identification:_identify(src/f1tenth_system/teleop_tools/joy_teleop) by extension 'colcon_pkg'
[1.571s] Level 1:colcon.colcon_core.package_identification:_identify(src/f1tenth_system/teleop_tools/joy_teleop) by extensions ['colcon_meta']
[1.571s] Level 1:colcon.colcon_core.package_identification:_identify(src/f1tenth_system/teleop_tools/joy_teleop) by extension 'colcon_meta'
[1.571s] Level 1:colcon.colcon_core.package_identification:_identify(src/f1tenth_system/teleop_tools/joy_teleop) by extensions ['ros']
[1.572s] Level 1:colcon.colcon_core.package_identification:_identify(src/f1tenth_system/teleop_tools/joy_teleop) by extension 'ros'
[1.574s] DEBUG:colcon.colcon_core.package_identification:Package 'src/f1tenth_system/teleop_tools/joy_teleop' with type 'ros.ament_python' and name 'joy_teleop'
[1.575s] Level 1:colcon.colcon_core.package_identification:_identify(src/f1tenth_system/teleop_tools/key_teleop) by extensions ['ignore', 'ignore_ament_install']
[1.575s] Level 1:colcon.colcon_core.package_identification:_identify(src/f1tenth_system/teleop_tools/key_teleop) by extension 'ignore'
[1.576s] Level 1:colcon.colcon_core.package_identification:_identify(src/f1tenth_system/teleop_tools/key_teleop) by extension 'ignore_ament_install'
[1.576s] Level 1:colcon.colcon_core.package_identification:_identify(src/f1tenth_system/teleop_tools/key_teleop) by extensions ['colcon_pkg']
[1.576s] Level 1:colcon.colcon_core.package_identification:_identify(src/f1tenth_system/teleop_tools/key_teleop) by extension 'colcon_pkg'
[1.576s] Level 1:colcon.colcon_core.package_identification:_identify(src/f1tenth_system/teleop_tools/key_teleop) by extensions ['colcon_meta']
[1.576s] Level 1:colcon.colcon_core.package_identification:_identify(src/f1tenth_system/teleop_tools/key_teleop) by extension 'colcon_meta'
[1.577s] Level 1:colcon.colcon_core.package_identification:_identify(src/f1tenth_system/teleop_tools/key_teleop) by extensions ['ros']
[1.577s] Level 1:colcon.colcon_core.package_identification:_identify(src/f1tenth_system/teleop_tools/key_teleop) by extension 'ros'
[1.579s] DEBUG:colcon.colcon_core.package_identification:Package 'src/f1tenth_system/teleop_tools/key_teleop' with type 'ros.ament_python' and name 'key_teleop'
[1.580s] Level 1:colcon.colcon_core.package_identification:_identify(src/f1tenth_system/teleop_tools/mouse_teleop) by extensions ['ignore', 'ignore_ament_install']
[1.580s] Level 1:colcon.colcon_core.package_identification:_identify(src/f1tenth_system/teleop_tools/mouse_teleop) by extension 'ignore'
[1.580s] Level 1:colcon.colcon_core.package_identification:_identify(src/f1tenth_system/teleop_tools/mouse_teleop) by extension 'ignore_ament_install'
[1.581s] Level 1:colcon.colcon_core.package_identification:_identify(src/f1tenth_system/teleop_tools/mouse_teleop) by extensions ['colcon_pkg']
[1.581s] Level 1:colcon.colcon_core.package_identification:_identify(src/f1tenth_system/teleop_tools/mouse_teleop) by extension 'colcon_pkg'
[1.581s] Level 1:colcon.colcon_core.package_identification:_identify(src/f1tenth_system/teleop_tools/mouse_teleop) by extensions ['colcon_meta']
[1.581s] Level 1:colcon.colcon_core.package_identification:_identify(src/f1tenth_system/teleop_tools/mouse_teleop) by extension 'colcon_meta'
[1.581s] Level 1:colcon.colcon_core.package_identification:_identify(src/f1tenth_system/teleop_tools/mouse_teleop) by extensions ['ros']
[1.581s] Level 1:colcon.colcon_core.package_identification:_identify(src/f1tenth_system/teleop_tools/mouse_teleop) by extension 'ros'
[1.584s] DEBUG:colcon.colcon_core.package_identification:Package 'src/f1tenth_system/teleop_tools/mouse_teleop' with type 'ros.ament_python' and name 'mouse_teleop'
[1.584s] Level 1:colcon.colcon_core.package_identification:_identify(src/f1tenth_system/teleop_tools/teleop_tools) by extensions ['ignore', 'ignore_ament_install']
[1.585s] Level 1:colcon.colcon_core.package_identification:_identify(src/f1tenth_system/teleop_tools/teleop_tools) by extension 'ignore'
[1.585s] Level 1:colcon.colcon_core.package_identification:_identify(src/f1tenth_system/teleop_tools/teleop_tools) by extension 'ignore_ament_install'
[1.585s] Level 1:colcon.colcon_core.package_identification:_identify(src/f1tenth_system/teleop_tools/teleop_tools) by extensions ['colcon_pkg']
[1.585s] Level 1:colcon.colcon_core.package_identification:_identify(src/f1tenth_system/teleop_tools/teleop_tools) by extension 'colcon_pkg'
[1.586s] Level 1:colcon.colcon_core.package_identification:_identify(src/f1tenth_system/teleop_tools/teleop_tools) by extensions ['colcon_meta']
[1.586s] Level 1:colcon.colcon_core.package_identification:_identify(src/f1tenth_system/teleop_tools/teleop_tools) by extension 'colcon_meta'
[1.586s] Level 1:colcon.colcon_core.package_identification:_identify(src/f1tenth_system/teleop_tools/teleop_tools) by extensions ['ros']
[1.586s] Level 1:colcon.colcon_core.package_identification:_identify(src/f1tenth_system/teleop_tools/teleop_tools) by extension 'ros'
[1.588s] DEBUG:colcon.colcon_core.package_identification:Package 'src/f1tenth_system/teleop_tools/teleop_tools' with type 'ros.ament_cmake' and name 'teleop_tools'
[1.589s] Level 1:colcon.colcon_core.package_identification:_identify(src/f1tenth_system/teleop_tools/teleop_tools_msgs) by extensions ['ignore', 'ignore_ament_install']
[1.589s] Level 1:colcon.colcon_core.package_identification:_identify(src/f1tenth_system/teleop_tools/teleop_tools_msgs) by extension 'ignore'
[1.589s] Level 1:colcon.colcon_core.package_identification:_identify(src/f1tenth_system/teleop_tools/teleop_tools_msgs) by extension 'ignore_ament_install'
[1.590s] Level 1:colcon.colcon_core.package_identification:_identify(src/f1tenth_system/teleop_tools/teleop_tools_msgs) by extensions ['colcon_pkg']
[1.590s] Level 1:colcon.colcon_core.package_identification:_identify(src/f1tenth_system/teleop_tools/teleop_tools_msgs) by extension 'colcon_pkg'
[1.590s] Level 1:colcon.colcon_core.package_identification:_identify(src/f1tenth_system/teleop_tools/teleop_tools_msgs) by extensions ['colcon_meta']
[1.590s] Level 1:colcon.colcon_core.package_identification:_identify(src/f1tenth_system/teleop_tools/teleop_tools_msgs) by extension 'colcon_meta'
[1.591s] Level 1:colcon.colcon_core.package_identification:_identify(src/f1tenth_system/teleop_tools/teleop_tools_msgs) by extensions ['ros']
[1.591s] Level 1:colcon.colcon_core.package_identification:_identify(src/f1tenth_system/teleop_tools/teleop_tools_msgs) by extension 'ros'
[1.593s] DEBUG:colcon.colcon_core.package_identification:Package 'src/f1tenth_system/teleop_tools/teleop_tools_msgs' with type 'ros.ament_cmake' and name 'teleop_tools_msgs'
[1.594s] Level 1:colcon.colcon_core.package_identification:_identify(src/f1tenth_system/vesc) by extensions ['ignore', 'ignore_ament_install']
[1.594s] Level 1:colcon.colcon_core.package_identification:_identify(src/f1tenth_system/vesc) by extension 'ignore'
[1.594s] Level 1:colcon.colcon_core.package_identification:_identify(src/f1tenth_system/vesc) by extension 'ignore_ament_install'
[1.595s] Level 1:colcon.colcon_core.package_identification:_identify(src/f1tenth_system/vesc) by extensions ['colcon_pkg']
[1.595s] Level 1:colcon.colcon_core.package_identification:_identify(src/f1tenth_system/vesc) by extension 'colcon_pkg'
[1.595s] Level 1:colcon.colcon_core.package_identification:_identify(src/f1tenth_system/vesc) by extensions ['colcon_meta']
[1.595s] Level 1:colcon.colcon_core.package_identification:_identify(src/f1tenth_system/vesc) by extension 'colcon_meta'
[1.596s] Level 1:colcon.colcon_core.package_identification:_identify(src/f1tenth_system/vesc) by extensions ['ros']
[1.596s] Level 1:colcon.colcon_core.package_identification:_identify(src/f1tenth_system/vesc) by extension 'ros'
[1.596s] Level 1:colcon.colcon_core.package_identification:_identify(src/f1tenth_system/vesc) by extensions ['cmake', 'python']
[1.596s] Level 1:colcon.colcon_core.package_identification:_identify(src/f1tenth_system/vesc) by extension 'cmake'
[1.596s] Level 1:colcon.colcon_core.package_identification:_identify(src/f1tenth_system/vesc) by extension 'python'
[1.597s] Level 1:colcon.colcon_core.package_identification:_identify(src/f1tenth_system/vesc) by extensions ['python_setup_py']
[1.597s] Level 1:colcon.colcon_core.package_identification:_identify(src/f1tenth_system/vesc) by extension 'python_setup_py'
[1.597s] Level 1:colcon.colcon_core.package_identification:_identify(src/f1tenth_system/vesc/vesc) by extensions ['ignore', 'ignore_ament_install']
[1.598s] Level 1:colcon.colcon_core.package_identification:_identify(src/f1tenth_system/vesc/vesc) by extension 'ignore'
[1.598s] Level 1:colcon.colcon_core.package_identification:_identify(src/f1tenth_system/vesc/vesc) by extension 'ignore_ament_install'
[1.599s] Level 1:colcon.colcon_core.package_identification:_identify(src/f1tenth_system/vesc/vesc) by extensions ['colcon_pkg']
[1.599s] Level 1:colcon.colcon_core.package_identification:_identify(src/f1tenth_system/vesc/vesc) by extension 'colcon_pkg'
[1.599s] Level 1:colcon.colcon_core.package_identification:_identify(src/f1tenth_system/vesc/vesc) by extensions ['colcon_meta']
[1.599s] Level 1:colcon.colcon_core.package_identification:_identify(src/f1tenth_system/vesc/vesc) by extension 'colcon_meta'
[1.600s] Level 1:colcon.colcon_core.package_identification:_identify(src/f1tenth_system/vesc/vesc) by extensions ['ros']
[1.600s] Level 1:colcon.colcon_core.package_identification:_identify(src/f1tenth_system/vesc/vesc) by extension 'ros'
[1.602s] DEBUG:colcon.colcon_core.package_identification:Package 'src/f1tenth_system/vesc/vesc' with type 'ros.ament_cmake' and name 'vesc'
[1.603s] Level 1:colcon.colcon_core.package_identification:_identify(src/f1tenth_system/vesc/vesc_ackermann) by extensions ['ignore', 'ignore_ament_install']
[1.604s] Level 1:colcon.colcon_core.package_identification:_identify(src/f1tenth_system/vesc/vesc_ackermann) by extension 'ignore'
[1.604s] Level 1:colcon.colcon_core.package_identification:_identify(src/f1tenth_system/vesc/vesc_ackermann) by extension 'ignore_ament_install'
[1.604s] Level 1:colcon.colcon_core.package_identification:_identify(src/f1tenth_system/vesc/vesc_ackermann) by extensions ['colcon_pkg']
[1.605s] Level 1:colcon.colcon_core.package_identification:_identify(src/f1tenth_system/vesc/vesc_ackermann) by extension 'colcon_pkg'
[1.605s] Level 1:colcon.colcon_core.package_identification:_identify(src/f1tenth_system/vesc/vesc_ackermann) by extensions ['colcon_meta']
[1.605s] Level 1:colcon.colcon_core.package_identification:_identify(src/f1tenth_system/vesc/vesc_ackermann) by extension 'colcon_meta'
[1.605s] Level 1:colcon.colcon_core.package_identification:_identify(src/f1tenth_system/vesc/vesc_ackermann) by extensions ['ros']
[1.605s] Level 1:colcon.colcon_core.package_identification:_identify(src/f1tenth_system/vesc/vesc_ackermann) by extension 'ros'
[1.610s] DEBUG:colcon.colcon_core.package_identification:Package 'src/f1tenth_system/vesc/vesc_ackermann' with type 'ros.ament_cmake' and name 'vesc_ackermann'
[1.611s] Level 1:colcon.colcon_core.package_identification:_identify(src/f1tenth_system/vesc/vesc_driver) by extensions ['ignore', 'ignore_ament_install']
[1.611s] Level 1:colcon.colcon_core.package_identification:_identify(src/f1tenth_system/vesc/vesc_driver) by extension 'ignore'
[1.612s] Level 1:colcon.colcon_core.package_identification:_identify(src/f1tenth_system/vesc/vesc_driver) by extension 'ignore_ament_install'
[1.612s] Level 1:colcon.colcon_core.package_identification:_identify(src/f1tenth_system/vesc/vesc_driver) by extensions ['colcon_pkg']
[1.612s] Level 1:colcon.colcon_core.package_identification:_identify(src/f1tenth_system/vesc/vesc_driver) by extension 'colcon_pkg'
[1.612s] Level 1:colcon.colcon_core.package_identification:_identify(src/f1tenth_system/vesc/vesc_driver) by extensions ['colcon_meta']
[1.612s] Level 1:colcon.colcon_core.package_identification:_identify(src/f1tenth_system/vesc/vesc_driver) by extension 'colcon_meta'
[1.613s] Level 1:colcon.colcon_core.package_identification:_identify(src/f1tenth_system/vesc/vesc_driver) by extensions ['ros']
[1.613s] Level 1:colcon.colcon_core.package_identification:_identify(src/f1tenth_system/vesc/vesc_driver) by extension 'ros'
[1.617s] DEBUG:colcon.colcon_core.package_identification:Package 'src/f1tenth_system/vesc/vesc_driver' with type 'ros.ament_cmake' and name 'vesc_driver'
[1.618s] Level 1:colcon.colcon_core.package_identification:_identify(src/f1tenth_system/vesc/vesc_msgs) by extensions ['ignore', 'ignore_ament_install']
[1.618s] Level 1:colcon.colcon_core.package_identification:_identify(src/f1tenth_system/vesc/vesc_msgs) by extension 'ignore'
[1.619s] Level 1:colcon.colcon_core.package_identification:_identify(src/f1tenth_system/vesc/vesc_msgs) by extension 'ignore_ament_install'
[1.619s] Level 1:colcon.colcon_core.package_identification:_identify(src/f1tenth_system/vesc/vesc_msgs) by extensions ['colcon_pkg']
[1.619s] Level 1:colcon.colcon_core.package_identification:_identify(src/f1tenth_system/vesc/vesc_msgs) by extension 'colcon_pkg'
[1.619s] Level 1:colcon.colcon_core.package_identification:_identify(src/f1tenth_system/vesc/vesc_msgs) by extensions ['colcon_meta']
[1.619s] Level 1:colcon.colcon_core.package_identification:_identify(src/f1tenth_system/vesc/vesc_msgs) by extension 'colcon_meta'
[1.620s] Level 1:colcon.colcon_core.package_identification:_identify(src/f1tenth_system/vesc/vesc_msgs) by extensions ['ros']
[1.620s] Level 1:colcon.colcon_core.package_identification:_identify(src/f1tenth_system/vesc/vesc_msgs) by extension 'ros'
[1.626s] DEBUG:colcon.colcon_core.package_identification:Package 'src/f1tenth_system/vesc/vesc_msgs' with type 'ros.ament_cmake' and name 'vesc_msgs'
[1.627s] Level 1:colcon.colcon_core.package_discovery:discover_packages(recursive) using defaults
[1.627s] Level 1:colcon.colcon_core.package_discovery:discover_packages(ignore) discover
[1.627s] Level 1:colcon.colcon_core.package_discovery:discover_packages(ignore) using defaults
[1.627s] Level 1:colcon.colcon_core.package_discovery:discover_packages(path) discover
[1.627s] Level 1:colcon.colcon_core.package_discovery:discover_packages(path) using defaults
[1.708s] Level 1:colcon.colcon_core.package_discovery:discover_packages(prefix_path) check parameters
[1.708s] Level 1:colcon.colcon_core.package_discovery:discover_packages(prefix_path) discover
[1.720s] DEBUG:colcon.colcon_installed_package_information.package_discovery:Found 11 installed packages in /home/coche/coche_ws/install
[1.727s] DEBUG:colcon.colcon_installed_package_information.package_discovery:Found 278 installed packages in /opt/ros/foxy
[1.734s] Level 1:colcon.colcon_core.package_discovery:discover_packages(prefix_path) using defaults
[2.042s] Level 5:colcon.colcon_core.verb:set package 'ackermann_mux' build argument 'cmake_args' from command line to 'None'
[2.042s] Level 5:colcon.colcon_core.verb:set package 'ackermann_mux' build argument 'cmake_target' from command line to 'None'
[2.042s] Level 5:colcon.colcon_core.verb:set package 'ackermann_mux' build argument 'cmake_target_skip_unavailable' from command line to 'False'
[2.043s] Level 5:colcon.colcon_core.verb:set package 'ackermann_mux' build argument 'cmake_clean_cache' from command line to 'False'
[2.043s] Level 5:colcon.colcon_core.verb:set package 'ackermann_mux' build argument 'cmake_clean_first' from command line to 'False'
[2.043s] Level 5:colcon.colcon_core.verb:set package 'ackermann_mux' build argument 'cmake_force_configure' from command line to 'False'
[2.043s] Level 5:colcon.colcon_core.verb:set package 'ackermann_mux' build argument 'ament_cmake_args' from command line to 'None'
[2.043s] Level 5:colcon.colcon_core.verb:set package 'ackermann_mux' build argument 'catkin_cmake_args' from command line to 'None'
[2.043s] Level 5:colcon.colcon_core.verb:set package 'ackermann_mux' build argument 'catkin_skip_building_tests' from command line to 'False'
[2.044s] DEBUG:colcon.colcon_core.verb:Building package 'ackermann_mux' with the following arguments: {'ament_cmake_args': None, 'build_base': '/home/coche/coche_ws/build/ackermann_mux', 'catkin_cmake_args': None, 'catkin_skip_building_tests': False, 'cmake_args': None, 'cmake_clean_cache': False, 'cmake_clean_first': False, 'cmake_force_configure': False, 'cmake_target': None, 'cmake_target_skip_unavailable': False, 'install_base': '/home/coche/coche_ws/install/ackermann_mux', 'merge_install': False, 'path': '/home/coche/coche_ws/src/f1tenth_system/ackermann_mux', 'symlink_install': False, 'test_result_base': None}
[2.045s] Level 5:colcon.colcon_core.verb:set package 'key_teleop' build argument 'cmake_args' from command line to 'None'
[2.045s] Level 5:colcon.colcon_core.verb:set package 'key_teleop' build argument 'cmake_target' from command line to 'None'
[2.045s] Level 5:colcon.colcon_core.verb:set package 'key_teleop' build argument 'cmake_target_skip_unavailable' from command line to 'False'
[2.046s] Level 5:colcon.colcon_core.verb:set package 'key_teleop' build argument 'cmake_clean_cache' from command line to 'False'
[2.046s] Level 5:colcon.colcon_core.verb:set package 'key_teleop' build argument 'cmake_clean_first' from command line to 'False'
[2.046s] Level 5:colcon.colcon_core.verb:set package 'key_teleop' build argument 'cmake_force_configure' from command line to 'False'
[2.046s] Level 5:colcon.colcon_core.verb:set package 'key_teleop' build argument 'ament_cmake_args' from command line to 'None'
[2.046s] Level 5:colcon.colcon_core.verb:set package 'key_teleop' build argument 'catkin_cmake_args' from command line to 'None'
[2.046s] Level 5:colcon.colcon_core.verb:set package 'key_teleop' build argument 'catkin_skip_building_tests' from command line to 'False'
[2.046s] DEBUG:colcon.colcon_core.verb:Building package 'key_teleop' with the following arguments: {'ament_cmake_args': None, 'build_base': '/home/coche/coche_ws/build/key_teleop', 'catkin_cmake_args': None, 'catkin_skip_building_tests': False, 'cmake_args': None, 'cmake_clean_cache': False, 'cmake_clean_first': False, 'cmake_force_configure': False, 'cmake_target': None, 'cmake_target_skip_unavailable': False, 'install_base': '/home/coche/coche_ws/install/key_teleop', 'merge_install': False, 'path': '/home/coche/coche_ws/src/f1tenth_system/teleop_tools/key_teleop', 'symlink_install': False, 'test_result_base': None}
[2.048s] Level 5:colcon.colcon_core.verb:set package 'mouse_teleop' build argument 'cmake_args' from command line to 'None'
[2.048s] Level 5:colcon.colcon_core.verb:set package 'mouse_teleop' build argument 'cmake_target' from command line to 'None'
[2.048s] Level 5:colcon.colcon_core.verb:set package 'mouse_teleop' build argument 'cmake_target_skip_unavailable' from command line to 'False'
[2.048s] Level 5:colcon.colcon_core.verb:set package 'mouse_teleop' build argument 'cmake_clean_cache' from command line to 'False'
[2.048s] Level 5:colcon.colcon_core.verb:set package 'mouse_teleop' build argument 'cmake_clean_first' from command line to 'False'
[2.048s] Level 5:colcon.colcon_core.verb:set package 'mouse_teleop' build argument 'cmake_force_configure' from command line to 'False'
[2.048s] Level 5:colcon.colcon_core.verb:set package 'mouse_teleop' build argument 'ament_cmake_args' from command line to 'None'
[2.049s] Level 5:colcon.colcon_core.verb:set package 'mouse_teleop' build argument 'catkin_cmake_args' from command line to 'None'
[2.049s] Level 5:colcon.colcon_core.verb:set package 'mouse_teleop' build argument 'catkin_skip_building_tests' from command line to 'False'
[2.049s] DEBUG:colcon.colcon_core.verb:Building package 'mouse_teleop' with the following arguments: {'ament_cmake_args': None, 'build_base': '/home/coche/coche_ws/build/mouse_teleop', 'catkin_cmake_args': None, 'catkin_skip_building_tests': False, 'cmake_args': None, 'cmake_clean_cache': False, 'cmake_clean_first': False, 'cmake_force_configure': False, 'cmake_target': None, 'cmake_target_skip_unavailable': False, 'install_base': '/home/coche/coche_ws/install/mouse_teleop', 'merge_install': False, 'path': '/home/coche/coche_ws/src/f1tenth_system/teleop_tools/mouse_teleop', 'symlink_install': False, 'test_result_base': None}
[2.050s] Level 5:colcon.colcon_core.verb:set package 'teleop_tools_msgs' build argument 'cmake_args' from command line to 'None'
[2.050s] Level 5:colcon.colcon_core.verb:set package 'teleop_tools_msgs' build argument 'cmake_target' from command line to 'None'
[2.051s] Level 5:colcon.colcon_core.verb:set package 'teleop_tools_msgs' build argument 'cmake_target_skip_unavailable' from command line to 'False'
[2.051s] Level 5:colcon.colcon_core.verb:set package 'teleop_tools_msgs' build argument 'cmake_clean_cache' from command line to 'False'
[2.051s] Level 5:colcon.colcon_core.verb:set package 'teleop_tools_msgs' build argument 'cmake_clean_first' from command line to 'False'
[2.051s] Level 5:colcon.colcon_core.verb:set package 'teleop_tools_msgs' build argument 'cmake_force_configure' from command line to 'False'
[2.051s] Level 5:colcon.colcon_core.verb:set package 'teleop_tools_msgs' build argument 'ament_cmake_args' from command line to 'None'
[2.051s] Level 5:colcon.colcon_core.verb:set package 'teleop_tools_msgs' build argument 'catkin_cmake_args' from command line to 'None'
[2.051s] Level 5:colcon.colcon_core.verb:set package 'teleop_tools_msgs' build argument 'catkin_skip_building_tests' from command line to 'False'
[2.051s] DEBUG:colcon.colcon_core.verb:Building package 'teleop_tools_msgs' with the following arguments: {'ament_cmake_args': None, 'build_base': '/home/coche/coche_ws/build/teleop_tools_msgs', 'catkin_cmake_args': None, 'catkin_skip_building_tests': False, 'cmake_args': None, 'cmake_clean_cache': False, 'cmake_clean_first': False, 'cmake_force_configure': False, 'cmake_target': None, 'cmake_target_skip_unavailable': False, 'install_base': '/home/coche/coche_ws/install/teleop_tools_msgs', 'merge_install': False, 'path': '/home/coche/coche_ws/src/f1tenth_system/teleop_tools/teleop_tools_msgs', 'symlink_install': False, 'test_result_base': None}
[2.053s] Level 5:colcon.colcon_core.verb:set package 'vesc_msgs' build argument 'cmake_args' from command line to 'None'
[2.053s] Level 5:colcon.colcon_core.verb:set package 'vesc_msgs' build argument 'cmake_target' from command line to 'None'
[2.053s] Level 5:colcon.colcon_core.verb:set package 'vesc_msgs' build argument 'cmake_target_skip_unavailable' from command line to 'False'
[2.053s] Level 5:colcon.colcon_core.verb:set package 'vesc_msgs' build argument 'cmake_clean_cache' from command line to 'False'
[2.053s] Level 5:colcon.colcon_core.verb:set package 'vesc_msgs' build argument 'cmake_clean_first' from command line to 'False'
[2.054s] Level 5:colcon.colcon_core.verb:set package 'vesc_msgs' build argument 'cmake_force_configure' from command line to 'False'
[2.054s] Level 5:colcon.colcon_core.verb:set package 'vesc_msgs' build argument 'ament_cmake_args' from command line to 'None'
[2.054s] Level 5:colcon.colcon_core.verb:set package 'vesc_msgs' build argument 'catkin_cmake_args' from command line to 'None'
[2.054s] Level 5:colcon.colcon_core.verb:set package 'vesc_msgs' build argument 'catkin_skip_building_tests' from command line to 'False'
[2.054s] DEBUG:colcon.colcon_core.verb:Building package 'vesc_msgs' with the following arguments: {'ament_cmake_args': None, 'build_base': '/home/coche/coche_ws/build/vesc_msgs', 'catkin_cmake_args': None, 'catkin_skip_building_tests': False, 'cmake_args': None, 'cmake_clean_cache': False, 'cmake_clean_first': False, 'cmake_force_configure': False, 'cmake_target': None, 'cmake_target_skip_unavailable': False, 'install_base': '/home/coche/coche_ws/install/vesc_msgs', 'merge_install': False, 'path': '/home/coche/coche_ws/src/f1tenth_system/vesc/vesc_msgs', 'symlink_install': False, 'test_result_base': None}
[2.055s] Level 5:colcon.colcon_core.verb:set package 'joy_teleop' build argument 'cmake_args' from command line to 'None'
[2.056s] Level 5:colcon.colcon_core.verb:set package 'joy_teleop' build argument 'cmake_target' from command line to 'None'
[2.056s] Level 5:colcon.colcon_core.verb:set package 'joy_teleop' build argument 'cmake_target_skip_unavailable' from command line to 'False'
[2.056s] Level 5:colcon.colcon_core.verb:set package 'joy_teleop' build argument 'cmake_clean_cache' from command line to 'False'
[2.056s] Level 5:colcon.colcon_core.verb:set package 'joy_teleop' build argument 'cmake_clean_first' from command line to 'False'
[2.056s] Level 5:colcon.colcon_core.verb:set package 'joy_teleop' build argument 'cmake_force_configure' from command line to 'False'
[2.056s] Level 5:colcon.colcon_core.verb:set package 'joy_teleop' build argument 'ament_cmake_args' from command line to 'None'
[2.056s] Level 5:colcon.colcon_core.verb:set package 'joy_teleop' build argument 'catkin_cmake_args' from command line to 'None'
[2.056s] Level 5:colcon.colcon_core.verb:set package 'joy_teleop' build argument 'catkin_skip_building_tests' from command line to 'False'
[2.056s] DEBUG:colcon.colcon_core.verb:Building package 'joy_teleop' with the following arguments: {'ament_cmake_args': None, 'build_base': '/home/coche/coche_ws/build/joy_teleop', 'catkin_cmake_args': None, 'catkin_skip_building_tests': False, 'cmake_args': None, 'cmake_clean_cache': False, 'cmake_clean_first': False, 'cmake_force_configure': False, 'cmake_target': None, 'cmake_target_skip_unavailable': False, 'install_base': '/home/coche/coche_ws/install/joy_teleop', 'merge_install': False, 'path': '/home/coche/coche_ws/src/f1tenth_system/teleop_tools/joy_teleop', 'symlink_install': False, 'test_result_base': None}
[2.058s] Level 5:colcon.colcon_core.verb:set package 'vesc_ackermann' build argument 'cmake_args' from command line to 'None'
[2.058s] Level 5:colcon.colcon_core.verb:set package 'vesc_ackermann' build argument 'cmake_target' from command line to 'None'
[2.058s] Level 5:colcon.colcon_core.verb:set package 'vesc_ackermann' build argument 'cmake_target_skip_unavailable' from command line to 'False'
[2.058s] Level 5:colcon.colcon_core.verb:set package 'vesc_ackermann' build argument 'cmake_clean_cache' from command line to 'False'
[2.058s] Level 5:colcon.colcon_core.verb:set package 'vesc_ackermann' build argument 'cmake_clean_first' from command line to 'False'
[2.058s] Level 5:colcon.colcon_core.verb:set package 'vesc_ackermann' build argument 'cmake_force_configure' from command line to 'False'
[2.059s] Level 5:colcon.colcon_core.verb:set package 'vesc_ackermann' build argument 'ament_cmake_args' from command line to 'None'
[2.059s] Level 5:colcon.colcon_core.verb:set package 'vesc_ackermann' build argument 'catkin_cmake_args' from command line to 'None'
[2.059s] Level 5:colcon.colcon_core.verb:set package 'vesc_ackermann' build argument 'catkin_skip_building_tests' from command line to 'False'
[2.059s] DEBUG:colcon.colcon_core.verb:Building package 'vesc_ackermann' with the following arguments: {'ament_cmake_args': None, 'build_base': '/home/coche/coche_ws/build/vesc_ackermann', 'catkin_cmake_args': None, 'catkin_skip_building_tests': False, 'cmake_args': None, 'cmake_clean_cache': False, 'cmake_clean_first': False, 'cmake_force_configure': False, 'cmake_target': None, 'cmake_target_skip_unavailable': False, 'install_base': '/home/coche/coche_ws/install/vesc_ackermann', 'merge_install': False, 'path': '/home/coche/coche_ws/src/f1tenth_system/vesc/vesc_ackermann', 'symlink_install': False, 'test_result_base': None}
[2.060s] Level 5:colcon.colcon_core.verb:set package 'vesc_driver' build argument 'cmake_args' from command line to 'None'
[2.060s] Level 5:colcon.colcon_core.verb:set package 'vesc_driver' build argument 'cmake_target' from command line to 'None'
[2.061s] Level 5:colcon.colcon_core.verb:set package 'vesc_driver' build argument 'cmake_target_skip_unavailable' from command line to 'False'
[2.061s] Level 5:colcon.colcon_core.verb:set package 'vesc_driver' build argument 'cmake_clean_cache' from command line to 'False'
[2.061s] Level 5:colcon.colcon_core.verb:set package 'vesc_driver' build argument 'cmake_clean_first' from command line to 'False'
[2.061s] Level 5:colcon.colcon_core.verb:set package 'vesc_driver' build argument 'cmake_force_configure' from command line to 'False'
[2.061s] Level 5:colcon.colcon_core.verb:set package 'vesc_driver' build argument 'ament_cmake_args' from command line to 'None'
[2.061s] Level 5:colcon.colcon_core.verb:set package 'vesc_driver' build argument 'catkin_cmake_args' from command line to 'None'
[2.061s] Level 5:colcon.colcon_core.verb:set package 'vesc_driver' build argument 'catkin_skip_building_tests' from command line to 'False'
[2.061s] DEBUG:colcon.colcon_core.verb:Building package 'vesc_driver' with the following arguments: {'ament_cmake_args': None, 'build_base': '/home/coche/coche_ws/build/vesc_driver', 'catkin_cmake_args': None, 'catkin_skip_building_tests': False, 'cmake_args': None, 'cmake_clean_cache': False, 'cmake_clean_first': False, 'cmake_force_configure': False, 'cmake_target': None, 'cmake_target_skip_unavailable': False, 'install_base': '/home/coche/coche_ws/install/vesc_driver', 'merge_install': False, 'path': '/home/coche/coche_ws/src/f1tenth_system/vesc/vesc_driver', 'symlink_install': False, 'test_result_base': None}
[2.063s] Level 5:colcon.colcon_core.verb:set package 'teleop_tools' build argument 'cmake_args' from command line to 'None'
[2.063s] Level 5:colcon.colcon_core.verb:set package 'teleop_tools' build argument 'cmake_target' from command line to 'None'
[2.063s] Level 5:colcon.colcon_core.verb:set package 'teleop_tools' build argument 'cmake_target_skip_unavailable' from command line to 'False'
[2.063s] Level 5:colcon.colcon_core.verb:set package 'teleop_tools' build argument 'cmake_clean_cache' from command line to 'False'
[2.063s] Level 5:colcon.colcon_core.verb:set package 'teleop_tools' build argument 'cmake_clean_first' from command line to 'False'
[2.063s] Level 5:colcon.colcon_core.verb:set package 'teleop_tools' build argument 'cmake_force_configure' from command line to 'False'
[2.064s] Level 5:colcon.colcon_core.verb:set package 'teleop_tools' build argument 'ament_cmake_args' from command line to 'None'
[2.064s] Level 5:colcon.colcon_core.verb:set package 'teleop_tools' build argument 'catkin_cmake_args' from command line to 'None'
[2.064s] Level 5:colcon.colcon_core.verb:set package 'teleop_tools' build argument 'catkin_skip_building_tests' from command line to 'False'
[2.064s] DEBUG:colcon.colcon_core.verb:Building package 'teleop_tools' with the following arguments: {'ament_cmake_args': None, 'build_base': '/home/coche/coche_ws/build/teleop_tools', 'catkin_cmake_args': None, 'catkin_skip_building_tests': False, 'cmake_args': None, 'cmake_clean_cache': False, 'cmake_clean_first': False, 'cmake_force_configure': False, 'cmake_target': None, 'cmake_target_skip_unavailable': False, 'install_base': '/home/coche/coche_ws/install/teleop_tools', 'merge_install': False, 'path': '/home/coche/coche_ws/src/f1tenth_system/teleop_tools/teleop_tools', 'symlink_install': False, 'test_result_base': None}
[2.065s] Level 5:colcon.colcon_core.verb:set package 'vesc' build argument 'cmake_args' from command line to 'None'
[2.065s] Level 5:colcon.colcon_core.verb:set package 'vesc' build argument 'cmake_target' from command line to 'None'
[2.066s] Level 5:colcon.colcon_core.verb:set package 'vesc' build argument 'cmake_target_skip_unavailable' from command line to 'False'
[2.066s] Level 5:colcon.colcon_core.verb:set package 'vesc' build argument 'cmake_clean_cache' from command line to 'False'
[2.066s] Level 5:colcon.colcon_core.verb:set package 'vesc' build argument 'cmake_clean_first' from command line to 'False'
[2.066s] Level 5:colcon.colcon_core.verb:set package 'vesc' build argument 'cmake_force_configure' from command line to 'False'
[2.066s] Level 5:colcon.colcon_core.verb:set package 'vesc' build argument 'ament_cmake_args' from command line to 'None'
[2.066s] Level 5:colcon.colcon_core.verb:set package 'vesc' build argument 'catkin_cmake_args' from command line to 'None'
[2.066s] Level 5:colcon.colcon_core.verb:set package 'vesc' build argument 'catkin_skip_building_tests' from command line to 'False'
[2.066s] DEBUG:colcon.colcon_core.verb:Building package 'vesc' with the following arguments: {'ament_cmake_args': None, 'build_base': '/home/coche/coche_ws/build/vesc', 'catkin_cmake_args': None, 'catkin_skip_building_tests': False, 'cmake_args': None, 'cmake_clean_cache': False, 'cmake_clean_first': False, 'cmake_force_configure': False, 'cmake_target': None, 'cmake_target_skip_unavailable': False, 'install_base': '/home/coche/coche_ws/install/vesc', 'merge_install': False, 'path': '/home/coche/coche_ws/src/f1tenth_system/vesc/vesc', 'symlink_install': False, 'test_result_base': None}
[2.068s] Level 5:colcon.colcon_core.verb:set package 'f1tenth_stack' build argument 'cmake_args' from command line to 'None'
[2.068s] Level 5:colcon.colcon_core.verb:set package 'f1tenth_stack' build argument 'cmake_target' from command line to 'None'
[2.068s] Level 5:colcon.colcon_core.verb:set package 'f1tenth_stack' build argument 'cmake_target_skip_unavailable' from command line to 'False'
[2.068s] Level 5:colcon.colcon_core.verb:set package 'f1tenth_stack' build argument 'cmake_clean_cache' from command line to 'False'
[2.068s] Level 5:colcon.colcon_core.verb:set package 'f1tenth_stack' build argument 'cmake_clean_first' from command line to 'False'
[2.068s] Level 5:colcon.colcon_core.verb:set package 'f1tenth_stack' build argument 'cmake_force_configure' from command line to 'False'
[2.069s] Level 5:colcon.colcon_core.verb:set package 'f1tenth_stack' build argument 'ament_cmake_args' from command line to 'None'
[2.069s] Level 5:colcon.colcon_core.verb:set package 'f1tenth_stack' build argument 'catkin_cmake_args' from command line to 'None'
[2.069s] Level 5:colcon.colcon_core.verb:set package 'f1tenth_stack' build argument 'catkin_skip_building_tests' from command line to 'False'
[2.069s] DEBUG:colcon.colcon_core.verb:Building package 'f1tenth_stack' with the following arguments: {'ament_cmake_args': None, 'build_base': '/home/coche/coche_ws/build/f1tenth_stack', 'catkin_cmake_args': None, 'catkin_skip_building_tests': False, 'cmake_args': None, 'cmake_clean_cache': False, 'cmake_clean_first': False, 'cmake_force_configure': False, 'cmake_target': None, 'cmake_target_skip_unavailable': False, 'install_base': '/home/coche/coche_ws/install/f1tenth_stack', 'merge_install': False, 'path': '/home/coche/coche_ws/src/f1tenth_system/f1tenth_stack', 'symlink_install': False, 'test_result_base': None}
[2.069s] INFO:colcon.colcon_core.executor:Executing jobs using 'parallel' executor
[2.074s] DEBUG:colcon.colcon_parallel_executor.executor.parallel:run_until_complete
[2.075s] INFO:colcon.colcon_ros.task.ament_cmake.build:Building ROS package in '/home/coche/coche_ws/src/f1tenth_system/vesc/vesc_msgs' with build type 'ament_cmake'
[2.076s] INFO:colcon.colcon_cmake.task.cmake.build:Building CMake package in '/home/coche/coche_ws/src/f1tenth_system/vesc/vesc_msgs'
[2.089s] INFO:colcon.colcon_core.plugin_system:Skipping extension 'colcon_core.shell.bat': Not used on non-Windows systems
[2.090s] INFO:colcon.colcon_core.shell:Skip shell extension 'powershell' for command environment: Not usable outside of PowerShell
[2.090s] DEBUG:colcon.colcon_core.shell:Skip shell extension 'dsv' for command environment
[2.117s] INFO:colcon.colcon_ros.task.ament_cmake.build:Building ROS package in '/home/coche/coche_ws/src/f1tenth_system/teleop_tools/teleop_tools_msgs' with build type 'ament_cmake'
[2.120s] INFO:colcon.colcon_cmake.task.cmake.build:Building CMake package in '/home/coche/coche_ws/src/f1tenth_system/teleop_tools/teleop_tools_msgs'
[2.123s] INFO:colcon.colcon_core.shell:Skip shell extension 'powershell' for command environment: Not usable outside of PowerShell
[2.124s] DEBUG:colcon.colcon_core.shell:Skip shell extension 'dsv' for command environment
[2.155s] INFO:colcon.colcon_ros.task.ament_cmake.build:Building ROS package in '/home/coche/coche_ws/src/f1tenth_system/ackermann_mux' with build type 'ament_cmake'
[2.159s] INFO:colcon.colcon_cmake.task.cmake.build:Building CMake package in '/home/coche/coche_ws/src/f1tenth_system/ackermann_mux'
[2.162s] INFO:colcon.colcon_core.shell:Skip shell extension 'powershell' for command environment: Not usable outside of PowerShell
[2.163s] DEBUG:colcon.colcon_core.shell:Skip shell extension 'dsv' for command environment
[2.197s] INFO:colcon.colcon_ros.task.ament_python.build:Building ROS package in '/home/coche/coche_ws/src/f1tenth_system/teleop_tools/key_teleop' with build type 'ament_python'
[2.201s] Level 1:colcon.colcon_core.shell:create_environment_hook('key_teleop', 'ament_prefix_path')
[2.205s] INFO:colcon.colcon_core.shell:Creating environment hook '/home/coche/coche_ws/install/key_teleop/share/key_teleop/hook/ament_prefix_path.ps1'
[2.211s] INFO:colcon.colcon_core.shell:Creating environment descriptor '/home/coche/coche_ws/install/key_teleop/share/key_teleop/hook/ament_prefix_path.dsv'
[2.213s] INFO:colcon.colcon_core.shell:Creating environment hook '/home/coche/coche_ws/install/key_teleop/share/key_teleop/hook/ament_prefix_path.sh'
[2.217s] INFO:colcon.colcon_core.shell:Skip shell extension 'powershell' for command environment: Not usable outside of PowerShell
[2.217s] DEBUG:colcon.colcon_core.shell:Skip shell extension 'dsv' for command environment
[2.272s] DEBUG:colcon.colcon_core.event_handler.log_command:Invoking command in '/home/coche/coche_ws/build/vesc_msgs': CMAKE_PREFIX_PATH=${CMAKE_PREFIX_PATH}:/home/coche/coche_ws/install/f1tenth_stack:/home/coche/coche_ws/install/joy_teleop:/home/coche/coche_ws/install/mouse_teleop:/home/coche/coche_ws/install/key_teleop:/opt/ros/foxy /usr/bin/cmake --build /home/coche/coche_ws/build/vesc_msgs -- -j4 -l4
[2.314s] DEBUG:colcon.colcon_core.event_handler.log_command:Invoking command in '/home/coche/coche_ws/build/teleop_tools_msgs': CMAKE_PREFIX_PATH=${CMAKE_PREFIX_PATH}:/home/coche/coche_ws/install/f1tenth_stack:/home/coche/coche_ws/install/joy_teleop:/home/coche/coche_ws/install/mouse_teleop:/home/coche/coche_ws/install/key_teleop:/opt/ros/foxy /usr/bin/cmake --build /home/coche/coche_ws/build/teleop_tools_msgs -- -j4 -l4
[2.349s] DEBUG:colcon.colcon_core.event_handler.log_command:Invoking command in '/home/coche/coche_ws/build/ackermann_mux': CMAKE_PREFIX_PATH=${CMAKE_PREFIX_PATH}:/home/coche/coche_ws/install/f1tenth_stack:/home/coche/coche_ws/install/joy_teleop:/home/coche/coche_ws/install/mouse_teleop:/home/coche/coche_ws/install/key_teleop:/opt/ros/foxy /usr/bin/cmake --build /home/coche/coche_ws/build/ackermann_mux -- -j4 -l4
[3.786s] INFO:colcon.colcon_core.task.python.build:Building Python package in '/home/coche/coche_ws/src/f1tenth_system/teleop_tools/key_teleop'
[3.790s] INFO:colcon.colcon_core.shell:Skip shell extension 'powershell' for command environment: Not usable outside of PowerShell
[3.790s] DEBUG:colcon.colcon_core.shell:Skip shell extension 'dsv' for command environment
[4.023s] DEBUG:colcon.colcon_core.event_handler.log_command:Invoked command in '/home/coche/coche_ws/build/ackermann_mux' returned '0': CMAKE_PREFIX_PATH=${CMAKE_PREFIX_PATH}:/home/coche/coche_ws/install/f1tenth_stack:/home/coche/coche_ws/install/joy_teleop:/home/coche/coche_ws/install/mouse_teleop:/home/coche/coche_ws/install/key_teleop:/opt/ros/foxy /usr/bin/cmake --build /home/coche/coche_ws/build/ackermann_mux -- -j4 -l4
[4.026s] DEBUG:colcon.colcon_core.event_handler.log_command:Invoked command in '/home/coche/coche_ws/build/teleop_tools_msgs' returned '0': CMAKE_PREFIX_PATH=${CMAKE_PREFIX_PATH}:/home/coche/coche_ws/install/f1tenth_stack:/home/coche/coche_ws/install/joy_teleop:/home/coche/coche_ws/install/mouse_teleop:/home/coche/coche_ws/install/key_teleop:/opt/ros/foxy /usr/bin/cmake --build /home/coche/coche_ws/build/teleop_tools_msgs -- -j4 -l4
[4.037s] DEBUG:colcon.colcon_core.event_handler.log_command:Invoked command in '/home/coche/coche_ws/build/vesc_msgs' returned '0': CMAKE_PREFIX_PATH=${CMAKE_PREFIX_PATH}:/home/coche/coche_ws/install/f1tenth_stack:/home/coche/coche_ws/install/joy_teleop:/home/coche/coche_ws/install/mouse_teleop:/home/coche/coche_ws/install/key_teleop:/opt/ros/foxy /usr/bin/cmake --build /home/coche/coche_ws/build/vesc_msgs -- -j4 -l4
[4.197s] DEBUG:colcon.colcon_core.event_handler.log_command:Invoking command in '/home/coche/coche_ws/build/ackermann_mux': CMAKE_PREFIX_PATH=${CMAKE_PREFIX_PATH}:/home/coche/coche_ws/install/f1tenth_stack:/home/coche/coche_ws/install/joy_teleop:/home/coche/coche_ws/install/mouse_teleop:/home/coche/coche_ws/install/key_teleop:/opt/ros/foxy /usr/bin/cmake --install /home/coche/coche_ws/build/ackermann_mux
[4.298s] Level 1:colcon.colcon_core.environment:create_environment_scripts_only(ackermann_mux)
[4.302s] DEBUG:colcon.colcon_core.event_handler.log_command:Invoked command in '/home/coche/coche_ws/build/ackermann_mux' returned '0': CMAKE_PREFIX_PATH=${CMAKE_PREFIX_PATH}:/home/coche/coche_ws/install/f1tenth_stack:/home/coche/coche_ws/install/joy_teleop:/home/coche/coche_ws/install/mouse_teleop:/home/coche/coche_ws/install/key_teleop:/opt/ros/foxy /usr/bin/cmake --install /home/coche/coche_ws/build/ackermann_mux
[4.323s] Level 1:colcon.colcon_core.environment:checking '/home/coche/coche_ws/install/ackermann_mux' for CMake module files
[4.326s] Level 1:colcon.colcon_core.environment:checking '/home/coche/coche_ws/install/ackermann_mux' for CMake config files
[4.329s] Level 1:colcon.colcon_core.shell:create_environment_hook('ackermann_mux', 'cmake_prefix_path')
[4.331s] INFO:colcon.colcon_core.shell:Creating environment hook '/home/coche/coche_ws/install/ackermann_mux/share/ackermann_mux/hook/cmake_prefix_path.ps1'
[4.335s] INFO:colcon.colcon_core.shell:Creating environment descriptor '/home/coche/coche_ws/install/ackermann_mux/share/ackermann_mux/hook/cmake_prefix_path.dsv'
[4.338s] INFO:colcon.colcon_core.shell:Creating environment hook '/home/coche/coche_ws/install/ackermann_mux/share/ackermann_mux/hook/cmake_prefix_path.sh'
[4.343s] Level 1:colcon.colcon_core.environment:checking '/home/coche/coche_ws/install/ackermann_mux/lib'
[4.344s] Level 1:colcon.colcon_core.environment:checking '/home/coche/coche_ws/install/ackermann_mux/bin'
[4.345s] Level 1:colcon.colcon_core.environment:checking '/home/coche/coche_ws/install/ackermann_mux/lib/pkgconfig/ackermann_mux.pc'
[4.346s] Level 1:colcon.colcon_core.environment:checking '/home/coche/coche_ws/install/ackermann_mux/lib/python3.8/site-packages'
[4.347s] Level 1:colcon.colcon_core.environment:checking '/home/coche/coche_ws/install/ackermann_mux/bin'
[4.348s] INFO:colcon.colcon_core.shell:Creating package script '/home/coche/coche_ws/install/ackermann_mux/share/ackermann_mux/package.ps1'
[4.353s] INFO:colcon.colcon_core.shell:Creating package descriptor '/home/coche/coche_ws/install/ackermann_mux/share/ackermann_mux/package.dsv'
[4.356s] INFO:colcon.colcon_core.shell:Creating package script '/home/coche/coche_ws/install/ackermann_mux/share/ackermann_mux/package.sh'
[4.360s] INFO:colcon.colcon_core.shell:Creating package script '/home/coche/coche_ws/install/ackermann_mux/share/ackermann_mux/package.bash'
[4.364s] INFO:colcon.colcon_core.shell:Creating package script '/home/coche/coche_ws/install/ackermann_mux/share/ackermann_mux/package.zsh'
[4.368s] Level 1:colcon.colcon_core.environment:create_file_with_runtime_dependencies(/home/coche/coche_ws/install/ackermann_mux/share/colcon-core/packages/ackermann_mux)
[4.403s] DEBUG:colcon.colcon_core.event_handler.log_command:Invoking command in '/home/coche/coche_ws/build/teleop_tools_msgs': CMAKE_PREFIX_PATH=${CMAKE_PREFIX_PATH}:/home/coche/coche_ws/install/f1tenth_stack:/home/coche/coche_ws/install/joy_teleop:/home/coche/coche_ws/install/mouse_teleop:/home/coche/coche_ws/install/key_teleop:/opt/ros/foxy /usr/bin/cmake --install /home/coche/coche_ws/build/teleop_tools_msgs
[4.570s] Level 1:colcon.colcon_core.environment:create_environment_scripts_only(ackermann_mux)
[4.572s] Level 1:colcon.colcon_core.environment:checking '/home/coche/coche_ws/install/ackermann_mux' for CMake module files
[4.575s] Level 1:colcon.colcon_core.environment:checking '/home/coche/coche_ws/install/ackermann_mux' for CMake config files
[4.577s] Level 1:colcon.colcon_core.shell:create_environment_hook('ackermann_mux', 'cmake_prefix_path')
[4.579s] INFO:colcon.colcon_core.shell:Creating environment hook '/home/coche/coche_ws/install/ackermann_mux/share/ackermann_mux/hook/cmake_prefix_path.ps1'
[4.581s] INFO:colcon.colcon_core.shell:Creating environment descriptor '/home/coche/coche_ws/install/ackermann_mux/share/ackermann_mux/hook/cmake_prefix_path.dsv'
[4.584s] INFO:colcon.colcon_core.shell:Creating environment hook '/home/coche/coche_ws/install/ackermann_mux/share/ackermann_mux/hook/cmake_prefix_path.sh'
[4.588s] Level 1:colcon.colcon_core.environment:checking '/home/coche/coche_ws/install/ackermann_mux/lib'
[4.588s] Level 1:colcon.colcon_core.environment:checking '/home/coche/coche_ws/install/ackermann_mux/bin'
[4.588s] Level 1:colcon.colcon_core.environment:checking '/home/coche/coche_ws/install/ackermann_mux/lib/pkgconfig/ackermann_mux.pc'
[4.590s] Level 1:colcon.colcon_core.environment:checking '/home/coche/coche_ws/install/ackermann_mux/lib/python3.8/site-packages'
[4.590s] Level 1:colcon.colcon_core.environment:checking '/home/coche/coche_ws/install/ackermann_mux/bin'
[4.592s] INFO:colcon.colcon_core.shell:Creating package script '/home/coche/coche_ws/install/ackermann_mux/share/ackermann_mux/package.ps1'
[4.594s] INFO:colcon.colcon_core.shell:Creating package descriptor '/home/coche/coche_ws/install/ackermann_mux/share/ackermann_mux/package.dsv'
[4.596s] INFO:colcon.colcon_core.shell:Creating package script '/home/coche/coche_ws/install/ackermann_mux/share/ackermann_mux/package.sh'
[4.598s] INFO:colcon.colcon_core.shell:Creating package script '/home/coche/coche_ws/install/ackermann_mux/share/ackermann_mux/package.bash'
[4.599s] INFO:colcon.colcon_core.shell:Creating package script '/home/coche/coche_ws/install/ackermann_mux/share/ackermann_mux/package.zsh'
[4.602s] Level 1:colcon.colcon_core.environment:create_file_with_runtime_dependencies(/home/coche/coche_ws/install/ackermann_mux/share/colcon-core/packages/ackermann_mux)
[4.607s] INFO:colcon.colcon_ros.task.ament_python.build:Building ROS package in '/home/coche/coche_ws/src/f1tenth_system/teleop_tools/mouse_teleop' with build type 'ament_python'
[4.609s] Level 1:colcon.colcon_core.shell:create_environment_hook('mouse_teleop', 'ament_prefix_path')
[4.610s] INFO:colcon.colcon_core.shell:Creating environment hook '/home/coche/coche_ws/install/mouse_teleop/share/mouse_teleop/hook/ament_prefix_path.ps1'
[4.611s] INFO:colcon.colcon_core.shell:Creating environment descriptor '/home/coche/coche_ws/install/mouse_teleop/share/mouse_teleop/hook/ament_prefix_path.dsv'
[4.613s] INFO:colcon.colcon_core.shell:Creating environment hook '/home/coche/coche_ws/install/mouse_teleop/share/mouse_teleop/hook/ament_prefix_path.sh'
[4.615s] INFO:colcon.colcon_core.shell:Skip shell extension 'powershell' for command environment: Not usable outside of PowerShell
[4.615s] DEBUG:colcon.colcon_core.shell:Skip shell extension 'dsv' for command environment
[5.674s] INFO:colcon.colcon_core.task.python.build:Building Python package in '/home/coche/coche_ws/src/f1tenth_system/teleop_tools/mouse_teleop'
[5.677s] INFO:colcon.colcon_core.shell:Skip shell extension 'powershell' for command environment: Not usable outside of PowerShell
[5.677s] DEBUG:colcon.colcon_core.shell:Skip shell extension 'dsv' for command environment
[5.714s] Level 1:colcon.colcon_core.environment:create_environment_scripts_only(teleop_tools_msgs)
[5.718s] Level 1:colcon.colcon_core.environment:checking '/home/coche/coche_ws/install/teleop_tools_msgs' for CMake module files
[5.721s] DEBUG:colcon.colcon_core.event_handler.log_command:Invoked command in '/home/coche/coche_ws/build/teleop_tools_msgs' returned '0': CMAKE_PREFIX_PATH=${CMAKE_PREFIX_PATH}:/home/coche/coche_ws/install/f1tenth_stack:/home/coche/coche_ws/install/joy_teleop:/home/coche/coche_ws/install/mouse_teleop:/home/coche/coche_ws/install/key_teleop:/opt/ros/foxy /usr/bin/cmake --install /home/coche/coche_ws/build/teleop_tools_msgs
[5.725s] Level 1:colcon.colcon_core.environment:checking '/home/coche/coche_ws/install/teleop_tools_msgs' for CMake config files
[5.728s] Level 1:colcon.colcon_core.shell:create_environment_hook('teleop_tools_msgs', 'cmake_prefix_path')
[5.729s] INFO:colcon.colcon_core.shell:Creating environment hook '/home/coche/coche_ws/install/teleop_tools_msgs/share/teleop_tools_msgs/hook/cmake_prefix_path.ps1'
[5.732s] INFO:colcon.colcon_core.shell:Creating environment descriptor '/home/coche/coche_ws/install/teleop_tools_msgs/share/teleop_tools_msgs/hook/cmake_prefix_path.dsv'
[5.734s] INFO:colcon.colcon_core.shell:Creating environment hook '/home/coche/coche_ws/install/teleop_tools_msgs/share/teleop_tools_msgs/hook/cmake_prefix_path.sh'
[5.738s] Level 1:colcon.colcon_core.environment:checking '/home/coche/coche_ws/install/teleop_tools_msgs/lib'
[5.738s] Level 1:colcon.colcon_core.shell:create_environment_hook('teleop_tools_msgs', 'ld_library_path_lib')
[5.739s] INFO:colcon.colcon_core.shell:Creating environment hook '/home/coche/coche_ws/install/teleop_tools_msgs/share/teleop_tools_msgs/hook/ld_library_path_lib.ps1'
[5.741s] INFO:colcon.colcon_core.shell:Creating environment descriptor '/home/coche/coche_ws/install/teleop_tools_msgs/share/teleop_tools_msgs/hook/ld_library_path_lib.dsv'
[5.742s] INFO:colcon.colcon_core.shell:Creating environment hook '/home/coche/coche_ws/install/teleop_tools_msgs/share/teleop_tools_msgs/hook/ld_library_path_lib.sh'
[5.744s] Level 1:colcon.colcon_core.environment:checking '/home/coche/coche_ws/install/teleop_tools_msgs/bin'
[5.744s] Level 1:colcon.colcon_core.environment:checking '/home/coche/coche_ws/install/teleop_tools_msgs/lib/pkgconfig/teleop_tools_msgs.pc'
[5.746s] Level 1:colcon.colcon_core.environment:checking '/home/coche/coche_ws/install/teleop_tools_msgs/lib/python3.8/site-packages'
[5.746s] Level 1:colcon.colcon_core.shell:create_environment_hook('teleop_tools_msgs', 'pythonpath')
[5.747s] INFO:colcon.colcon_core.shell:Creating environment hook '/home/coche/coche_ws/install/teleop_tools_msgs/share/teleop_tools_msgs/hook/pythonpath.ps1'
[5.749s] INFO:colcon.colcon_core.shell:Creating environment descriptor '/home/coche/coche_ws/install/teleop_tools_msgs/share/teleop_tools_msgs/hook/pythonpath.dsv'
[5.750s] INFO:colcon.colcon_core.shell:Creating environment hook '/home/coche/coche_ws/install/teleop_tools_msgs/share/teleop_tools_msgs/hook/pythonpath.sh'
[5.753s] Level 1:colcon.colcon_core.environment:checking '/home/coche/coche_ws/install/teleop_tools_msgs/bin'
[5.756s] INFO:colcon.colcon_core.shell:Creating package script '/home/coche/coche_ws/install/teleop_tools_msgs/share/teleop_tools_msgs/package.ps1'
[5.760s] INFO:colcon.colcon_core.shell:Creating package descriptor '/home/coche/coche_ws/install/teleop_tools_msgs/share/teleop_tools_msgs/package.dsv'
[5.762s] INFO:colcon.colcon_core.shell:Creating package script '/home/coche/coche_ws/install/teleop_tools_msgs/share/teleop_tools_msgs/package.sh'
[5.764s] INFO:colcon.colcon_core.shell:Creating package script '/home/coche/coche_ws/install/teleop_tools_msgs/share/teleop_tools_msgs/package.bash'
[5.766s] INFO:colcon.colcon_core.shell:Creating package script '/home/coche/coche_ws/install/teleop_tools_msgs/share/teleop_tools_msgs/package.zsh'
[5.767s] Level 1:colcon.colcon_core.environment:create_file_with_runtime_dependencies(/home/coche/coche_ws/install/teleop_tools_msgs/share/colcon-core/packages/teleop_tools_msgs)
[5.798s] DEBUG:colcon.colcon_core.event_handler.log_command:Invoking command in '/home/coche/coche_ws/build/vesc_msgs': CMAKE_PREFIX_PATH=${CMAKE_PREFIX_PATH}:/home/coche/coche_ws/install/f1tenth_stack:/home/coche/coche_ws/install/joy_teleop:/home/coche/coche_ws/install/mouse_teleop:/home/coche/coche_ws/install/key_teleop:/opt/ros/foxy /usr/bin/cmake --install /home/coche/coche_ws/build/vesc_msgs
[5.859s] DEBUG:colcon.colcon_core.event_handler.log_command:Invoking command in '/home/coche/coche_ws/src/f1tenth_system/teleop_tools/key_teleop': PYTHONPATH=/home/coche/coche_ws/build/key_teleop/prefix_override:/usr/lib/python3/dist-packages/colcon_core/task/python/colcon_distutils_commands:/home/coche/coche_ws/install/key_teleop/lib/python3.8/site-packages:${PYTHONPATH} /usr/bin/python3 -W ignore:setup.py install is deprecated setup.py egg_info --egg-base ../../../../build/key_teleop build --build-base /home/coche/coche_ws/build/key_teleop/build install --record /home/coche/coche_ws/build/key_teleop/install.log --install-scripts $base/lib/key_teleop --single-version-externally-managed install_data
[6.156s] Level 1:colcon.colcon_core.environment:create_environment_scripts_only(teleop_tools_msgs)
[6.158s] Level 1:colcon.colcon_core.environment:checking '/home/coche/coche_ws/install/teleop_tools_msgs' for CMake module files
[6.162s] Level 1:colcon.colcon_core.environment:checking '/home/coche/coche_ws/install/teleop_tools_msgs' for CMake config files
[6.165s] Level 1:colcon.colcon_core.shell:create_environment_hook('teleop_tools_msgs', 'cmake_prefix_path')
[6.166s] INFO:colcon.colcon_core.shell:Creating environment hook '/home/coche/coche_ws/install/teleop_tools_msgs/share/teleop_tools_msgs/hook/cmake_prefix_path.ps1'
[6.169s] INFO:colcon.colcon_core.shell:Creating environment descriptor '/home/coche/coche_ws/install/teleop_tools_msgs/share/teleop_tools_msgs/hook/cmake_prefix_path.dsv'
[6.170s] INFO:colcon.colcon_core.shell:Creating environment hook '/home/coche/coche_ws/install/teleop_tools_msgs/share/teleop_tools_msgs/hook/cmake_prefix_path.sh'
[6.173s] Level 1:colcon.colcon_core.environment:checking '/home/coche/coche_ws/install/teleop_tools_msgs/lib'
[6.174s] Level 1:colcon.colcon_core.shell:create_environment_hook('teleop_tools_msgs', 'ld_library_path_lib')
[6.175s] INFO:colcon.colcon_core.shell:Creating environment hook '/home/coche/coche_ws/install/teleop_tools_msgs/share/teleop_tools_msgs/hook/ld_library_path_lib.ps1'
[6.176s] INFO:colcon.colcon_core.shell:Creating environment descriptor '/home/coche/coche_ws/install/teleop_tools_msgs/share/teleop_tools_msgs/hook/ld_library_path_lib.dsv'
[6.178s] INFO:colcon.colcon_core.shell:Creating environment hook '/home/coche/coche_ws/install/teleop_tools_msgs/share/teleop_tools_msgs/hook/ld_library_path_lib.sh'
[6.180s] Level 1:colcon.colcon_core.environment:checking '/home/coche/coche_ws/install/teleop_tools_msgs/bin'
[6.180s] Level 1:colcon.colcon_core.environment:checking '/home/coche/coche_ws/install/teleop_tools_msgs/lib/pkgconfig/teleop_tools_msgs.pc'
[6.181s] Level 1:colcon.colcon_core.environment:checking '/home/coche/coche_ws/install/teleop_tools_msgs/lib/python3.8/site-packages'
[6.182s] Level 1:colcon.colcon_core.shell:create_environment_hook('teleop_tools_msgs', 'pythonpath')
[6.183s] INFO:colcon.colcon_core.shell:Creating environment hook '/home/coche/coche_ws/install/teleop_tools_msgs/share/teleop_tools_msgs/hook/pythonpath.ps1'
[6.184s] INFO:colcon.colcon_core.shell:Creating environment descriptor '/home/coche/coche_ws/install/teleop_tools_msgs/share/teleop_tools_msgs/hook/pythonpath.dsv'
[6.186s] INFO:colcon.colcon_core.shell:Creating environment hook '/home/coche/coche_ws/install/teleop_tools_msgs/share/teleop_tools_msgs/hook/pythonpath.sh'
[6.188s] Level 1:colcon.colcon_core.environment:checking '/home/coche/coche_ws/install/teleop_tools_msgs/bin'
[6.190s] INFO:colcon.colcon_core.shell:Creating package script '/home/coche/coche_ws/install/teleop_tools_msgs/share/teleop_tools_msgs/package.ps1'
[6.193s] INFO:colcon.colcon_core.shell:Creating package descriptor '/home/coche/coche_ws/install/teleop_tools_msgs/share/teleop_tools_msgs/package.dsv'
[6.195s] INFO:colcon.colcon_core.shell:Creating package script '/home/coche/coche_ws/install/teleop_tools_msgs/share/teleop_tools_msgs/package.sh'
[6.198s] INFO:colcon.colcon_core.shell:Creating package script '/home/coche/coche_ws/install/teleop_tools_msgs/share/teleop_tools_msgs/package.bash'
[6.200s] INFO:colcon.colcon_core.shell:Creating package script '/home/coche/coche_ws/install/teleop_tools_msgs/share/teleop_tools_msgs/package.zsh'
[6.201s] Level 1:colcon.colcon_core.environment:create_file_with_runtime_dependencies(/home/coche/coche_ws/install/teleop_tools_msgs/share/colcon-core/packages/teleop_tools_msgs)
[6.205s] INFO:colcon.colcon_ros.task.ament_python.build:Building ROS package in '/home/coche/coche_ws/src/f1tenth_system/teleop_tools/joy_teleop' with build type 'ament_python'
[6.206s] Level 1:colcon.colcon_core.shell:create_environment_hook('joy_teleop', 'ament_prefix_path')
[6.208s] INFO:colcon.colcon_core.shell:Creating environment hook '/home/coche/coche_ws/install/joy_teleop/share/joy_teleop/hook/ament_prefix_path.ps1'
[6.212s] INFO:colcon.colcon_core.shell:Creating environment descriptor '/home/coche/coche_ws/install/joy_teleop/share/joy_teleop/hook/ament_prefix_path.dsv'
[6.213s] INFO:colcon.colcon_core.shell:Creating environment hook '/home/coche/coche_ws/install/joy_teleop/share/joy_teleop/hook/ament_prefix_path.sh'
[6.216s] INFO:colcon.colcon_core.shell:Skip shell extension 'powershell' for command environment: Not usable outside of PowerShell
[6.216s] DEBUG:colcon.colcon_core.shell:Skip shell extension 'dsv' for command environment
[6.254s] Level 1:colcon.colcon_core.environment:create_environment_scripts_only(vesc_msgs)
[6.257s] Level 1:colcon.colcon_core.environment:checking '/home/coche/coche_ws/install/vesc_msgs' for CMake module files
[6.262s] DEBUG:colcon.colcon_core.event_handler.log_command:Invoked command in '/home/coche/coche_ws/build/vesc_msgs' returned '0': CMAKE_PREFIX_PATH=${CMAKE_PREFIX_PATH}:/home/coche/coche_ws/install/f1tenth_stack:/home/coche/coche_ws/install/joy_teleop:/home/coche/coche_ws/install/mouse_teleop:/home/coche/coche_ws/install/key_teleop:/opt/ros/foxy /usr/bin/cmake --install /home/coche/coche_ws/build/vesc_msgs
[6.264s] Level 1:colcon.colcon_core.environment:checking '/home/coche/coche_ws/install/vesc_msgs' for CMake config files
[6.266s] Level 1:colcon.colcon_core.shell:create_environment_hook('vesc_msgs', 'cmake_prefix_path')
[6.267s] INFO:colcon.colcon_core.shell:Creating environment hook '/home/coche/coche_ws/install/vesc_msgs/share/vesc_msgs/hook/cmake_prefix_path.ps1'
[6.271s] INFO:colcon.colcon_core.shell:Creating environment descriptor '/home/coche/coche_ws/install/vesc_msgs/share/vesc_msgs/hook/cmake_prefix_path.dsv'
[6.273s] INFO:colcon.colcon_core.shell:Creating environment hook '/home/coche/coche_ws/install/vesc_msgs/share/vesc_msgs/hook/cmake_prefix_path.sh'
[6.276s] Level 1:colcon.colcon_core.environment:checking '/home/coche/coche_ws/install/vesc_msgs/lib'
[6.277s] Level 1:colcon.colcon_core.shell:create_environment_hook('vesc_msgs', 'ld_library_path_lib')
[6.277s] INFO:colcon.colcon_core.shell:Creating environment hook '/home/coche/coche_ws/install/vesc_msgs/share/vesc_msgs/hook/ld_library_path_lib.ps1'
[6.279s] INFO:colcon.colcon_core.shell:Creating environment descriptor '/home/coche/coche_ws/install/vesc_msgs/share/vesc_msgs/hook/ld_library_path_lib.dsv'
[6.281s] INFO:colcon.colcon_core.shell:Creating environment hook '/home/coche/coche_ws/install/vesc_msgs/share/vesc_msgs/hook/ld_library_path_lib.sh'
[6.282s] Level 1:colcon.colcon_core.environment:checking '/home/coche/coche_ws/install/vesc_msgs/bin'
[6.282s] Level 1:colcon.colcon_core.environment:checking '/home/coche/coche_ws/install/vesc_msgs/lib/pkgconfig/vesc_msgs.pc'
[6.284s] Level 1:colcon.colcon_core.environment:checking '/home/coche/coche_ws/install/vesc_msgs/lib/python3.8/site-packages'
[6.284s] Level 1:colcon.colcon_core.shell:create_environment_hook('vesc_msgs', 'pythonpath')
[6.285s] INFO:colcon.colcon_core.shell:Creating environment hook '/home/coche/coche_ws/install/vesc_msgs/share/vesc_msgs/hook/pythonpath.ps1'
[6.287s] INFO:colcon.colcon_core.shell:Creating environment descriptor '/home/coche/coche_ws/install/vesc_msgs/share/vesc_msgs/hook/pythonpath.dsv'
[6.288s] INFO:colcon.colcon_core.shell:Creating environment hook '/home/coche/coche_ws/install/vesc_msgs/share/vesc_msgs/hook/pythonpath.sh'
[6.290s] Level 1:colcon.colcon_core.environment:checking '/home/coche/coche_ws/install/vesc_msgs/bin'
[6.292s] INFO:colcon.colcon_core.shell:Creating package script '/home/coche/coche_ws/install/vesc_msgs/share/vesc_msgs/package.ps1'
[6.295s] INFO:colcon.colcon_core.shell:Creating package descriptor '/home/coche/coche_ws/install/vesc_msgs/share/vesc_msgs/package.dsv'
[6.298s] INFO:colcon.colcon_core.shell:Creating package script '/home/coche/coche_ws/install/vesc_msgs/share/vesc_msgs/package.sh'
[6.300s] INFO:colcon.colcon_core.shell:Creating package script '/home/coche/coche_ws/install/vesc_msgs/share/vesc_msgs/package.bash'
[6.301s] INFO:colcon.colcon_core.shell:Creating package script '/home/coche/coche_ws/install/vesc_msgs/share/vesc_msgs/package.zsh'
[6.303s] Level 1:colcon.colcon_core.environment:create_file_with_runtime_dependencies(/home/coche/coche_ws/install/vesc_msgs/share/colcon-core/packages/vesc_msgs)
[7.443s] INFO:colcon.colcon_core.task.python.build:Building Python package in '/home/coche/coche_ws/src/f1tenth_system/teleop_tools/joy_teleop'
[7.447s] INFO:colcon.colcon_core.shell:Skip shell extension 'powershell' for command environment: Not usable outside of PowerShell
[7.447s] DEBUG:colcon.colcon_core.shell:Skip shell extension 'dsv' for command environment
[7.489s] Level 1:colcon.colcon_core.environment:checking '/home/coche/coche_ws/install/key_teleop' for CMake module files
[7.492s] DEBUG:colcon.colcon_core.event_handler.log_command:Invoked command in '/home/coche/coche_ws/src/f1tenth_system/teleop_tools/key_teleop' returned '0': PYTHONPATH=/home/coche/coche_ws/build/key_teleop/prefix_override:/usr/lib/python3/dist-packages/colcon_core/task/python/colcon_distutils_commands:/home/coche/coche_ws/install/key_teleop/lib/python3.8/site-packages:${PYTHONPATH} /usr/bin/python3 -W ignore:setup.py install is deprecated setup.py egg_info --egg-base ../../../../build/key_teleop build --build-base /home/coche/coche_ws/build/key_teleop/build install --record /home/coche/coche_ws/build/key_teleop/install.log --install-scripts $base/lib/key_teleop --single-version-externally-managed install_data
[7.495s] Level 1:colcon.colcon_core.environment:checking '/home/coche/coche_ws/install/key_teleop' for CMake config files
[7.499s] Level 1:colcon.colcon_core.environment:checking '/home/coche/coche_ws/install/key_teleop/lib'
[7.500s] Level 1:colcon.colcon_core.environment:checking '/home/coche/coche_ws/install/key_teleop/bin'
[7.500s] Level 1:colcon.colcon_core.environment:checking '/home/coche/coche_ws/install/key_teleop/lib/pkgconfig/key_teleop.pc'
[7.501s] Level 1:colcon.colcon_core.environment:checking '/home/coche/coche_ws/install/key_teleop/lib/python3.8/site-packages'
[7.502s] Level 1:colcon.colcon_core.shell:create_environment_hook('key_teleop', 'pythonpath')
[7.503s] INFO:colcon.colcon_core.shell:Creating environment hook '/home/coche/coche_ws/install/key_teleop/share/key_teleop/hook/pythonpath.ps1'
[7.506s] INFO:colcon.colcon_core.shell:Creating environment descriptor '/home/coche/coche_ws/install/key_teleop/share/key_teleop/hook/pythonpath.dsv'
[7.508s] INFO:colcon.colcon_core.shell:Creating environment hook '/home/coche/coche_ws/install/key_teleop/share/key_teleop/hook/pythonpath.sh'
[7.510s] Level 1:colcon.colcon_core.environment:checking '/home/coche/coche_ws/install/key_teleop/bin'
[7.510s] Level 1:colcon.colcon_core.environment:create_environment_scripts_only(key_teleop)
[7.512s] INFO:colcon.colcon_core.shell:Creating package script '/home/coche/coche_ws/install/key_teleop/share/key_teleop/package.ps1'
[7.514s] INFO:colcon.colcon_core.shell:Creating package descriptor '/home/coche/coche_ws/install/key_teleop/share/key_teleop/package.dsv'
[7.517s] INFO:colcon.colcon_core.shell:Creating package script '/home/coche/coche_ws/install/key_teleop/share/key_teleop/package.sh'
[7.519s] INFO:colcon.colcon_core.shell:Creating package script '/home/coche/coche_ws/install/key_teleop/share/key_teleop/package.bash'
[7.520s] INFO:colcon.colcon_core.shell:Creating package script '/home/coche/coche_ws/install/key_teleop/share/key_teleop/package.zsh'
[7.522s] Level 1:colcon.colcon_core.environment:create_file_with_runtime_dependencies(/home/coche/coche_ws/install/key_teleop/share/colcon-core/packages/key_teleop)
[7.526s] Level 1:colcon.colcon_core.environment:create_environment_scripts_only(vesc_msgs)
[7.527s] Level 1:colcon.colcon_core.environment:checking '/home/coche/coche_ws/install/vesc_msgs' for CMake module files
[7.532s] Level 1:colcon.colcon_core.environment:checking '/home/coche/coche_ws/install/vesc_msgs' for CMake config files
[7.534s] Level 1:colcon.colcon_core.shell:create_environment_hook('vesc_msgs', 'cmake_prefix_path')
[7.535s] INFO:colcon.colcon_core.shell:Creating environment hook '/home/coche/coche_ws/install/vesc_msgs/share/vesc_msgs/hook/cmake_prefix_path.ps1'
[7.537s] INFO:colcon.colcon_core.shell:Creating environment descriptor '/home/coche/coche_ws/install/vesc_msgs/share/vesc_msgs/hook/cmake_prefix_path.dsv'
[7.538s] INFO:colcon.colcon_core.shell:Creating environment hook '/home/coche/coche_ws/install/vesc_msgs/share/vesc_msgs/hook/cmake_prefix_path.sh'
[7.543s] Level 1:colcon.colcon_core.environment:checking '/home/coche/coche_ws/install/vesc_msgs/lib'
[7.543s] Level 1:colcon.colcon_core.shell:create_environment_hook('vesc_msgs', 'ld_library_path_lib')
[7.544s] INFO:colcon.colcon_core.shell:Creating environment hook '/home/coche/coche_ws/install/vesc_msgs/share/vesc_msgs/hook/ld_library_path_lib.ps1'
[7.547s] INFO:colcon.colcon_core.shell:Creating environment descriptor '/home/coche/coche_ws/install/vesc_msgs/share/vesc_msgs/hook/ld_library_path_lib.dsv'
[7.549s] INFO:colcon.colcon_core.shell:Creating environment hook '/home/coche/coche_ws/install/vesc_msgs/share/vesc_msgs/hook/ld_library_path_lib.sh'
[7.550s] Level 1:colcon.colcon_core.environment:checking '/home/coche/coche_ws/install/vesc_msgs/bin'
[7.550s] Level 1:colcon.colcon_core.environment:checking '/home/coche/coche_ws/install/vesc_msgs/lib/pkgconfig/vesc_msgs.pc'
[7.551s] Level 1:colcon.colcon_core.environment:checking '/home/coche/coche_ws/install/vesc_msgs/lib/python3.8/site-packages'
[7.551s] Level 1:colcon.colcon_core.shell:create_environment_hook('vesc_msgs', 'pythonpath')
[7.552s] INFO:colcon.colcon_core.shell:Creating environment hook '/home/coche/coche_ws/install/vesc_msgs/share/vesc_msgs/hook/pythonpath.ps1'
[7.554s] INFO:colcon.colcon_core.shell:Creating environment descriptor '/home/coche/coche_ws/install/vesc_msgs/share/vesc_msgs/hook/pythonpath.dsv'
[7.556s] INFO:colcon.colcon_core.shell:Creating environment hook '/home/coche/coche_ws/install/vesc_msgs/share/vesc_msgs/hook/pythonpath.sh'
[7.558s] Level 1:colcon.colcon_core.environment:checking '/home/coche/coche_ws/install/vesc_msgs/bin'
[7.560s] INFO:colcon.colcon_core.shell:Creating package script '/home/coche/coche_ws/install/vesc_msgs/share/vesc_msgs/package.ps1'
[7.562s] INFO:colcon.colcon_core.shell:Creating package descriptor '/home/coche/coche_ws/install/vesc_msgs/share/vesc_msgs/package.dsv'
[7.565s] INFO:colcon.colcon_core.shell:Creating package script '/home/coche/coche_ws/install/vesc_msgs/share/vesc_msgs/package.sh'
[7.569s] INFO:colcon.colcon_core.shell:Creating package script '/home/coche/coche_ws/install/vesc_msgs/share/vesc_msgs/package.bash'
[7.571s] INFO:colcon.colcon_core.shell:Creating package script '/home/coche/coche_ws/install/vesc_msgs/share/vesc_msgs/package.zsh'
[7.573s] Level 1:colcon.colcon_core.environment:create_file_with_runtime_dependencies(/home/coche/coche_ws/install/vesc_msgs/share/colcon-core/packages/vesc_msgs)
[7.576s] INFO:colcon.colcon_ros.task.ament_cmake.build:Building ROS package in '/home/coche/coche_ws/src/f1tenth_system/vesc/vesc_ackermann' with build type 'ament_cmake'
[7.577s] INFO:colcon.colcon_cmake.task.cmake.build:Building CMake package in '/home/coche/coche_ws/src/f1tenth_system/vesc/vesc_ackermann'
[7.580s] INFO:colcon.colcon_core.shell:Skip shell extension 'powershell' for command environment: Not usable outside of PowerShell
[7.580s] DEBUG:colcon.colcon_core.shell:Skip shell extension 'dsv' for command environment
[7.614s] INFO:colcon.colcon_ros.task.ament_cmake.build:Building ROS package in '/home/coche/coche_ws/src/f1tenth_system/vesc/vesc_driver' with build type 'ament_cmake'
[7.618s] INFO:colcon.colcon_cmake.task.cmake.build:Building CMake package in '/home/coche/coche_ws/src/f1tenth_system/vesc/vesc_driver'
[7.621s] INFO:colcon.colcon_core.shell:Skip shell extension 'powershell' for command environment: Not usable outside of PowerShell
[7.622s] DEBUG:colcon.colcon_core.shell:Skip shell extension 'dsv' for command environment
[7.707s] DEBUG:colcon.colcon_core.event_handler.log_command:Invoking command in '/home/coche/coche_ws/src/f1tenth_system/teleop_tools/mouse_teleop': PYTHONPATH=/home/coche/coche_ws/build/mouse_teleop/prefix_override:/usr/lib/python3/dist-packages/colcon_core/task/python/colcon_distutils_commands:/home/coche/coche_ws/install/mouse_teleop/lib/python3.8/site-packages:${PYTHONPATH} /usr/bin/python3 -W ignore:setup.py install is deprecated setup.py egg_info --egg-base ../../../../build/mouse_teleop build --build-base /home/coche/coche_ws/build/mouse_teleop/build install --record /home/coche/coche_ws/build/mouse_teleop/install.log --install-scripts $base/lib/mouse_teleop --single-version-externally-managed install_data
[7.735s] DEBUG:colcon.colcon_core.event_handler.log_command:Invoking command in '/home/coche/coche_ws/build/vesc_ackermann': CMAKE_PREFIX_PATH=/home/coche/coche_ws/install/vesc_msgs:/home/coche/coche_ws/install/vesc:/home/coche/coche_ws/install/vesc_driver:/home/coche/coche_ws/install/vesc_ackermann:/home/coche/coche_ws/install/teleop_tools:/home/coche/coche_ws/install/teleop_tools_msgs:/home/coche/coche_ws/install/ackermann_mux:/home/coche/coche_ws/install/f1tenth_stack:/home/coche/coche_ws/install/joy_teleop:/home/coche/coche_ws/install/mouse_teleop:/home/coche/coche_ws/install/key_teleop:/opt/ros/foxy LD_LIBRARY_PATH=/home/coche/coche_ws/install/vesc_msgs/lib:/home/coche/coche_ws/install/vesc_driver/lib:/home/coche/coche_ws/install/vesc_ackermann/lib:/home/coche/coche_ws/install/teleop_tools_msgs/lib:/opt/ros/foxy/opt/yaml_cpp_vendor/lib:/opt/ros/foxy/opt/rviz_ogre_vendor/lib:/opt/ros/foxy/lib/aarch64-linux-gnu:/opt/ros/foxy/lib PYTHONPATH=/home/coche/coche_ws/install/vesc_msgs/lib/python3.8/site-packages:/home/coche/coche_ws/install/f1tenth_stack/lib/python3.8/site-packages:/home/coche/coche_ws/install/joy_teleop/lib/python3.8/site-packages:/home/coche/coche_ws/install/teleop_tools_msgs/lib/python3.8/site-packages:/home/coche/coche_ws/install/mouse_teleop/lib/python3.8/site-packages:/home/coche/coche_ws/install/key_teleop/lib/python3.8/site-packages:/opt/ros/foxy/lib/python3.8/site-packages /usr/bin/cmake --build /home/coche/coche_ws/build/vesc_ackermann -- -j4 -l4
[7.771s] DEBUG:colcon.colcon_core.event_handler.log_command:Invoking command in '/home/coche/coche_ws/build/vesc_driver': CMAKE_PREFIX_PATH=/home/coche/coche_ws/install/vesc_msgs:/home/coche/coche_ws/install/vesc:/home/coche/coche_ws/install/vesc_driver:/home/coche/coche_ws/install/vesc_ackermann:/home/coche/coche_ws/install/teleop_tools:/home/coche/coche_ws/install/teleop_tools_msgs:/home/coche/coche_ws/install/ackermann_mux:/home/coche/coche_ws/install/f1tenth_stack:/home/coche/coche_ws/install/joy_teleop:/home/coche/coche_ws/install/mouse_teleop:/home/coche/coche_ws/install/key_teleop:/opt/ros/foxy LD_LIBRARY_PATH=/home/coche/coche_ws/install/vesc_msgs/lib:/home/coche/coche_ws/install/vesc_driver/lib:/home/coche/coche_ws/install/vesc_ackermann/lib:/home/coche/coche_ws/install/teleop_tools_msgs/lib:/opt/ros/foxy/opt/yaml_cpp_vendor/lib:/opt/ros/foxy/opt/rviz_ogre_vendor/lib:/opt/ros/foxy/lib/aarch64-linux-gnu:/opt/ros/foxy/lib PYTHONPATH=/home/coche/coche_ws/install/vesc_msgs/lib/python3.8/site-packages:/home/coche/coche_ws/install/f1tenth_stack/lib/python3.8/site-packages:/home/coche/coche_ws/install/joy_teleop/lib/python3.8/site-packages:/home/coche/coche_ws/install/teleop_tools_msgs/lib/python3.8/site-packages:/home/coche/coche_ws/install/mouse_teleop/lib/python3.8/site-packages:/home/coche/coche_ws/install/key_teleop/lib/python3.8/site-packages:/opt/ros/foxy/lib/python3.8/site-packages /usr/bin/cmake --build /home/coche/coche_ws/build/vesc_driver -- -j4 -l4
[8.298s] DEBUG:colcon.colcon_core.event_handler.log_command:Invoked command in '/home/coche/coche_ws/build/vesc_ackermann' returned '0': CMAKE_PREFIX_PATH=/home/coche/coche_ws/install/vesc_msgs:/home/coche/coche_ws/install/vesc:/home/coche/coche_ws/install/vesc_driver:/home/coche/coche_ws/install/vesc_ackermann:/home/coche/coche_ws/install/teleop_tools:/home/coche/coche_ws/install/teleop_tools_msgs:/home/coche/coche_ws/install/ackermann_mux:/home/coche/coche_ws/install/f1tenth_stack:/home/coche/coche_ws/install/joy_teleop:/home/coche/coche_ws/install/mouse_teleop:/home/coche/coche_ws/install/key_teleop:/opt/ros/foxy LD_LIBRARY_PATH=/home/coche/coche_ws/install/vesc_msgs/lib:/home/coche/coche_ws/install/vesc_driver/lib:/home/coche/coche_ws/install/vesc_ackermann/lib:/home/coche/coche_ws/install/teleop_tools_msgs/lib:/opt/ros/foxy/opt/yaml_cpp_vendor/lib:/opt/ros/foxy/opt/rviz_ogre_vendor/lib:/opt/ros/foxy/lib/aarch64-linux-gnu:/opt/ros/foxy/lib PYTHONPATH=/home/coche/coche_ws/install/vesc_msgs/lib/python3.8/site-packages:/home/coche/coche_ws/install/f1tenth_stack/lib/python3.8/site-packages:/home/coche/coche_ws/install/joy_teleop/lib/python3.8/site-packages:/home/coche/coche_ws/install/teleop_tools_msgs/lib/python3.8/site-packages:/home/coche/coche_ws/install/mouse_teleop/lib/python3.8/site-packages:/home/coche/coche_ws/install/key_teleop/lib/python3.8/site-packages:/opt/ros/foxy/lib/python3.8/site-packages /usr/bin/cmake --build /home/coche/coche_ws/build/vesc_ackermann -- -j4 -l4
[8.528s] DEBUG:colcon.colcon_core.event_handler.log_command:Invoking command in '/home/coche/coche_ws/build/vesc_ackermann': CMAKE_PREFIX_PATH=/home/coche/coche_ws/install/vesc_msgs:/home/coche/coche_ws/install/vesc:/home/coche/coche_ws/install/vesc_driver:/home/coche/coche_ws/install/vesc_ackermann:/home/coche/coche_ws/install/teleop_tools:/home/coche/coche_ws/install/teleop_tools_msgs:/home/coche/coche_ws/install/ackermann_mux:/home/coche/coche_ws/install/f1tenth_stack:/home/coche/coche_ws/install/joy_teleop:/home/coche/coche_ws/install/mouse_teleop:/home/coche/coche_ws/install/key_teleop:/opt/ros/foxy LD_LIBRARY_PATH=/home/coche/coche_ws/install/vesc_msgs/lib:/home/coche/coche_ws/install/vesc_driver/lib:/home/coche/coche_ws/install/vesc_ackermann/lib:/home/coche/coche_ws/install/teleop_tools_msgs/lib:/opt/ros/foxy/opt/yaml_cpp_vendor/lib:/opt/ros/foxy/opt/rviz_ogre_vendor/lib:/opt/ros/foxy/lib/aarch64-linux-gnu:/opt/ros/foxy/lib PYTHONPATH=/home/coche/coche_ws/install/vesc_msgs/lib/python3.8/site-packages:/home/coche/coche_ws/install/f1tenth_stack/lib/python3.8/site-packages:/home/coche/coche_ws/install/joy_teleop/lib/python3.8/site-packages:/home/coche/coche_ws/install/teleop_tools_msgs/lib/python3.8/site-packages:/home/coche/coche_ws/install/mouse_teleop/lib/python3.8/site-packages:/home/coche/coche_ws/install/key_teleop/lib/python3.8/site-packages:/opt/ros/foxy/lib/python3.8/site-packages /usr/bin/cmake --install /home/coche/coche_ws/build/vesc_ackermann
[8.645s] Level 1:colcon.colcon_core.environment:create_environment_scripts_only(vesc_ackermann)
[8.648s] Level 1:colcon.colcon_core.environment:checking '/home/coche/coche_ws/install/vesc_ackermann' for CMake module files
[8.651s] DEBUG:colcon.colcon_core.event_handler.log_command:Invoked command in '/home/coche/coche_ws/build/vesc_ackermann' returned '0': CMAKE_PREFIX_PATH=/home/coche/coche_ws/install/vesc_msgs:/home/coche/coche_ws/install/vesc:/home/coche/coche_ws/install/vesc_driver:/home/coche/coche_ws/install/vesc_ackermann:/home/coche/coche_ws/install/teleop_tools:/home/coche/coche_ws/install/teleop_tools_msgs:/home/coche/coche_ws/install/ackermann_mux:/home/coche/coche_ws/install/f1tenth_stack:/home/coche/coche_ws/install/joy_teleop:/home/coche/coche_ws/install/mouse_teleop:/home/coche/coche_ws/install/key_teleop:/opt/ros/foxy LD_LIBRARY_PATH=/home/coche/coche_ws/install/vesc_msgs/lib:/home/coche/coche_ws/install/vesc_driver/lib:/home/coche/coche_ws/install/vesc_ackermann/lib:/home/coche/coche_ws/install/teleop_tools_msgs/lib:/opt/ros/foxy/opt/yaml_cpp_vendor/lib:/opt/ros/foxy/opt/rviz_ogre_vendor/lib:/opt/ros/foxy/lib/aarch64-linux-gnu:/opt/ros/foxy/lib PYTHONPATH=/home/coche/coche_ws/install/vesc_msgs/lib/python3.8/site-packages:/home/coche/coche_ws/install/f1tenth_stack/lib/python3.8/site-packages:/home/coche/coche_ws/install/joy_teleop/lib/python3.8/site-packages:/home/coche/coche_ws/install/teleop_tools_msgs/lib/python3.8/site-packages:/home/coche/coche_ws/install/mouse_teleop/lib/python3.8/site-packages:/home/coche/coche_ws/install/key_teleop/lib/python3.8/site-packages:/opt/ros/foxy/lib/python3.8/site-packages /usr/bin/cmake --install /home/coche/coche_ws/build/vesc_ackermann
[8.655s] Level 1:colcon.colcon_core.environment:checking '/home/coche/coche_ws/install/vesc_ackermann' for CMake config files
[8.656s] Level 1:colcon.colcon_core.shell:create_environment_hook('vesc_ackermann', 'cmake_prefix_path')
[8.658s] INFO:colcon.colcon_core.shell:Creating environment hook '/home/coche/coche_ws/install/vesc_ackermann/share/vesc_ackermann/hook/cmake_prefix_path.ps1'
[8.661s] INFO:colcon.colcon_core.shell:Creating environment descriptor '/home/coche/coche_ws/install/vesc_ackermann/share/vesc_ackermann/hook/cmake_prefix_path.dsv'
[8.663s] INFO:colcon.colcon_core.shell:Creating environment hook '/home/coche/coche_ws/install/vesc_ackermann/share/vesc_ackermann/hook/cmake_prefix_path.sh'
[8.665s] Level 1:colcon.colcon_core.environment:checking '/home/coche/coche_ws/install/vesc_ackermann/lib'
[8.666s] Level 1:colcon.colcon_core.shell:create_environment_hook('vesc_ackermann', 'ld_library_path_lib')
[8.667s] INFO:colcon.colcon_core.shell:Creating environment hook '/home/coche/coche_ws/install/vesc_ackermann/share/vesc_ackermann/hook/ld_library_path_lib.ps1'
[8.669s] INFO:colcon.colcon_core.shell:Creating environment descriptor '/home/coche/coche_ws/install/vesc_ackermann/share/vesc_ackermann/hook/ld_library_path_lib.dsv'
[8.670s] INFO:colcon.colcon_core.shell:Creating environment hook '/home/coche/coche_ws/install/vesc_ackermann/share/vesc_ackermann/hook/ld_library_path_lib.sh'
[8.672s] Level 1:colcon.colcon_core.environment:checking '/home/coche/coche_ws/install/vesc_ackermann/bin'
[8.673s] Level 1:colcon.colcon_core.environment:checking '/home/coche/coche_ws/install/vesc_ackermann/lib/pkgconfig/vesc_ackermann.pc'
[8.675s] Level 1:colcon.colcon_core.environment:checking '/home/coche/coche_ws/install/vesc_ackermann/lib/python3.8/site-packages'
[8.676s] Level 1:colcon.colcon_core.environment:checking '/home/coche/coche_ws/install/vesc_ackermann/bin'
[8.678s] INFO:colcon.colcon_core.shell:Creating package script '/home/coche/coche_ws/install/vesc_ackermann/share/vesc_ackermann/package.ps1'
[8.680s] INFO:colcon.colcon_core.shell:Creating package descriptor '/home/coche/coche_ws/install/vesc_ackermann/share/vesc_ackermann/package.dsv'
[8.683s] INFO:colcon.colcon_core.shell:Creating package script '/home/coche/coche_ws/install/vesc_ackermann/share/vesc_ackermann/package.sh'
[8.690s] INFO:colcon.colcon_core.shell:Creating package script '/home/coche/coche_ws/install/vesc_ackermann/share/vesc_ackermann/package.bash'
[8.692s] INFO:colcon.colcon_core.shell:Creating package script '/home/coche/coche_ws/install/vesc_ackermann/share/vesc_ackermann/package.zsh'
[8.694s] Level 1:colcon.colcon_core.environment:create_file_with_runtime_dependencies(/home/coche/coche_ws/install/vesc_ackermann/share/colcon-core/packages/vesc_ackermann)
[8.716s] DEBUG:colcon.colcon_core.event_handler.log_command:Invoked command in '/home/coche/coche_ws/build/vesc_driver' returned '0': CMAKE_PREFIX_PATH=/home/coche/coche_ws/install/vesc_msgs:/home/coche/coche_ws/install/vesc:/home/coche/coche_ws/install/vesc_driver:/home/coche/coche_ws/install/vesc_ackermann:/home/coche/coche_ws/install/teleop_tools:/home/coche/coche_ws/install/teleop_tools_msgs:/home/coche/coche_ws/install/ackermann_mux:/home/coche/coche_ws/install/f1tenth_stack:/home/coche/coche_ws/install/joy_teleop:/home/coche/coche_ws/install/mouse_teleop:/home/coche/coche_ws/install/key_teleop:/opt/ros/foxy LD_LIBRARY_PATH=/home/coche/coche_ws/install/vesc_msgs/lib:/home/coche/coche_ws/install/vesc_driver/lib:/home/coche/coche_ws/install/vesc_ackermann/lib:/home/coche/coche_ws/install/teleop_tools_msgs/lib:/opt/ros/foxy/opt/yaml_cpp_vendor/lib:/opt/ros/foxy/opt/rviz_ogre_vendor/lib:/opt/ros/foxy/lib/aarch64-linux-gnu:/opt/ros/foxy/lib PYTHONPATH=/home/coche/coche_ws/install/vesc_msgs/lib/python3.8/site-packages:/home/coche/coche_ws/install/f1tenth_stack/lib/python3.8/site-packages:/home/coche/coche_ws/install/joy_teleop/lib/python3.8/site-packages:/home/coche/coche_ws/install/teleop_tools_msgs/lib/python3.8/site-packages:/home/coche/coche_ws/install/mouse_teleop/lib/python3.8/site-packages:/home/coche/coche_ws/install/key_teleop/lib/python3.8/site-packages:/opt/ros/foxy/lib/python3.8/site-packages /usr/bin/cmake --build /home/coche/coche_ws/build/vesc_driver -- -j4 -l4
[8.877s] Level 1:colcon.colcon_core.environment:create_environment_scripts_only(vesc_ackermann)
[8.880s] Level 1:colcon.colcon_core.environment:checking '/home/coche/coche_ws/install/vesc_ackermann' for CMake module files
[8.883s] Level 1:colcon.colcon_core.environment:checking '/home/coche/coche_ws/install/vesc_ackermann' for CMake config files
[8.889s] Level 1:colcon.colcon_core.shell:create_environment_hook('vesc_ackermann', 'cmake_prefix_path')
[8.890s] INFO:colcon.colcon_core.shell:Creating environment hook '/home/coche/coche_ws/install/vesc_ackermann/share/vesc_ackermann/hook/cmake_prefix_path.ps1'
[8.893s] INFO:colcon.colcon_core.shell:Creating environment descriptor '/home/coche/coche_ws/install/vesc_ackermann/share/vesc_ackermann/hook/cmake_prefix_path.dsv'
[8.895s] INFO:colcon.colcon_core.shell:Creating environment hook '/home/coche/coche_ws/install/vesc_ackermann/share/vesc_ackermann/hook/cmake_prefix_path.sh'
[8.898s] Level 1:colcon.colcon_core.environment:checking '/home/coche/coche_ws/install/vesc_ackermann/lib'
[8.898s] Level 1:colcon.colcon_core.shell:create_environment_hook('vesc_ackermann', 'ld_library_path_lib')
[8.899s] INFO:colcon.colcon_core.shell:Creating environment hook '/home/coche/coche_ws/install/vesc_ackermann/share/vesc_ackermann/hook/ld_library_path_lib.ps1'
[8.902s] INFO:colcon.colcon_core.shell:Creating environment descriptor '/home/coche/coche_ws/install/vesc_ackermann/share/vesc_ackermann/hook/ld_library_path_lib.dsv'
[8.903s] INFO:colcon.colcon_core.shell:Creating environment hook '/home/coche/coche_ws/install/vesc_ackermann/share/vesc_ackermann/hook/ld_library_path_lib.sh'
[8.905s] Level 1:colcon.colcon_core.environment:checking '/home/coche/coche_ws/install/vesc_ackermann/bin'
[8.906s] Level 1:colcon.colcon_core.environment:checking '/home/coche/coche_ws/install/vesc_ackermann/lib/pkgconfig/vesc_ackermann.pc'
[8.907s] Level 1:colcon.colcon_core.environment:checking '/home/coche/coche_ws/install/vesc_ackermann/lib/python3.8/site-packages'
[8.908s] Level 1:colcon.colcon_core.environment:checking '/home/coche/coche_ws/install/vesc_ackermann/bin'
[8.909s] INFO:colcon.colcon_core.shell:Creating package script '/home/coche/coche_ws/install/vesc_ackermann/share/vesc_ackermann/package.ps1'
[8.912s] INFO:colcon.colcon_core.shell:Creating package descriptor '/home/coche/coche_ws/install/vesc_ackermann/share/vesc_ackermann/package.dsv'
[8.914s] INFO:colcon.colcon_core.shell:Creating package script '/home/coche/coche_ws/install/vesc_ackermann/share/vesc_ackermann/package.sh'
[8.916s] INFO:colcon.colcon_core.shell:Creating package script '/home/coche/coche_ws/install/vesc_ackermann/share/vesc_ackermann/package.bash'
[8.918s] INFO:colcon.colcon_core.shell:Creating package script '/home/coche/coche_ws/install/vesc_ackermann/share/vesc_ackermann/package.zsh'
[8.920s] Level 1:colcon.colcon_core.environment:create_file_with_runtime_dependencies(/home/coche/coche_ws/install/vesc_ackermann/share/colcon-core/packages/vesc_ackermann)
[8.970s] DEBUG:colcon.colcon_core.event_handler.log_command:Invoking command in '/home/coche/coche_ws/build/vesc_driver': CMAKE_PREFIX_PATH=/home/coche/coche_ws/install/vesc_msgs:/home/coche/coche_ws/install/vesc:/home/coche/coche_ws/install/vesc_driver:/home/coche/coche_ws/install/vesc_ackermann:/home/coche/coche_ws/install/teleop_tools:/home/coche/coche_ws/install/teleop_tools_msgs:/home/coche/coche_ws/install/ackermann_mux:/home/coche/coche_ws/install/f1tenth_stack:/home/coche/coche_ws/install/joy_teleop:/home/coche/coche_ws/install/mouse_teleop:/home/coche/coche_ws/install/key_teleop:/opt/ros/foxy LD_LIBRARY_PATH=/home/coche/coche_ws/install/vesc_msgs/lib:/home/coche/coche_ws/install/vesc_driver/lib:/home/coche/coche_ws/install/vesc_ackermann/lib:/home/coche/coche_ws/install/teleop_tools_msgs/lib:/opt/ros/foxy/opt/yaml_cpp_vendor/lib:/opt/ros/foxy/opt/rviz_ogre_vendor/lib:/opt/ros/foxy/lib/aarch64-linux-gnu:/opt/ros/foxy/lib PYTHONPATH=/home/coche/coche_ws/install/vesc_msgs/lib/python3.8/site-packages:/home/coche/coche_ws/install/f1tenth_stack/lib/python3.8/site-packages:/home/coche/coche_ws/install/joy_teleop/lib/python3.8/site-packages:/home/coche/coche_ws/install/teleop_tools_msgs/lib/python3.8/site-packages:/home/coche/coche_ws/install/mouse_teleop/lib/python3.8/site-packages:/home/coche/coche_ws/install/key_teleop/lib/python3.8/site-packages:/opt/ros/foxy/lib/python3.8/site-packages /usr/bin/cmake --install /home/coche/coche_ws/build/vesc_driver
[9.060s] Level 1:colcon.colcon_core.environment:create_environment_scripts_only(vesc_driver)
[9.064s] Level 1:colcon.colcon_core.environment:checking '/home/coche/coche_ws/install/vesc_driver' for CMake module files
[9.069s] Level 1:colcon.colcon_core.environment:checking '/home/coche/coche_ws/install/vesc_driver' for CMake config files
[9.072s] Level 1:colcon.colcon_core.shell:create_environment_hook('vesc_driver', 'cmake_prefix_path')
[9.073s] INFO:colcon.colcon_core.shell:Creating environment hook '/home/coche/coche_ws/install/vesc_driver/share/vesc_driver/hook/cmake_prefix_path.ps1'
[9.076s] DEBUG:colcon.colcon_core.event_handler.log_command:Invoked command in '/home/coche/coche_ws/build/vesc_driver' returned '0': CMAKE_PREFIX_PATH=/home/coche/coche_ws/install/vesc_msgs:/home/coche/coche_ws/install/vesc:/home/coche/coche_ws/install/vesc_driver:/home/coche/coche_ws/install/vesc_ackermann:/home/coche/coche_ws/install/teleop_tools:/home/coche/coche_ws/install/teleop_tools_msgs:/home/coche/coche_ws/install/ackermann_mux:/home/coche/coche_ws/install/f1tenth_stack:/home/coche/coche_ws/install/joy_teleop:/home/coche/coche_ws/install/mouse_teleop:/home/coche/coche_ws/install/key_teleop:/opt/ros/foxy LD_LIBRARY_PATH=/home/coche/coche_ws/install/vesc_msgs/lib:/home/coche/coche_ws/install/vesc_driver/lib:/home/coche/coche_ws/install/vesc_ackermann/lib:/home/coche/coche_ws/install/teleop_tools_msgs/lib:/opt/ros/foxy/opt/yaml_cpp_vendor/lib:/opt/ros/foxy/opt/rviz_ogre_vendor/lib:/opt/ros/foxy/lib/aarch64-linux-gnu:/opt/ros/foxy/lib PYTHONPATH=/home/coche/coche_ws/install/vesc_msgs/lib/python3.8/site-packages:/home/coche/coche_ws/install/f1tenth_stack/lib/python3.8/site-packages:/home/coche/coche_ws/install/joy_teleop/lib/python3.8/site-packages:/home/coche/coche_ws/install/teleop_tools_msgs/lib/python3.8/site-packages:/home/coche/coche_ws/install/mouse_teleop/lib/python3.8/site-packages:/home/coche/coche_ws/install/key_teleop/lib/python3.8/site-packages:/opt/ros/foxy/lib/python3.8/site-packages /usr/bin/cmake --install /home/coche/coche_ws/build/vesc_driver
[9.077s] INFO:colcon.colcon_core.shell:Creating environment descriptor '/home/coche/coche_ws/install/vesc_driver/share/vesc_driver/hook/cmake_prefix_path.dsv'
[9.078s] INFO:colcon.colcon_core.shell:Creating environment hook '/home/coche/coche_ws/install/vesc_driver/share/vesc_driver/hook/cmake_prefix_path.sh'
[9.082s] Level 1:colcon.colcon_core.environment:checking '/home/coche/coche_ws/install/vesc_driver/lib'
[9.082s] Level 1:colcon.colcon_core.shell:create_environment_hook('vesc_driver', 'ld_library_path_lib')
[9.083s] INFO:colcon.colcon_core.shell:Creating environment hook '/home/coche/coche_ws/install/vesc_driver/share/vesc_driver/hook/ld_library_path_lib.ps1'
[9.088s] INFO:colcon.colcon_core.shell:Creating environment descriptor '/home/coche/coche_ws/install/vesc_driver/share/vesc_driver/hook/ld_library_path_lib.dsv'
[9.091s] INFO:colcon.colcon_core.shell:Creating environment hook '/home/coche/coche_ws/install/vesc_driver/share/vesc_driver/hook/ld_library_path_lib.sh'
[9.093s] Level 1:colcon.colcon_core.environment:checking '/home/coche/coche_ws/install/vesc_driver/bin'
[9.093s] Level 1:colcon.colcon_core.environment:checking '/home/coche/coche_ws/install/vesc_driver/lib/pkgconfig/vesc_driver.pc'
[9.095s] Level 1:colcon.colcon_core.environment:checking '/home/coche/coche_ws/install/vesc_driver/lib/python3.8/site-packages'
[9.095s] Level 1:colcon.colcon_core.environment:checking '/home/coche/coche_ws/install/vesc_driver/bin'
[9.097s] INFO:colcon.colcon_core.shell:Creating package script '/home/coche/coche_ws/install/vesc_driver/share/vesc_driver/package.ps1'
[9.099s] INFO:colcon.colcon_core.shell:Creating package descriptor '/home/coche/coche_ws/install/vesc_driver/share/vesc_driver/package.dsv'
[9.101s] INFO:colcon.colcon_core.shell:Creating package script '/home/coche/coche_ws/install/vesc_driver/share/vesc_driver/package.sh'
[9.104s] INFO:colcon.colcon_core.shell:Creating package script '/home/coche/coche_ws/install/vesc_driver/share/vesc_driver/package.bash'
[9.106s] INFO:colcon.colcon_core.shell:Creating package script '/home/coche/coche_ws/install/vesc_driver/share/vesc_driver/package.zsh'
[9.108s] Level 1:colcon.colcon_core.environment:create_file_with_runtime_dependencies(/home/coche/coche_ws/install/vesc_driver/share/colcon-core/packages/vesc_driver)
[9.219s] Level 1:colcon.colcon_core.environment:checking '/home/coche/coche_ws/install/mouse_teleop' for CMake module files
[9.223s] DEBUG:colcon.colcon_core.event_handler.log_command:Invoked command in '/home/coche/coche_ws/src/f1tenth_system/teleop_tools/mouse_teleop' returned '0': PYTHONPATH=/home/coche/coche_ws/build/mouse_teleop/prefix_override:/usr/lib/python3/dist-packages/colcon_core/task/python/colcon_distutils_commands:/home/coche/coche_ws/install/mouse_teleop/lib/python3.8/site-packages:${PYTHONPATH} /usr/bin/python3 -W ignore:setup.py install is deprecated setup.py egg_info --egg-base ../../../../build/mouse_teleop build --build-base /home/coche/coche_ws/build/mouse_teleop/build install --record /home/coche/coche_ws/build/mouse_teleop/install.log --install-scripts $base/lib/mouse_teleop --single-version-externally-managed install_data
[9.225s] Level 1:colcon.colcon_core.environment:checking '/home/coche/coche_ws/install/mouse_teleop' for CMake config files
[9.229s] Level 1:colcon.colcon_core.environment:checking '/home/coche/coche_ws/install/mouse_teleop/lib'
[9.229s] Level 1:colcon.colcon_core.environment:checking '/home/coche/coche_ws/install/mouse_teleop/bin'
[9.230s] Level 1:colcon.colcon_core.environment:checking '/home/coche/coche_ws/install/mouse_teleop/lib/pkgconfig/mouse_teleop.pc'
[9.232s] Level 1:colcon.colcon_core.environment:checking '/home/coche/coche_ws/install/mouse_teleop/lib/python3.8/site-packages'
[9.233s] Level 1:colcon.colcon_core.shell:create_environment_hook('mouse_teleop', 'pythonpath')
[9.234s] INFO:colcon.colcon_core.shell:Creating environment hook '/home/coche/coche_ws/install/mouse_teleop/share/mouse_teleop/hook/pythonpath.ps1'
[9.237s] INFO:colcon.colcon_core.shell:Creating environment descriptor '/home/coche/coche_ws/install/mouse_teleop/share/mouse_teleop/hook/pythonpath.dsv'
[9.239s] INFO:colcon.colcon_core.shell:Creating environment hook '/home/coche/coche_ws/install/mouse_teleop/share/mouse_teleop/hook/pythonpath.sh'
[9.241s] Level 1:colcon.colcon_core.environment:checking '/home/coche/coche_ws/install/mouse_teleop/bin'
[9.242s] Level 1:colcon.colcon_core.environment:create_environment_scripts_only(mouse_teleop)
[9.243s] INFO:colcon.colcon_core.shell:Creating package script '/home/coche/coche_ws/install/mouse_teleop/share/mouse_teleop/package.ps1'
[9.246s] INFO:colcon.colcon_core.shell:Creating package descriptor '/home/coche/coche_ws/install/mouse_teleop/share/mouse_teleop/package.dsv'
[9.248s] INFO:colcon.colcon_core.shell:Creating package script '/home/coche/coche_ws/install/mouse_teleop/share/mouse_teleop/package.sh'
[9.250s] INFO:colcon.colcon_core.shell:Creating package script '/home/coche/coche_ws/install/mouse_teleop/share/mouse_teleop/package.bash'
[9.252s] INFO:colcon.colcon_core.shell:Creating package script '/home/coche/coche_ws/install/mouse_teleop/share/mouse_teleop/package.zsh'
[9.254s] Level 1:colcon.colcon_core.environment:create_file_with_runtime_dependencies(/home/coche/coche_ws/install/mouse_teleop/share/colcon-core/packages/mouse_teleop)
[9.333s] Level 1:colcon.colcon_core.environment:create_environment_scripts_only(vesc_driver)
[9.334s] Level 1:colcon.colcon_core.environment:checking '/home/coche/coche_ws/install/vesc_driver' for CMake module files
[9.336s] Level 1:colcon.colcon_core.environment:checking '/home/coche/coche_ws/install/vesc_driver' for CMake config files
[9.338s] Level 1:colcon.colcon_core.shell:create_environment_hook('vesc_driver', 'cmake_prefix_path')
[9.339s] INFO:colcon.colcon_core.shell:Creating environment hook '/home/coche/coche_ws/install/vesc_driver/share/vesc_driver/hook/cmake_prefix_path.ps1'
[9.344s] INFO:colcon.colcon_core.shell:Creating environment descriptor '/home/coche/coche_ws/install/vesc_driver/share/vesc_driver/hook/cmake_prefix_path.dsv'
[9.346s] INFO:colcon.colcon_core.shell:Creating environment hook '/home/coche/coche_ws/install/vesc_driver/share/vesc_driver/hook/cmake_prefix_path.sh'
[9.348s] Level 1:colcon.colcon_core.environment:checking '/home/coche/coche_ws/install/vesc_driver/lib'
[9.348s] Level 1:colcon.colcon_core.shell:create_environment_hook('vesc_driver', 'ld_library_path_lib')
[9.349s] INFO:colcon.colcon_core.shell:Creating environment hook '/home/coche/coche_ws/install/vesc_driver/share/vesc_driver/hook/ld_library_path_lib.ps1'
[9.351s] INFO:colcon.colcon_core.shell:Creating environment descriptor '/home/coche/coche_ws/install/vesc_driver/share/vesc_driver/hook/ld_library_path_lib.dsv'
[9.352s] INFO:colcon.colcon_core.shell:Creating environment hook '/home/coche/coche_ws/install/vesc_driver/share/vesc_driver/hook/ld_library_path_lib.sh'
[9.353s] Level 1:colcon.colcon_core.environment:checking '/home/coche/coche_ws/install/vesc_driver/bin'
[9.354s] Level 1:colcon.colcon_core.environment:checking '/home/coche/coche_ws/install/vesc_driver/lib/pkgconfig/vesc_driver.pc'
[9.354s] Level 1:colcon.colcon_core.environment:checking '/home/coche/coche_ws/install/vesc_driver/lib/python3.8/site-packages'
[9.355s] Level 1:colcon.colcon_core.environment:checking '/home/coche/coche_ws/install/vesc_driver/bin'
[9.356s] INFO:colcon.colcon_core.shell:Creating package script '/home/coche/coche_ws/install/vesc_driver/share/vesc_driver/package.ps1'
[9.359s] INFO:colcon.colcon_core.shell:Creating package descriptor '/home/coche/coche_ws/install/vesc_driver/share/vesc_driver/package.dsv'
[9.362s] INFO:colcon.colcon_core.shell:Creating package script '/home/coche/coche_ws/install/vesc_driver/share/vesc_driver/package.sh'
[9.364s] INFO:colcon.colcon_core.shell:Creating package script '/home/coche/coche_ws/install/vesc_driver/share/vesc_driver/package.bash'
[9.366s] INFO:colcon.colcon_core.shell:Creating package script '/home/coche/coche_ws/install/vesc_driver/share/vesc_driver/package.zsh'
[9.369s] Level 1:colcon.colcon_core.environment:create_file_with_runtime_dependencies(/home/coche/coche_ws/install/vesc_driver/share/colcon-core/packages/vesc_driver)
[9.370s] INFO:colcon.colcon_ros.task.ament_cmake.build:Building ROS package in '/home/coche/coche_ws/src/f1tenth_system/vesc/vesc' with build type 'ament_cmake'
[9.371s] INFO:colcon.colcon_cmake.task.cmake.build:Building CMake package in '/home/coche/coche_ws/src/f1tenth_system/vesc/vesc'
[9.373s] INFO:colcon.colcon_core.shell:Skip shell extension 'powershell' for command environment: Not usable outside of PowerShell
[9.373s] DEBUG:colcon.colcon_core.shell:Skip shell extension 'dsv' for command environment
[9.472s] DEBUG:colcon.colcon_core.event_handler.log_command:Invoking command in '/home/coche/coche_ws/build/vesc': CMAKE_PREFIX_PATH=/home/coche/coche_ws/install/vesc_driver:/home/coche/coche_ws/install/vesc_ackermann:/home/coche/coche_ws/install/vesc_msgs:/home/coche/coche_ws/install/vesc:/home/coche/coche_ws/install/teleop_tools:/home/coche/coche_ws/install/teleop_tools_msgs:/home/coche/coche_ws/install/ackermann_mux:/home/coche/coche_ws/install/f1tenth_stack:/home/coche/coche_ws/install/joy_teleop:/home/coche/coche_ws/install/mouse_teleop:/home/coche/coche_ws/install/key_teleop:/opt/ros/foxy PYTHONPATH=/home/coche/coche_ws/install/vesc_msgs/lib/python3.8/site-packages:/home/coche/coche_ws/install/f1tenth_stack/lib/python3.8/site-packages:/home/coche/coche_ws/install/joy_teleop/lib/python3.8/site-packages:/home/coche/coche_ws/install/teleop_tools_msgs/lib/python3.8/site-packages:/home/coche/coche_ws/install/mouse_teleop/lib/python3.8/site-packages:/home/coche/coche_ws/install/key_teleop/lib/python3.8/site-packages:/opt/ros/foxy/lib/python3.8/site-packages /usr/bin/cmake --build /home/coche/coche_ws/build/vesc -- -j4 -l4
[9.628s] DEBUG:colcon.colcon_core.event_handler.log_command:Invoking command in '/home/coche/coche_ws/src/f1tenth_system/teleop_tools/joy_teleop': CMAKE_PREFIX_PATH=/home/coche/coche_ws/install/teleop_tools_msgs:/home/coche/coche_ws/install/vesc:/home/coche/coche_ws/install/vesc_driver:/home/coche/coche_ws/install/vesc_ackermann:/home/coche/coche_ws/install/vesc_msgs:/home/coche/coche_ws/install/teleop_tools:/home/coche/coche_ws/install/ackermann_mux LD_LIBRARY_PATH=/home/coche/coche_ws/install/teleop_tools_msgs/lib:/home/coche/coche_ws/install/vesc_driver/lib:/home/coche/coche_ws/install/vesc_ackermann/lib:/home/coche/coche_ws/install/vesc_msgs/lib:/opt/ros/foxy/opt/yaml_cpp_vendor/lib:/opt/ros/foxy/opt/rviz_ogre_vendor/lib:/opt/ros/foxy/lib/aarch64-linux-gnu:/opt/ros/foxy/lib PYTHONPATH=/home/coche/coche_ws/build/joy_teleop/prefix_override:/usr/lib/python3/dist-packages/colcon_core/task/python/colcon_distutils_commands:/home/coche/coche_ws/install/joy_teleop/lib/python3.8/site-packages:/home/coche/coche_ws/install/teleop_tools_msgs/lib/python3.8/site-packages:/home/coche/coche_ws/install/f1tenth_stack/lib/python3.8/site-packages:/home/coche/coche_ws/install/vesc_msgs/lib/python3.8/site-packages:/home/coche/coche_ws/install/joy_teleop/lib/python3.8/site-packages:/home/coche/coche_ws/install/mouse_teleop/lib/python3.8/site-packages:/home/coche/coche_ws/install/key_teleop/lib/python3.8/site-packages:/opt/ros/foxy/lib/python3.8/site-packages /usr/bin/python3 -W ignore:setup.py install is deprecated setup.py egg_info --egg-base ../../../../build/joy_teleop build --build-base /home/coche/coche_ws/build/joy_teleop/build install --record /home/coche/coche_ws/build/joy_teleop/install.log --install-scripts $base/lib/joy_teleop --single-version-externally-managed install_data
[9.664s] DEBUG:colcon.colcon_core.event_handler.log_command:Invoked command in '/home/coche/coche_ws/build/vesc' returned '0': CMAKE_PREFIX_PATH=/home/coche/coche_ws/install/vesc_driver:/home/coche/coche_ws/install/vesc_ackermann:/home/coche/coche_ws/install/vesc_msgs:/home/coche/coche_ws/install/vesc:/home/coche/coche_ws/install/teleop_tools:/home/coche/coche_ws/install/teleop_tools_msgs:/home/coche/coche_ws/install/ackermann_mux:/home/coche/coche_ws/install/f1tenth_stack:/home/coche/coche_ws/install/joy_teleop:/home/coche/coche_ws/install/mouse_teleop:/home/coche/coche_ws/install/key_teleop:/opt/ros/foxy PYTHONPATH=/home/coche/coche_ws/install/vesc_msgs/lib/python3.8/site-packages:/home/coche/coche_ws/install/f1tenth_stack/lib/python3.8/site-packages:/home/coche/coche_ws/install/joy_teleop/lib/python3.8/site-packages:/home/coche/coche_ws/install/teleop_tools_msgs/lib/python3.8/site-packages:/home/coche/coche_ws/install/mouse_teleop/lib/python3.8/site-packages:/home/coche/coche_ws/install/key_teleop/lib/python3.8/site-packages:/opt/ros/foxy/lib/python3.8/site-packages /usr/bin/cmake --build /home/coche/coche_ws/build/vesc -- -j4 -l4
[9.784s] DEBUG:colcon.colcon_core.event_handler.log_command:Invoking command in '/home/coche/coche_ws/build/vesc': CMAKE_PREFIX_PATH=/home/coche/coche_ws/install/vesc_driver:/home/coche/coche_ws/install/vesc_ackermann:/home/coche/coche_ws/install/vesc_msgs:/home/coche/coche_ws/install/vesc:/home/coche/coche_ws/install/teleop_tools:/home/coche/coche_ws/install/teleop_tools_msgs:/home/coche/coche_ws/install/ackermann_mux:/home/coche/coche_ws/install/f1tenth_stack:/home/coche/coche_ws/install/joy_teleop:/home/coche/coche_ws/install/mouse_teleop:/home/coche/coche_ws/install/key_teleop:/opt/ros/foxy PYTHONPATH=/home/coche/coche_ws/install/vesc_msgs/lib/python3.8/site-packages:/home/coche/coche_ws/install/f1tenth_stack/lib/python3.8/site-packages:/home/coche/coche_ws/install/joy_teleop/lib/python3.8/site-packages:/home/coche/coche_ws/install/teleop_tools_msgs/lib/python3.8/site-packages:/home/coche/coche_ws/install/mouse_teleop/lib/python3.8/site-packages:/home/coche/coche_ws/install/key_teleop/lib/python3.8/site-packages:/opt/ros/foxy/lib/python3.8/site-packages /usr/bin/cmake --install /home/coche/coche_ws/build/vesc
[9.838s] Level 1:colcon.colcon_core.environment:create_environment_scripts_only(vesc)
[9.842s] Level 1:colcon.colcon_core.environment:checking '/home/coche/coche_ws/install/vesc' for CMake module files
[9.844s] DEBUG:colcon.colcon_core.event_handler.log_command:Invoked command in '/home/coche/coche_ws/build/vesc' returned '0': CMAKE_PREFIX_PATH=/home/coche/coche_ws/install/vesc_driver:/home/coche/coche_ws/install/vesc_ackermann:/home/coche/coche_ws/install/vesc_msgs:/home/coche/coche_ws/install/vesc:/home/coche/coche_ws/install/teleop_tools:/home/coche/coche_ws/install/teleop_tools_msgs:/home/coche/coche_ws/install/ackermann_mux:/home/coche/coche_ws/install/f1tenth_stack:/home/coche/coche_ws/install/joy_teleop:/home/coche/coche_ws/install/mouse_teleop:/home/coche/coche_ws/install/key_teleop:/opt/ros/foxy PYTHONPATH=/home/coche/coche_ws/install/vesc_msgs/lib/python3.8/site-packages:/home/coche/coche_ws/install/f1tenth_stack/lib/python3.8/site-packages:/home/coche/coche_ws/install/joy_teleop/lib/python3.8/site-packages:/home/coche/coche_ws/install/teleop_tools_msgs/lib/python3.8/site-packages:/home/coche/coche_ws/install/mouse_teleop/lib/python3.8/site-packages:/home/coche/coche_ws/install/key_teleop/lib/python3.8/site-packages:/opt/ros/foxy/lib/python3.8/site-packages /usr/bin/cmake --install /home/coche/coche_ws/build/vesc
[9.846s] Level 1:colcon.colcon_core.environment:checking '/home/coche/coche_ws/install/vesc' for CMake config files
[9.848s] Level 1:colcon.colcon_core.shell:create_environment_hook('vesc', 'cmake_prefix_path')
[9.849s] INFO:colcon.colcon_core.shell:Creating environment hook '/home/coche/coche_ws/install/vesc/share/vesc/hook/cmake_prefix_path.ps1'
[9.852s] INFO:colcon.colcon_core.shell:Creating environment descriptor '/home/coche/coche_ws/install/vesc/share/vesc/hook/cmake_prefix_path.dsv'
[9.853s] INFO:colcon.colcon_core.shell:Creating environment hook '/home/coche/coche_ws/install/vesc/share/vesc/hook/cmake_prefix_path.sh'
[9.856s] Level 1:colcon.colcon_core.environment:checking '/home/coche/coche_ws/install/vesc/bin'
[9.856s] Level 1:colcon.colcon_core.environment:checking '/home/coche/coche_ws/install/vesc/lib/pkgconfig/vesc.pc'
[9.858s] Level 1:colcon.colcon_core.environment:checking '/home/coche/coche_ws/install/vesc/lib/python3.8/site-packages'
[9.858s] Level 1:colcon.colcon_core.environment:checking '/home/coche/coche_ws/install/vesc/bin'
[9.859s] INFO:colcon.colcon_core.shell:Creating package script '/home/coche/coche_ws/install/vesc/share/vesc/package.ps1'
[9.861s] INFO:colcon.colcon_core.shell:Creating package descriptor '/home/coche/coche_ws/install/vesc/share/vesc/package.dsv'
[9.863s] INFO:colcon.colcon_core.shell:Creating package script '/home/coche/coche_ws/install/vesc/share/vesc/package.sh'
[9.865s] INFO:colcon.colcon_core.shell:Creating package script '/home/coche/coche_ws/install/vesc/share/vesc/package.bash'
[9.866s] INFO:colcon.colcon_core.shell:Creating package script '/home/coche/coche_ws/install/vesc/share/vesc/package.zsh'
[9.867s] Level 1:colcon.colcon_core.environment:create_file_with_runtime_dependencies(/home/coche/coche_ws/install/vesc/share/colcon-core/packages/vesc)
[9.974s] Level 1:colcon.colcon_core.environment:create_environment_scripts_only(vesc)
[9.976s] Level 1:colcon.colcon_core.environment:checking '/home/coche/coche_ws/install/vesc' for CMake module files
[9.979s] Level 1:colcon.colcon_core.environment:checking '/home/coche/coche_ws/install/vesc' for CMake config files
[9.980s] Level 1:colcon.colcon_core.shell:create_environment_hook('vesc', 'cmake_prefix_path')
[9.981s] INFO:colcon.colcon_core.shell:Creating environment hook '/home/coche/coche_ws/install/vesc/share/vesc/hook/cmake_prefix_path.ps1'
[9.984s] INFO:colcon.colcon_core.shell:Creating environment descriptor '/home/coche/coche_ws/install/vesc/share/vesc/hook/cmake_prefix_path.dsv'
[9.986s] INFO:colcon.colcon_core.shell:Creating environment hook '/home/coche/coche_ws/install/vesc/share/vesc/hook/cmake_prefix_path.sh'
[9.988s] Level 1:colcon.colcon_core.environment:checking '/home/coche/coche_ws/install/vesc/bin'
[9.989s] Level 1:colcon.colcon_core.environment:checking '/home/coche/coche_ws/install/vesc/lib/pkgconfig/vesc.pc'
[9.990s] Level 1:colcon.colcon_core.environment:checking '/home/coche/coche_ws/install/vesc/lib/python3.8/site-packages'
[9.991s] Level 1:colcon.colcon_core.environment:checking '/home/coche/coche_ws/install/vesc/bin'
[9.992s] INFO:colcon.colcon_core.shell:Creating package script '/home/coche/coche_ws/install/vesc/share/vesc/package.ps1'
[9.995s] INFO:colcon.colcon_core.shell:Creating package descriptor '/home/coche/coche_ws/install/vesc/share/vesc/package.dsv'
[9.997s] INFO:colcon.colcon_core.shell:Creating package script '/home/coche/coche_ws/install/vesc/share/vesc/package.sh'
[9.999s] INFO:colcon.colcon_core.shell:Creating package script '/home/coche/coche_ws/install/vesc/share/vesc/package.bash'
[10.000s] INFO:colcon.colcon_core.shell:Creating package script '/home/coche/coche_ws/install/vesc/share/vesc/package.zsh'
[10.002s] Level 1:colcon.colcon_core.environment:create_file_with_runtime_dependencies(/home/coche/coche_ws/install/vesc/share/colcon-core/packages/vesc)
[10.858s] Level 1:colcon.colcon_core.environment:checking '/home/coche/coche_ws/install/joy_teleop' for CMake module files
[10.862s] DEBUG:colcon.colcon_core.event_handler.log_command:Invoked command in '/home/coche/coche_ws/src/f1tenth_system/teleop_tools/joy_teleop' returned '0': CMAKE_PREFIX_PATH=/home/coche/coche_ws/install/teleop_tools_msgs:/home/coche/coche_ws/install/vesc:/home/coche/coche_ws/install/vesc_driver:/home/coche/coche_ws/install/vesc_ackermann:/home/coche/coche_ws/install/vesc_msgs:/home/coche/coche_ws/install/teleop_tools:/home/coche/coche_ws/install/ackermann_mux LD_LIBRARY_PATH=/home/coche/coche_ws/install/teleop_tools_msgs/lib:/home/coche/coche_ws/install/vesc_driver/lib:/home/coche/coche_ws/install/vesc_ackermann/lib:/home/coche/coche_ws/install/vesc_msgs/lib:/opt/ros/foxy/opt/yaml_cpp_vendor/lib:/opt/ros/foxy/opt/rviz_ogre_vendor/lib:/opt/ros/foxy/lib/aarch64-linux-gnu:/opt/ros/foxy/lib PYTHONPATH=/home/coche/coche_ws/build/joy_teleop/prefix_override:/usr/lib/python3/dist-packages/colcon_core/task/python/colcon_distutils_commands:/home/coche/coche_ws/install/joy_teleop/lib/python3.8/site-packages:/home/coche/coche_ws/install/teleop_tools_msgs/lib/python3.8/site-packages:/home/coche/coche_ws/install/f1tenth_stack/lib/python3.8/site-packages:/home/coche/coche_ws/install/vesc_msgs/lib/python3.8/site-packages:/home/coche/coche_ws/install/joy_teleop/lib/python3.8/site-packages:/home/coche/coche_ws/install/mouse_teleop/lib/python3.8/site-packages:/home/coche/coche_ws/install/key_teleop/lib/python3.8/site-packages:/opt/ros/foxy/lib/python3.8/site-packages /usr/bin/python3 -W ignore:setup.py install is deprecated setup.py egg_info --egg-base ../../../../build/joy_teleop build --build-base /home/coche/coche_ws/build/joy_teleop/build install --record /home/coche/coche_ws/build/joy_teleop/install.log --install-scripts $base/lib/joy_teleop --single-version-externally-managed install_data
[10.865s] Level 1:colcon.colcon_core.environment:checking '/home/coche/coche_ws/install/joy_teleop' for CMake config files
[10.869s] Level 1:colcon.colcon_core.environment:checking '/home/coche/coche_ws/install/joy_teleop/lib'
[10.870s] Level 1:colcon.colcon_core.environment:checking '/home/coche/coche_ws/install/joy_teleop/bin'
[10.870s] Level 1:colcon.colcon_core.environment:checking '/home/coche/coche_ws/install/joy_teleop/lib/pkgconfig/joy_teleop.pc'
[10.871s] Level 1:colcon.colcon_core.environment:checking '/home/coche/coche_ws/install/joy_teleop/lib/python3.8/site-packages'
[10.871s] Level 1:colcon.colcon_core.shell:create_environment_hook('joy_teleop', 'pythonpath')
[10.873s] INFO:colcon.colcon_core.shell:Creating environment hook '/home/coche/coche_ws/install/joy_teleop/share/joy_teleop/hook/pythonpath.ps1'
[10.875s] INFO:colcon.colcon_core.shell:Creating environment descriptor '/home/coche/coche_ws/install/joy_teleop/share/joy_teleop/hook/pythonpath.dsv'
[10.877s] INFO:colcon.colcon_core.shell:Creating environment hook '/home/coche/coche_ws/install/joy_teleop/share/joy_teleop/hook/pythonpath.sh'
[10.880s] Level 1:colcon.colcon_core.environment:checking '/home/coche/coche_ws/install/joy_teleop/bin'
[10.880s] Level 1:colcon.colcon_core.environment:create_environment_scripts_only(joy_teleop)
[10.882s] INFO:colcon.colcon_core.shell:Creating package script '/home/coche/coche_ws/install/joy_teleop/share/joy_teleop/package.ps1'
[10.885s] INFO:colcon.colcon_core.shell:Creating package descriptor '/home/coche/coche_ws/install/joy_teleop/share/joy_teleop/package.dsv'
[10.887s] INFO:colcon.colcon_core.shell:Creating package script '/home/coche/coche_ws/install/joy_teleop/share/joy_teleop/package.sh'
[10.888s] INFO:colcon.colcon_core.shell:Creating package script '/home/coche/coche_ws/install/joy_teleop/share/joy_teleop/package.bash'
[10.890s] INFO:colcon.colcon_core.shell:Creating package script '/home/coche/coche_ws/install/joy_teleop/share/joy_teleop/package.zsh'
[10.891s] Level 1:colcon.colcon_core.environment:create_file_with_runtime_dependencies(/home/coche/coche_ws/install/joy_teleop/share/colcon-core/packages/joy_teleop)
[10.893s] INFO:colcon.colcon_ros.task.ament_cmake.build:Building ROS package in '/home/coche/coche_ws/src/f1tenth_system/teleop_tools/teleop_tools' with build type 'ament_cmake'
[10.894s] INFO:colcon.colcon_cmake.task.cmake.build:Building CMake package in '/home/coche/coche_ws/src/f1tenth_system/teleop_tools/teleop_tools'
[10.896s] INFO:colcon.colcon_core.shell:Skip shell extension 'powershell' for command environment: Not usable outside of PowerShell
[10.896s] DEBUG:colcon.colcon_core.shell:Skip shell extension 'dsv' for command environment
[10.927s] INFO:colcon.colcon_ros.task.ament_python.build:Building ROS package in '/home/coche/coche_ws/src/f1tenth_system/f1tenth_stack' with build type 'ament_python'
[10.931s] Level 1:colcon.colcon_core.shell:create_environment_hook('f1tenth_stack', 'ament_prefix_path')
[10.934s] INFO:colcon.colcon_core.shell:Creating environment hook '/home/coche/coche_ws/install/f1tenth_stack/share/f1tenth_stack/hook/ament_prefix_path.ps1'
[10.937s] INFO:colcon.colcon_core.shell:Creating environment descriptor '/home/coche/coche_ws/install/f1tenth_stack/share/f1tenth_stack/hook/ament_prefix_path.dsv'
[10.939s] INFO:colcon.colcon_core.shell:Creating environment hook '/home/coche/coche_ws/install/f1tenth_stack/share/f1tenth_stack/hook/ament_prefix_path.sh'
[10.942s] INFO:colcon.colcon_core.shell:Skip shell extension 'powershell' for command environment: Not usable outside of PowerShell
[10.943s] DEBUG:colcon.colcon_core.shell:Skip shell extension 'dsv' for command environment
[11.010s] DEBUG:colcon.colcon_core.event_handler.log_command:Invoking command in '/home/coche/coche_ws/build/teleop_tools': AMENT_PREFIX_PATH=/home/coche/coche_ws/install/joy_teleop:/home/coche/coche_ws/install/key_teleop:/home/coche/coche_ws/install/f1tenth_stack:/home/coche/coche_ws/install/vesc:/home/coche/coche_ws/install/vesc_driver:/home/coche/coche_ws/install/vesc_ackermann:/home/coche/coche_ws/install/vesc_msgs:/home/coche/coche_ws/install/teleop_tools:/home/coche/coche_ws/install/teleop_tools_msgs:/home/coche/coche_ws/install/mouse_teleop:/home/coche/coche_ws/install/ackermann_mux:/opt/ros/foxy CMAKE_PREFIX_PATH=/home/coche/coche_ws/install/teleop_tools_msgs:/home/coche/coche_ws/install/vesc:/home/coche/coche_ws/install/vesc_driver:/home/coche/coche_ws/install/vesc_ackermann:/home/coche/coche_ws/install/vesc_msgs:/home/coche/coche_ws/install/teleop_tools:/home/coche/coche_ws/install/ackermann_mux:/home/coche/coche_ws/install/f1tenth_stack:/home/coche/coche_ws/install/joy_teleop:/home/coche/coche_ws/install/mouse_teleop:/home/coche/coche_ws/install/key_teleop:/opt/ros/foxy LD_LIBRARY_PATH=/home/coche/coche_ws/install/teleop_tools_msgs/lib:/home/coche/coche_ws/install/vesc_driver/lib:/home/coche/coche_ws/install/vesc_ackermann/lib:/home/coche/coche_ws/install/vesc_msgs/lib:/opt/ros/foxy/opt/yaml_cpp_vendor/lib:/opt/ros/foxy/opt/rviz_ogre_vendor/lib:/opt/ros/foxy/lib/aarch64-linux-gnu:/opt/ros/foxy/lib PYTHONPATH=/home/coche/coche_ws/install/joy_teleop/lib/python3.8/site-packages:/home/coche/coche_ws/install/teleop_tools_msgs/lib/python3.8/site-packages:/home/coche/coche_ws/install/key_teleop/lib/python3.8/site-packages:/home/coche/coche_ws/install/f1tenth_stack/lib/python3.8/site-packages:/home/coche/coche_ws/install/vesc_msgs/lib/python3.8/site-packages:/home/coche/coche_ws/install/mouse_teleop/lib/python3.8/site-packages:/opt/ros/foxy/lib/python3.8/site-packages /usr/bin/cmake --build /home/coche/coche_ws/build/teleop_tools -- -j4 -l4
[11.970s] INFO:colcon.colcon_core.task.python.build:Building Python package in '/home/coche/coche_ws/src/f1tenth_system/f1tenth_stack'
[11.973s] INFO:colcon.colcon_core.shell:Skip shell extension 'powershell' for command environment: Not usable outside of PowerShell
[11.973s] DEBUG:colcon.colcon_core.shell:Skip shell extension 'dsv' for command environment
[12.012s] DEBUG:colcon.colcon_core.event_handler.log_command:Invoked command in '/home/coche/coche_ws/build/teleop_tools' returned '0': AMENT_PREFIX_PATH=/home/coche/coche_ws/install/joy_teleop:/home/coche/coche_ws/install/key_teleop:/home/coche/coche_ws/install/f1tenth_stack:/home/coche/coche_ws/install/vesc:/home/coche/coche_ws/install/vesc_driver:/home/coche/coche_ws/install/vesc_ackermann:/home/coche/coche_ws/install/vesc_msgs:/home/coche/coche_ws/install/teleop_tools:/home/coche/coche_ws/install/teleop_tools_msgs:/home/coche/coche_ws/install/mouse_teleop:/home/coche/coche_ws/install/ackermann_mux:/opt/ros/foxy CMAKE_PREFIX_PATH=/home/coche/coche_ws/install/teleop_tools_msgs:/home/coche/coche_ws/install/vesc:/home/coche/coche_ws/install/vesc_driver:/home/coche/coche_ws/install/vesc_ackermann:/home/coche/coche_ws/install/vesc_msgs:/home/coche/coche_ws/install/teleop_tools:/home/coche/coche_ws/install/ackermann_mux:/home/coche/coche_ws/install/f1tenth_stack:/home/coche/coche_ws/install/joy_teleop:/home/coche/coche_ws/install/mouse_teleop:/home/coche/coche_ws/install/key_teleop:/opt/ros/foxy LD_LIBRARY_PATH=/home/coche/coche_ws/install/teleop_tools_msgs/lib:/home/coche/coche_ws/install/vesc_driver/lib:/home/coche/coche_ws/install/vesc_ackermann/lib:/home/coche/coche_ws/install/vesc_msgs/lib:/opt/ros/foxy/opt/yaml_cpp_vendor/lib:/opt/ros/foxy/opt/rviz_ogre_vendor/lib:/opt/ros/foxy/lib/aarch64-linux-gnu:/opt/ros/foxy/lib PYTHONPATH=/home/coche/coche_ws/install/joy_teleop/lib/python3.8/site-packages:/home/coche/coche_ws/install/teleop_tools_msgs/lib/python3.8/site-packages:/home/coche/coche_ws/install/key_teleop/lib/python3.8/site-packages:/home/coche/coche_ws/install/f1tenth_stack/lib/python3.8/site-packages:/home/coche/coche_ws/install/vesc_msgs/lib/python3.8/site-packages:/home/coche/coche_ws/install/mouse_teleop/lib/python3.8/site-packages:/opt/ros/foxy/lib/python3.8/site-packages /usr/bin/cmake --build /home/coche/coche_ws/build/teleop_tools -- -j4 -l4
[12.125s] DEBUG:colcon.colcon_core.event_handler.log_command:Invoking command in '/home/coche/coche_ws/build/teleop_tools': AMENT_PREFIX_PATH=/home/coche/coche_ws/install/joy_teleop:/home/coche/coche_ws/install/key_teleop:/home/coche/coche_ws/install/f1tenth_stack:/home/coche/coche_ws/install/vesc:/home/coche/coche_ws/install/vesc_driver:/home/coche/coche_ws/install/vesc_ackermann:/home/coche/coche_ws/install/vesc_msgs:/home/coche/coche_ws/install/teleop_tools:/home/coche/coche_ws/install/teleop_tools_msgs:/home/coche/coche_ws/install/mouse_teleop:/home/coche/coche_ws/install/ackermann_mux:/opt/ros/foxy CMAKE_PREFIX_PATH=/home/coche/coche_ws/install/teleop_tools_msgs:/home/coche/coche_ws/install/vesc:/home/coche/coche_ws/install/vesc_driver:/home/coche/coche_ws/install/vesc_ackermann:/home/coche/coche_ws/install/vesc_msgs:/home/coche/coche_ws/install/teleop_tools:/home/coche/coche_ws/install/ackermann_mux:/home/coche/coche_ws/install/f1tenth_stack:/home/coche/coche_ws/install/joy_teleop:/home/coche/coche_ws/install/mouse_teleop:/home/coche/coche_ws/install/key_teleop:/opt/ros/foxy LD_LIBRARY_PATH=/home/coche/coche_ws/install/teleop_tools_msgs/lib:/home/coche/coche_ws/install/vesc_driver/lib:/home/coche/coche_ws/install/vesc_ackermann/lib:/home/coche/coche_ws/install/vesc_msgs/lib:/opt/ros/foxy/opt/yaml_cpp_vendor/lib:/opt/ros/foxy/opt/rviz_ogre_vendor/lib:/opt/ros/foxy/lib/aarch64-linux-gnu:/opt/ros/foxy/lib PYTHONPATH=/home/coche/coche_ws/install/joy_teleop/lib/python3.8/site-packages:/home/coche/coche_ws/install/teleop_tools_msgs/lib/python3.8/site-packages:/home/coche/coche_ws/install/key_teleop/lib/python3.8/site-packages:/home/coche/coche_ws/install/f1tenth_stack/lib/python3.8/site-packages:/home/coche/coche_ws/install/vesc_msgs/lib/python3.8/site-packages:/home/coche/coche_ws/install/mouse_teleop/lib/python3.8/site-packages:/opt/ros/foxy/lib/python3.8/site-packages /usr/bin/cmake --install /home/coche/coche_ws/build/teleop_tools
[12.188s] Level 1:colcon.colcon_core.environment:create_environment_scripts_only(teleop_tools)
[12.191s] Level 1:colcon.colcon_core.environment:checking '/home/coche/coche_ws/install/teleop_tools' for CMake module files
[12.194s] DEBUG:colcon.colcon_core.event_handler.log_command:Invoked command in '/home/coche/coche_ws/build/teleop_tools' returned '0': AMENT_PREFIX_PATH=/home/coche/coche_ws/install/joy_teleop:/home/coche/coche_ws/install/key_teleop:/home/coche/coche_ws/install/f1tenth_stack:/home/coche/coche_ws/install/vesc:/home/coche/coche_ws/install/vesc_driver:/home/coche/coche_ws/install/vesc_ackermann:/home/coche/coche_ws/install/vesc_msgs:/home/coche/coche_ws/install/teleop_tools:/home/coche/coche_ws/install/teleop_tools_msgs:/home/coche/coche_ws/install/mouse_teleop:/home/coche/coche_ws/install/ackermann_mux:/opt/ros/foxy CMAKE_PREFIX_PATH=/home/coche/coche_ws/install/teleop_tools_msgs:/home/coche/coche_ws/install/vesc:/home/coche/coche_ws/install/vesc_driver:/home/coche/coche_ws/install/vesc_ackermann:/home/coche/coche_ws/install/vesc_msgs:/home/coche/coche_ws/install/teleop_tools:/home/coche/coche_ws/install/ackermann_mux:/home/coche/coche_ws/install/f1tenth_stack:/home/coche/coche_ws/install/joy_teleop:/home/coche/coche_ws/install/mouse_teleop:/home/coche/coche_ws/install/key_teleop:/opt/ros/foxy LD_LIBRARY_PATH=/home/coche/coche_ws/install/teleop_tools_msgs/lib:/home/coche/coche_ws/install/vesc_driver/lib:/home/coche/coche_ws/install/vesc_ackermann/lib:/home/coche/coche_ws/install/vesc_msgs/lib:/opt/ros/foxy/opt/yaml_cpp_vendor/lib:/opt/ros/foxy/opt/rviz_ogre_vendor/lib:/opt/ros/foxy/lib/aarch64-linux-gnu:/opt/ros/foxy/lib PYTHONPATH=/home/coche/coche_ws/install/joy_teleop/lib/python3.8/site-packages:/home/coche/coche_ws/install/teleop_tools_msgs/lib/python3.8/site-packages:/home/coche/coche_ws/install/key_teleop/lib/python3.8/site-packages:/home/coche/coche_ws/install/f1tenth_stack/lib/python3.8/site-packages:/home/coche/coche_ws/install/vesc_msgs/lib/python3.8/site-packages:/home/coche/coche_ws/install/mouse_teleop/lib/python3.8/site-packages:/opt/ros/foxy/lib/python3.8/site-packages /usr/bin/cmake --install /home/coche/coche_ws/build/teleop_tools
[12.196s] Level 1:colcon.colcon_core.environment:checking '/home/coche/coche_ws/install/teleop_tools' for CMake config files
[12.198s] Level 1:colcon.colcon_core.shell:create_environment_hook('teleop_tools', 'cmake_prefix_path')
[12.199s] INFO:colcon.colcon_core.shell:Creating environment hook '/home/coche/coche_ws/install/teleop_tools/share/teleop_tools/hook/cmake_prefix_path.ps1'
[12.202s] INFO:colcon.colcon_core.shell:Creating environment descriptor '/home/coche/coche_ws/install/teleop_tools/share/teleop_tools/hook/cmake_prefix_path.dsv'
[12.204s] INFO:colcon.colcon_core.shell:Creating environment hook '/home/coche/coche_ws/install/teleop_tools/share/teleop_tools/hook/cmake_prefix_path.sh'
[12.207s] Level 1:colcon.colcon_core.environment:checking '/home/coche/coche_ws/install/teleop_tools/bin'
[12.207s] Level 1:colcon.colcon_core.environment:checking '/home/coche/coche_ws/install/teleop_tools/lib/pkgconfig/teleop_tools.pc'
[12.209s] Level 1:colcon.colcon_core.environment:checking '/home/coche/coche_ws/install/teleop_tools/lib/python3.8/site-packages'
[12.209s] Level 1:colcon.colcon_core.environment:checking '/home/coche/coche_ws/install/teleop_tools/bin'
[12.211s] INFO:colcon.colcon_core.shell:Creating package script '/home/coche/coche_ws/install/teleop_tools/share/teleop_tools/package.ps1'
[12.213s] INFO:colcon.colcon_core.shell:Creating package descriptor '/home/coche/coche_ws/install/teleop_tools/share/teleop_tools/package.dsv'
[12.215s] INFO:colcon.colcon_core.shell:Creating package script '/home/coche/coche_ws/install/teleop_tools/share/teleop_tools/package.sh'
[12.217s] INFO:colcon.colcon_core.shell:Creating package script '/home/coche/coche_ws/install/teleop_tools/share/teleop_tools/package.bash'
[12.219s] INFO:colcon.colcon_core.shell:Creating package script '/home/coche/coche_ws/install/teleop_tools/share/teleop_tools/package.zsh'
[12.221s] Level 1:colcon.colcon_core.environment:create_file_with_runtime_dependencies(/home/coche/coche_ws/install/teleop_tools/share/colcon-core/packages/teleop_tools)
[12.331s] Level 1:colcon.colcon_core.environment:create_environment_scripts_only(teleop_tools)
[12.333s] Level 1:colcon.colcon_core.environment:checking '/home/coche/coche_ws/install/teleop_tools' for CMake module files
[12.336s] Level 1:colcon.colcon_core.environment:checking '/home/coche/coche_ws/install/teleop_tools' for CMake config files
[12.338s] Level 1:colcon.colcon_core.shell:create_environment_hook('teleop_tools', 'cmake_prefix_path')
[12.339s] INFO:colcon.colcon_core.shell:Creating environment hook '/home/coche/coche_ws/install/teleop_tools/share/teleop_tools/hook/cmake_prefix_path.ps1'
[12.342s] INFO:colcon.colcon_core.shell:Creating environment descriptor '/home/coche/coche_ws/install/teleop_tools/share/teleop_tools/hook/cmake_prefix_path.dsv'
[12.343s] INFO:colcon.colcon_core.shell:Creating environment hook '/home/coche/coche_ws/install/teleop_tools/share/teleop_tools/hook/cmake_prefix_path.sh'
[12.347s] Level 1:colcon.colcon_core.environment:checking '/home/coche/coche_ws/install/teleop_tools/bin'
[12.348s] Level 1:colcon.colcon_core.environment:checking '/home/coche/coche_ws/install/teleop_tools/lib/pkgconfig/teleop_tools.pc'
[12.350s] Level 1:colcon.colcon_core.environment:checking '/home/coche/coche_ws/install/teleop_tools/lib/python3.8/site-packages'
[12.351s] Level 1:colcon.colcon_core.environment:checking '/home/coche/coche_ws/install/teleop_tools/bin'
[12.353s] INFO:colcon.colcon_core.shell:Creating package script '/home/coche/coche_ws/install/teleop_tools/share/teleop_tools/package.ps1'
[12.355s] INFO:colcon.colcon_core.shell:Creating package descriptor '/home/coche/coche_ws/install/teleop_tools/share/teleop_tools/package.dsv'
[12.357s] INFO:colcon.colcon_core.shell:Creating package script '/home/coche/coche_ws/install/teleop_tools/share/teleop_tools/package.sh'
[12.359s] INFO:colcon.colcon_core.shell:Creating package script '/home/coche/coche_ws/install/teleop_tools/share/teleop_tools/package.bash'
[12.361s] INFO:colcon.colcon_core.shell:Creating package script '/home/coche/coche_ws/install/teleop_tools/share/teleop_tools/package.zsh'
[12.363s] Level 1:colcon.colcon_core.environment:create_file_with_runtime_dependencies(/home/coche/coche_ws/install/teleop_tools/share/colcon-core/packages/teleop_tools)
[13.611s] DEBUG:colcon.colcon_core.event_handler.log_command:Invoking command in '/home/coche/coche_ws/src/f1tenth_system/f1tenth_stack': AMENT_PREFIX_PATH=/home/coche/coche_ws/install/joy_teleop:/home/coche/coche_ws/install/f1tenth_stack:/home/coche/coche_ws/install/vesc:/home/coche/coche_ws/install/vesc_driver:/home/coche/coche_ws/install/vesc_ackermann:/home/coche/coche_ws/install/vesc_msgs:/home/coche/coche_ws/install/teleop_tools:/home/coche/coche_ws/install/teleop_tools_msgs:/home/coche/coche_ws/install/mouse_teleop:/home/coche/coche_ws/install/key_teleop:/home/coche/coche_ws/install/ackermann_mux:/opt/ros/foxy CMAKE_PREFIX_PATH=/home/coche/coche_ws/install/vesc:/home/coche/coche_ws/install/vesc_driver:/home/coche/coche_ws/install/vesc_ackermann:/home/coche/coche_ws/install/vesc_msgs:/home/coche/coche_ws/install/teleop_tools_msgs:/home/coche/coche_ws/install/ackermann_mux:/home/coche/coche_ws/install/teleop_tools PYTHONPATH=/home/coche/coche_ws/build/f1tenth_stack/prefix_override:/usr/lib/python3/dist-packages/colcon_core/task/python/colcon_distutils_commands:/home/coche/coche_ws/install/f1tenth_stack/lib/python3.8/site-packages:/home/coche/coche_ws/install/joy_teleop/lib/python3.8/site-packages:/home/coche/coche_ws/install/vesc_msgs/lib/python3.8/site-packages:/home/coche/coche_ws/install/teleop_tools_msgs/lib/python3.8/site-packages:/home/coche/coche_ws/install/f1tenth_stack/lib/python3.8/site-packages:/home/coche/coche_ws/install/mouse_teleop/lib/python3.8/site-packages:/home/coche/coche_ws/install/key_teleop/lib/python3.8/site-packages:/opt/ros/foxy/lib/python3.8/site-packages /usr/bin/python3 -W ignore:setup.py install is deprecated setup.py egg_info --egg-base ../../../build/f1tenth_stack build --build-base /home/coche/coche_ws/build/f1tenth_stack/build install --record /home/coche/coche_ws/build/f1tenth_stack/install.log --install-scripts $base/lib/f1tenth_stack --single-version-externally-managed install_data
[14.797s] Level 1:colcon.colcon_core.environment:checking '/home/coche/coche_ws/install/f1tenth_stack' for CMake module files
[14.800s] DEBUG:colcon.colcon_core.event_handler.log_command:Invoked command in '/home/coche/coche_ws/src/f1tenth_system/f1tenth_stack' returned '0': AMENT_PREFIX_PATH=/home/coche/coche_ws/install/joy_teleop:/home/coche/coche_ws/install/f1tenth_stack:/home/coche/coche_ws/install/vesc:/home/coche/coche_ws/install/vesc_driver:/home/coche/coche_ws/install/vesc_ackermann:/home/coche/coche_ws/install/vesc_msgs:/home/coche/coche_ws/install/teleop_tools:/home/coche/coche_ws/install/teleop_tools_msgs:/home/coche/coche_ws/install/mouse_teleop:/home/coche/coche_ws/install/key_teleop:/home/coche/coche_ws/install/ackermann_mux:/opt/ros/foxy CMAKE_PREFIX_PATH=/home/coche/coche_ws/install/vesc:/home/coche/coche_ws/install/vesc_driver:/home/coche/coche_ws/install/vesc_ackermann:/home/coche/coche_ws/install/vesc_msgs:/home/coche/coche_ws/install/teleop_tools_msgs:/home/coche/coche_ws/install/ackermann_mux:/home/coche/coche_ws/install/teleop_tools PYTHONPATH=/home/coche/coche_ws/build/f1tenth_stack/prefix_override:/usr/lib/python3/dist-packages/colcon_core/task/python/colcon_distutils_commands:/home/coche/coche_ws/install/f1tenth_stack/lib/python3.8/site-packages:/home/coche/coche_ws/install/joy_teleop/lib/python3.8/site-packages:/home/coche/coche_ws/install/vesc_msgs/lib/python3.8/site-packages:/home/coche/coche_ws/install/teleop_tools_msgs/lib/python3.8/site-packages:/home/coche/coche_ws/install/f1tenth_stack/lib/python3.8/site-packages:/home/coche/coche_ws/install/mouse_teleop/lib/python3.8/site-packages:/home/coche/coche_ws/install/key_teleop/lib/python3.8/site-packages:/opt/ros/foxy/lib/python3.8/site-packages /usr/bin/python3 -W ignore:setup.py install is deprecated setup.py egg_info --egg-base ../../../build/f1tenth_stack build --build-base /home/coche/coche_ws/build/f1tenth_stack/build install --record /home/coche/coche_ws/build/f1tenth_stack/install.log --install-scripts $base/lib/f1tenth_stack --single-version-externally-managed install_data
[14.803s] Level 1:colcon.colcon_core.environment:checking '/home/coche/coche_ws/install/f1tenth_stack' for CMake config files
[14.807s] Level 1:colcon.colcon_core.environment:checking '/home/coche/coche_ws/install/f1tenth_stack/lib'
[14.808s] Level 1:colcon.colcon_core.environment:checking '/home/coche/coche_ws/install/f1tenth_stack/bin'
[14.808s] Level 1:colcon.colcon_core.environment:checking '/home/coche/coche_ws/install/f1tenth_stack/lib/pkgconfig/f1tenth_stack.pc'
[14.810s] Level 1:colcon.colcon_core.environment:checking '/home/coche/coche_ws/install/f1tenth_stack/lib/python3.8/site-packages'
[14.810s] Level 1:colcon.colcon_core.shell:create_environment_hook('f1tenth_stack', 'pythonpath')
[14.812s] INFO:colcon.colcon_core.shell:Creating environment hook '/home/coche/coche_ws/install/f1tenth_stack/share/f1tenth_stack/hook/pythonpath.ps1'
[14.816s] INFO:colcon.colcon_core.shell:Creating environment descriptor '/home/coche/coche_ws/install/f1tenth_stack/share/f1tenth_stack/hook/pythonpath.dsv'
[14.818s] INFO:colcon.colcon_core.shell:Creating environment hook '/home/coche/coche_ws/install/f1tenth_stack/share/f1tenth_stack/hook/pythonpath.sh'
[14.821s] Level 1:colcon.colcon_core.environment:checking '/home/coche/coche_ws/install/f1tenth_stack/bin'
[14.821s] Level 1:colcon.colcon_core.environment:create_environment_scripts_only(f1tenth_stack)
[14.822s] INFO:colcon.colcon_core.shell:Creating package script '/home/coche/coche_ws/install/f1tenth_stack/share/f1tenth_stack/package.ps1'
[14.825s] INFO:colcon.colcon_core.shell:Creating package descriptor '/home/coche/coche_ws/install/f1tenth_stack/share/f1tenth_stack/package.dsv'
[14.827s] INFO:colcon.colcon_core.shell:Creating package script '/home/coche/coche_ws/install/f1tenth_stack/share/f1tenth_stack/package.sh'
[14.829s] INFO:colcon.colcon_core.shell:Creating package script '/home/coche/coche_ws/install/f1tenth_stack/share/f1tenth_stack/package.bash'
[14.831s] INFO:colcon.colcon_core.shell:Creating package script '/home/coche/coche_ws/install/f1tenth_stack/share/f1tenth_stack/package.zsh'
[14.832s] Level 1:colcon.colcon_core.environment:create_file_with_runtime_dependencies(/home/coche/coche_ws/install/f1tenth_stack/share/colcon-core/packages/f1tenth_stack)
[14.834s] DEBUG:colcon.colcon_parallel_executor.executor.parallel:closing loop
[14.835s] DEBUG:colcon.colcon_parallel_executor.executor.parallel:loop closed
[14.837s] DEBUG:colcon.colcon_parallel_executor.executor.parallel:run_until_complete finished with '0'
[14.837s] DEBUG:colcon.colcon_core.event_reactor:joining thread
[14.866s] INFO:colcon.colcon_core.plugin_system:Skipping extension 'colcon_notification.desktop_notification.terminal_notifier': Not used on non-Darwin systems
[14.866s] INFO:colcon.colcon_core.plugin_system:Skipping extension 'colcon_notification.desktop_notification.win32': Not used on non-Windows systems
[14.867s] INFO:colcon.colcon_notification.desktop_notification:Sending desktop notification using 'notify2'
[14.958s] DEBUG:colcon.colcon_core.event_reactor:joined thread
[14.961s] INFO:colcon.colcon_core.shell:Creating prefix script '/home/coche/coche_ws/install/local_setup.ps1'
[14.965s] INFO:colcon.colcon_core.shell:Creating prefix util module '/home/coche/coche_ws/install/_local_setup_util_ps1.py'
[14.970s] INFO:colcon.colcon_core.shell:Creating prefix chain script '/home/coche/coche_ws/install/setup.ps1'
[14.978s] INFO:colcon.colcon_core.shell:Creating prefix script '/home/coche/coche_ws/install/local_setup.sh'
[14.981s] INFO:colcon.colcon_core.shell:Creating prefix util module '/home/coche/coche_ws/install/_local_setup_util_sh.py'
[14.982s] INFO:colcon.colcon_core.shell:Creating prefix chain script '/home/coche/coche_ws/install/setup.sh'
[14.989s] INFO:colcon.colcon_core.shell:Creating prefix script '/home/coche/coche_ws/install/local_setup.bash'
[14.992s] INFO:colcon.colcon_core.shell:Creating prefix chain script '/home/coche/coche_ws/install/setup.bash'
[14.999s] INFO:colcon.colcon_core.shell:Creating prefix script '/home/coche/coche_ws/install/local_setup.zsh'
[15.001s] INFO:colcon.colcon_core.shell:Creating prefix chain script '/home/coche/coche_ws/install/setup.zsh'
