[0.800s] DEBUG:colcon:Command line arguments: ['/usr/bin/colcon', 'build']
[0.801s] DEBUG:colcon:Parsed command line arguments: Namespace(allow_overriding=[], ament_cmake_args=None, base_paths=['.'], build_base='build', catkin_cmake_args=None, catkin_skip_building_tests=False, cmake_args=None, cmake_clean_cache=False, cmake_clean_first=False, cmake_force_configure=False, cmake_target=None, cmake_target_skip_unavailable=False, continue_on_error=False, event_handlers=None, executor='parallel', ignore_user_meta=False, install_base='install', log_base=None, log_level=None, main=<bound method BuildVerb.main of <colcon_core.verb.build.BuildVerb object at 0xffff875edee0>>, merge_install=False, metas=['./colcon.meta'], mixin=None, mixin_files=None, mixin_verb=('build',), packages_above=None, packages_above_and_dependencies=None, packages_above_depth=None, packages_end=None, packages_ignore=None, packages_ignore_regex=None, packages_select=None, packages_select_build_failed=False, packages_select_by_dep=None, packages_select_regex=None, packages_select_test_failures=False, packages_skip=None, packages_skip_build_finished=False, packages_skip_by_dep=None, packages_skip_regex=None, packages_skip_test_passed=False, packages_skip_up_to=None, packages_start=None, packages_up_to=None, packages_up_to_regex=None, parallel_workers=4, paths=None, symlink_install=False, test_result_base=None, verb_extension=<colcon_core.verb.build.BuildVerb object at 0xffff875edee0>, verb_name='build', verb_parser=<colcon_mixin.mixin.mixin_argument.MixinArgumentDecorator object at 0xffff875438e0>)
[1.435s] Level 1:colcon.colcon_core.package_discovery:discover_packages(colcon_meta) check parameters
[1.436s] Level 1:colcon.colcon_core.package_discovery:discover_packages(recursive) check parameters
[1.436s] Level 1:colcon.colcon_core.package_discovery:discover_packages(ignore) check parameters
[1.436s] Level 1:colcon.colcon_core.package_discovery:discover_packages(path) check parameters
[1.436s] Level 1:colcon.colcon_core.package_discovery:discover_packages(colcon_meta) discover
[1.437s] Level 1:colcon.colcon_core.package_discovery:discover_packages(recursive) discover
[1.437s] INFO:colcon.colcon_core.package_discovery:Crawling recursively for packages in '/home/coche/coche_ws'
[1.437s] Level 1:colcon.colcon_core.package_identification:_identify(.) by extensions ['ignore', 'ignore_ament_install']
[1.438s] Level 1:colcon.colcon_core.package_identification:_identify(.) by extension 'ignore'
[1.438s] Level 1:colcon.colcon_core.package_identification:_identify(.) by extension 'ignore_ament_install'
[1.438s] Level 1:colcon.colcon_core.package_identification:_identify(.) by extensions ['colcon_pkg']
[1.438s] Level 1:colcon.colcon_core.package_identification:_identify(.) by extension 'colcon_pkg'
[1.438s] Level 1:colcon.colcon_core.package_identification:_identify(.) by extensions ['colcon_meta']
[1.438s] Level 1:colcon.colcon_core.package_identification:_identify(.) by extension 'colcon_meta'
[1.439s] Level 1:colcon.colcon_core.package_identification:_identify(.) by extensions ['ros']
[1.439s] Level 1:colcon.colcon_core.package_identification:_identify(.) by extension 'ros'
[1.484s] Level 1:colcon.colcon_core.package_identification:_identify(.) by extensions ['cmake', 'python']
[1.485s] Level 1:colcon.colcon_core.package_identification:_identify(.) by extension 'cmake'
[1.485s] Level 1:colcon.colcon_core.package_identification:_identify(.) by extension 'python'
[1.485s] Level 1:colcon.colcon_core.package_identification:_identify(.) by extensions ['python_setup_py']
[1.485s] Level 1:colcon.colcon_core.package_identification:_identify(.) by extension 'python_setup_py'
[1.486s] Level 1:colcon.colcon_core.package_identification:_identify(build) by extensions ['ignore', 'ignore_ament_install']
[1.486s] Level 1:colcon.colcon_core.package_identification:_identify(build) by extension 'ignore'
[1.486s] Level 1:colcon.colcon_core.package_identification:_identify(build) ignored
[1.487s] Level 1:colcon.colcon_core.package_identification:_identify(install) by extensions ['ignore', 'ignore_ament_install']
[1.487s] Level 1:colcon.colcon_core.package_identification:_identify(install) by extension 'ignore'
[1.487s] Level 1:colcon.colcon_core.package_identification:_identify(install) ignored
[1.488s] Level 1:colcon.colcon_core.package_identification:_identify(log) by extensions ['ignore', 'ignore_ament_install']
[1.488s] Level 1:colcon.colcon_core.package_identification:_identify(log) by extension 'ignore'
[1.489s] Level 1:colcon.colcon_core.package_identification:_identify(log) ignored
[1.489s] Level 1:colcon.colcon_core.package_identification:_identify(src) by extensions ['ignore', 'ignore_ament_install']
[1.489s] Level 1:colcon.colcon_core.package_identification:_identify(src) by extension 'ignore'
[1.489s] Level 1:colcon.colcon_core.package_identification:_identify(src) by extension 'ignore_ament_install'
[1.490s] Level 1:colcon.colcon_core.package_identification:_identify(src) by extensions ['colcon_pkg']
[1.490s] Level 1:colcon.colcon_core.package_identification:_identify(src) by extension 'colcon_pkg'
[1.490s] Level 1:colcon.colcon_core.package_identification:_identify(src) by extensions ['colcon_meta']
[1.490s] Level 1:colcon.colcon_core.package_identification:_identify(src) by extension 'colcon_meta'
[1.490s] Level 1:colcon.colcon_core.package_identification:_identify(src) by extensions ['ros']
[1.490s] Level 1:colcon.colcon_core.package_identification:_identify(src) by extension 'ros'
[1.491s] Level 1:colcon.colcon_core.package_identification:_identify(src) by extensions ['cmake', 'python']
[1.491s] Level 1:colcon.colcon_core.package_identification:_identify(src) by extension 'cmake'
[1.491s] Level 1:colcon.colcon_core.package_identification:_identify(src) by extension 'python'
[1.491s] Level 1:colcon.colcon_core.package_identification:_identify(src) by extensions ['python_setup_py']
[1.491s] Level 1:colcon.colcon_core.package_identification:_identify(src) by extension 'python_setup_py'
[1.492s] Level 1:colcon.colcon_core.package_identification:_identify(src/csv_data) by extensions ['ignore', 'ignore_ament_install']
[1.492s] Level 1:colcon.colcon_core.package_identification:_identify(src/csv_data) by extension 'ignore'
[1.492s] Level 1:colcon.colcon_core.package_identification:_identify(src/csv_data) by extension 'ignore_ament_install'
[1.492s] Level 1:colcon.colcon_core.package_identification:_identify(src/csv_data) by extensions ['colcon_pkg']
[1.493s] Level 1:colcon.colcon_core.package_identification:_identify(src/csv_data) by extension 'colcon_pkg'
[1.493s] Level 1:colcon.colcon_core.package_identification:_identify(src/csv_data) by extensions ['colcon_meta']
[1.493s] Level 1:colcon.colcon_core.package_identification:_identify(src/csv_data) by extension 'colcon_meta'
[1.493s] Level 1:colcon.colcon_core.package_identification:_identify(src/csv_data) by extensions ['ros']
[1.493s] Level 1:colcon.colcon_core.package_identification:_identify(src/csv_data) by extension 'ros'
[1.493s] Level 1:colcon.colcon_core.package_identification:_identify(src/csv_data) by extensions ['cmake', 'python']
[1.494s] Level 1:colcon.colcon_core.package_identification:_identify(src/csv_data) by extension 'cmake'
[1.494s] Level 1:colcon.colcon_core.package_identification:_identify(src/csv_data) by extension 'python'
[1.494s] Level 1:colcon.colcon_core.package_identification:_identify(src/csv_data) by extensions ['python_setup_py']
[1.494s] Level 1:colcon.colcon_core.package_identification:_identify(src/csv_data) by extension 'python_setup_py'
[1.495s] Level 1:colcon.colcon_core.package_identification:_identify(src/f1tenth_system) by extensions ['ignore', 'ignore_ament_install']
[1.495s] Level 1:colcon.colcon_core.package_identification:_identify(src/f1tenth_system) by extension 'ignore'
[1.495s] Level 1:colcon.colcon_core.package_identification:_identify(src/f1tenth_system) by extension 'ignore_ament_install'
[1.495s] Level 1:colcon.colcon_core.package_identification:_identify(src/f1tenth_system) by extensions ['colcon_pkg']
[1.495s] Level 1:colcon.colcon_core.package_identification:_identify(src/f1tenth_system) by extension 'colcon_pkg'
[1.496s] Level 1:colcon.colcon_core.package_identification:_identify(src/f1tenth_system) by extensions ['colcon_meta']
[1.496s] Level 1:colcon.colcon_core.package_identification:_identify(src/f1tenth_system) by extension 'colcon_meta'
[1.496s] Level 1:colcon.colcon_core.package_identification:_identify(src/f1tenth_system) by extensions ['ros']
[1.496s] Level 1:colcon.colcon_core.package_identification:_identify(src/f1tenth_system) by extension 'ros'
[1.496s] Level 1:colcon.colcon_core.package_identification:_identify(src/f1tenth_system) by extensions ['cmake', 'python']
[1.497s] Level 1:colcon.colcon_core.package_identification:_identify(src/f1tenth_system) by extension 'cmake'
[1.497s] Level 1:colcon.colcon_core.package_identification:_identify(src/f1tenth_system) by extension 'python'
[1.497s] Level 1:colcon.colcon_core.package_identification:_identify(src/f1tenth_system) by extensions ['python_setup_py']
[1.497s] Level 1:colcon.colcon_core.package_identification:_identify(src/f1tenth_system) by extension 'python_setup_py'
[1.497s] Level 1:colcon.colcon_core.package_identification:_identify(src/f1tenth_system/ackermann_mux) by extensions ['ignore', 'ignore_ament_install']
[1.498s] Level 1:colcon.colcon_core.package_identification:_identify(src/f1tenth_system/ackermann_mux) by extension 'ignore'
[1.498s] Level 1:colcon.colcon_core.package_identification:_identify(src/f1tenth_system/ackermann_mux) by extension 'ignore_ament_install'
[1.498s] Level 1:colcon.colcon_core.package_identification:_identify(src/f1tenth_system/ackermann_mux) by extensions ['colcon_pkg']
[1.498s] Level 1:colcon.colcon_core.package_identification:_identify(src/f1tenth_system/ackermann_mux) by extension 'colcon_pkg'
[1.498s] Level 1:colcon.colcon_core.package_identification:_identify(src/f1tenth_system/ackermann_mux) by extensions ['colcon_meta']
[1.498s] Level 1:colcon.colcon_core.package_identification:_identify(src/f1tenth_system/ackermann_mux) by extension 'colcon_meta'
[1.499s] Level 1:colcon.colcon_core.package_identification:_identify(src/f1tenth_system/ackermann_mux) by extensions ['ros']
[1.499s] Level 1:colcon.colcon_core.package_identification:_identify(src/f1tenth_system/ackermann_mux) by extension 'ros'
[1.510s] DEBUG:colcon.colcon_core.package_identification:Package 'src/f1tenth_system/ackermann_mux' with type 'ros.ament_cmake' and name 'ackermann_mux'
[1.511s] Level 1:colcon.colcon_core.package_identification:_identify(src/f1tenth_system/f1tenth_stack) by extensions ['ignore', 'ignore_ament_install']
[1.511s] Level 1:colcon.colcon_core.package_identification:_identify(src/f1tenth_system/f1tenth_stack) by extension 'ignore'
[1.512s] Level 1:colcon.colcon_core.package_identification:_identify(src/f1tenth_system/f1tenth_stack) by extension 'ignore_ament_install'
[1.512s] Level 1:colcon.colcon_core.package_identification:_identify(src/f1tenth_system/f1tenth_stack) by extensions ['colcon_pkg']
[1.512s] Level 1:colcon.colcon_core.package_identification:_identify(src/f1tenth_system/f1tenth_stack) by extension 'colcon_pkg'
[1.512s] Level 1:colcon.colcon_core.package_identification:_identify(src/f1tenth_system/f1tenth_stack) by extensions ['colcon_meta']
[1.512s] Level 1:colcon.colcon_core.package_identification:_identify(src/f1tenth_system/f1tenth_stack) by extension 'colcon_meta'
[1.513s] Level 1:colcon.colcon_core.package_identification:_identify(src/f1tenth_system/f1tenth_stack) by extensions ['ros']
[1.513s] Level 1:colcon.colcon_core.package_identification:_identify(src/f1tenth_system/f1tenth_stack) by extension 'ros'
[1.517s] DEBUG:colcon.colcon_core.package_identification:Package 'src/f1tenth_system/f1tenth_stack' with type 'ros.ament_python' and name 'f1tenth_stack'
[1.517s] Level 1:colcon.colcon_core.package_identification:_identify(src/f1tenth_system/gap_follow) by extensions ['ignore', 'ignore_ament_install']
[1.518s] Level 1:colcon.colcon_core.package_identification:_identify(src/f1tenth_system/gap_follow) by extension 'ignore'
[1.518s] Level 1:colcon.colcon_core.package_identification:_identify(src/f1tenth_system/gap_follow) by extension 'ignore_ament_install'
[1.518s] Level 1:colcon.colcon_core.package_identification:_identify(src/f1tenth_system/gap_follow) by extensions ['colcon_pkg']
[1.518s] Level 1:colcon.colcon_core.package_identification:_identify(src/f1tenth_system/gap_follow) by extension 'colcon_pkg'
[1.519s] Level 1:colcon.colcon_core.package_identification:_identify(src/f1tenth_system/gap_follow) by extensions ['colcon_meta']
[1.519s] Level 1:colcon.colcon_core.package_identification:_identify(src/f1tenth_system/gap_follow) by extension 'colcon_meta'
[1.519s] Level 1:colcon.colcon_core.package_identification:_identify(src/f1tenth_system/gap_follow) by extensions ['ros']
[1.519s] Level 1:colcon.colcon_core.package_identification:_identify(src/f1tenth_system/gap_follow) by extension 'ros'
[1.523s] DEBUG:colcon.colcon_core.package_identification:Package 'src/f1tenth_system/gap_follow' with type 'ros.ament_cmake' and name 'gap_follow'
[1.523s] Level 1:colcon.colcon_core.package_identification:_identify(src/f1tenth_system/lqr) by extensions ['ignore', 'ignore_ament_install']
[1.524s] Level 1:colcon.colcon_core.package_identification:_identify(src/f1tenth_system/lqr) by extension 'ignore'
[1.524s] Level 1:colcon.colcon_core.package_identification:_identify(src/f1tenth_system/lqr) by extension 'ignore_ament_install'
[1.524s] Level 1:colcon.colcon_core.package_identification:_identify(src/f1tenth_system/lqr) by extensions ['colcon_pkg']
[1.524s] Level 1:colcon.colcon_core.package_identification:_identify(src/f1tenth_system/lqr) by extension 'colcon_pkg'
[1.525s] Level 1:colcon.colcon_core.package_identification:_identify(src/f1tenth_system/lqr) by extensions ['colcon_meta']
[1.525s] Level 1:colcon.colcon_core.package_identification:_identify(src/f1tenth_system/lqr) by extension 'colcon_meta'
[1.525s] Level 1:colcon.colcon_core.package_identification:_identify(src/f1tenth_system/lqr) by extensions ['ros']
[1.525s] Level 1:colcon.colcon_core.package_identification:_identify(src/f1tenth_system/lqr) by extension 'ros'
[1.530s] DEBUG:colcon.colcon_core.package_identification:Package 'src/f1tenth_system/lqr' with type 'ros.ament_cmake' and name 'lqr'
[1.530s] Level 1:colcon.colcon_core.package_identification:_identify(src/f1tenth_system/particle filter) by extensions ['ignore', 'ignore_ament_install']
[1.531s] Level 1:colcon.colcon_core.package_identification:_identify(src/f1tenth_system/particle filter) by extension 'ignore'
[1.531s] Level 1:colcon.colcon_core.package_identification:_identify(src/f1tenth_system/particle filter) by extension 'ignore_ament_install'
[1.531s] Level 1:colcon.colcon_core.package_identification:_identify(src/f1tenth_system/particle filter) by extensions ['colcon_pkg']
[1.531s] Level 1:colcon.colcon_core.package_identification:_identify(src/f1tenth_system/particle filter) by extension 'colcon_pkg'
[1.532s] Level 1:colcon.colcon_core.package_identification:_identify(src/f1tenth_system/particle filter) by extensions ['colcon_meta']
[1.532s] Level 1:colcon.colcon_core.package_identification:_identify(src/f1tenth_system/particle filter) by extension 'colcon_meta'
[1.532s] Level 1:colcon.colcon_core.package_identification:_identify(src/f1tenth_system/particle filter) by extensions ['ros']
[1.532s] Level 1:colcon.colcon_core.package_identification:_identify(src/f1tenth_system/particle filter) by extension 'ros'
[1.536s] DEBUG:colcon.colcon_core.package_identification:Package 'src/f1tenth_system/particle filter' with type 'ros.ament_python' and name 'particle_filter'
[1.536s] Level 1:colcon.colcon_core.package_identification:_identify(src/f1tenth_system/pure_pursuit) by extensions ['ignore', 'ignore_ament_install']
[1.537s] Level 1:colcon.colcon_core.package_identification:_identify(src/f1tenth_system/pure_pursuit) by extension 'ignore'
[1.537s] Level 1:colcon.colcon_core.package_identification:_identify(src/f1tenth_system/pure_pursuit) by extension 'ignore_ament_install'
[1.537s] Level 1:colcon.colcon_core.package_identification:_identify(src/f1tenth_system/pure_pursuit) by extensions ['colcon_pkg']
[1.537s] Level 1:colcon.colcon_core.package_identification:_identify(src/f1tenth_system/pure_pursuit) by extension 'colcon_pkg'
[1.537s] Level 1:colcon.colcon_core.package_identification:_identify(src/f1tenth_system/pure_pursuit) by extensions ['colcon_meta']
[1.537s] Level 1:colcon.colcon_core.package_identification:_identify(src/f1tenth_system/pure_pursuit) by extension 'colcon_meta'
[1.538s] Level 1:colcon.colcon_core.package_identification:_identify(src/f1tenth_system/pure_pursuit) by extensions ['ros']
[1.538s] Level 1:colcon.colcon_core.package_identification:_identify(src/f1tenth_system/pure_pursuit) by extension 'ros'
[1.542s] DEBUG:colcon.colcon_core.package_identification:Package 'src/f1tenth_system/pure_pursuit' with type 'ros.ament_cmake' and name 'pure_pursuit'
[1.542s] Level 1:colcon.colcon_core.package_identification:_identify(src/f1tenth_system/scripts) by extensions ['ignore', 'ignore_ament_install']
[1.543s] Level 1:colcon.colcon_core.package_identification:_identify(src/f1tenth_system/scripts) by extension 'ignore'
[1.543s] Level 1:colcon.colcon_core.package_identification:_identify(src/f1tenth_system/scripts) by extension 'ignore_ament_install'
[1.543s] Level 1:colcon.colcon_core.package_identification:_identify(src/f1tenth_system/scripts) by extensions ['colcon_pkg']
[1.543s] Level 1:colcon.colcon_core.package_identification:_identify(src/f1tenth_system/scripts) by extension 'colcon_pkg'
[1.544s] Level 1:colcon.colcon_core.package_identification:_identify(src/f1tenth_system/scripts) by extensions ['colcon_meta']
[1.544s] Level 1:colcon.colcon_core.package_identification:_identify(src/f1tenth_system/scripts) by extension 'colcon_meta'
[1.544s] Level 1:colcon.colcon_core.package_identification:_identify(src/f1tenth_system/scripts) by extensions ['ros']
[1.544s] Level 1:colcon.colcon_core.package_identification:_identify(src/f1tenth_system/scripts) by extension 'ros'
[1.544s] Level 1:colcon.colcon_core.package_identification:_identify(src/f1tenth_system/scripts) by extensions ['cmake', 'python']
[1.544s] Level 1:colcon.colcon_core.package_identification:_identify(src/f1tenth_system/scripts) by extension 'cmake'
[1.545s] Level 1:colcon.colcon_core.package_identification:_identify(src/f1tenth_system/scripts) by extension 'python'
[1.545s] Level 1:colcon.colcon_core.package_identification:_identify(src/f1tenth_system/scripts) by extensions ['python_setup_py']
[1.545s] Level 1:colcon.colcon_core.package_identification:_identify(src/f1tenth_system/scripts) by extension 'python_setup_py'
[1.545s] Level 1:colcon.colcon_core.package_identification:_identify(src/f1tenth_system/slam) by extensions ['ignore', 'ignore_ament_install']
[1.546s] Level 1:colcon.colcon_core.package_identification:_identify(src/f1tenth_system/slam) by extension 'ignore'
[1.546s] Level 1:colcon.colcon_core.package_identification:_identify(src/f1tenth_system/slam) by extension 'ignore_ament_install'
[1.546s] Level 1:colcon.colcon_core.package_identification:_identify(src/f1tenth_system/slam) by extensions ['colcon_pkg']
[1.546s] Level 1:colcon.colcon_core.package_identification:_identify(src/f1tenth_system/slam) by extension 'colcon_pkg'
[1.546s] Level 1:colcon.colcon_core.package_identification:_identify(src/f1tenth_system/slam) by extensions ['colcon_meta']
[1.546s] Level 1:colcon.colcon_core.package_identification:_identify(src/f1tenth_system/slam) by extension 'colcon_meta'
[1.547s] Level 1:colcon.colcon_core.package_identification:_identify(src/f1tenth_system/slam) by extensions ['ros']
[1.547s] Level 1:colcon.colcon_core.package_identification:_identify(src/f1tenth_system/slam) by extension 'ros'
[1.547s] Level 1:colcon.colcon_core.package_identification:_identify(src/f1tenth_system/slam) by extensions ['cmake', 'python']
[1.547s] Level 1:colcon.colcon_core.package_identification:_identify(src/f1tenth_system/slam) by extension 'cmake'
[1.547s] Level 1:colcon.colcon_core.package_identification:_identify(src/f1tenth_system/slam) by extension 'python'
[1.547s] Level 1:colcon.colcon_core.package_identification:_identify(src/f1tenth_system/slam) by extensions ['python_setup_py']
[1.548s] Level 1:colcon.colcon_core.package_identification:_identify(src/f1tenth_system/slam) by extension 'python_setup_py'
[1.548s] Level 1:colcon.colcon_core.package_identification:_identify(src/f1tenth_system/stanley_avoidance) by extensions ['ignore', 'ignore_ament_install']
[1.548s] Level 1:colcon.colcon_core.package_identification:_identify(src/f1tenth_system/stanley_avoidance) by extension 'ignore'
[1.549s] Level 1:colcon.colcon_core.package_identification:_identify(src/f1tenth_system/stanley_avoidance) by extension 'ignore_ament_install'
[1.549s] Level 1:colcon.colcon_core.package_identification:_identify(src/f1tenth_system/stanley_avoidance) by extensions ['colcon_pkg']
[1.549s] Level 1:colcon.colcon_core.package_identification:_identify(src/f1tenth_system/stanley_avoidance) by extension 'colcon_pkg'
[1.549s] Level 1:colcon.colcon_core.package_identification:_identify(src/f1tenth_system/stanley_avoidance) by extensions ['colcon_meta']
[1.549s] Level 1:colcon.colcon_core.package_identification:_identify(src/f1tenth_system/stanley_avoidance) by extension 'colcon_meta'
[1.549s] Level 1:colcon.colcon_core.package_identification:_identify(src/f1tenth_system/stanley_avoidance) by extensions ['ros']
[1.549s] Level 1:colcon.colcon_core.package_identification:_identify(src/f1tenth_system/stanley_avoidance) by extension 'ros'
[1.553s] DEBUG:colcon.colcon_core.package_identification:Package 'src/f1tenth_system/stanley_avoidance' with type 'ros.ament_python' and name 'stanley_avoidance'
[1.554s] Level 1:colcon.colcon_core.package_identification:_identify(src/f1tenth_system/teleop_tools) by extensions ['ignore', 'ignore_ament_install']
[1.554s] Level 1:colcon.colcon_core.package_identification:_identify(src/f1tenth_system/teleop_tools) by extension 'ignore'
[1.554s] Level 1:colcon.colcon_core.package_identification:_identify(src/f1tenth_system/teleop_tools) by extension 'ignore_ament_install'
[1.554s] Level 1:colcon.colcon_core.package_identification:_identify(src/f1tenth_system/teleop_tools) by extensions ['colcon_pkg']
[1.554s] Level 1:colcon.colcon_core.package_identification:_identify(src/f1tenth_system/teleop_tools) by extension 'colcon_pkg'
[1.555s] Level 1:colcon.colcon_core.package_identification:_identify(src/f1tenth_system/teleop_tools) by extensions ['colcon_meta']
[1.555s] Level 1:colcon.colcon_core.package_identification:_identify(src/f1tenth_system/teleop_tools) by extension 'colcon_meta'
[1.555s] Level 1:colcon.colcon_core.package_identification:_identify(src/f1tenth_system/teleop_tools) by extensions ['ros']
[1.555s] Level 1:colcon.colcon_core.package_identification:_identify(src/f1tenth_system/teleop_tools) by extension 'ros'
[1.556s] Level 1:colcon.colcon_core.package_identification:_identify(src/f1tenth_system/teleop_tools) by extensions ['cmake', 'python']
[1.556s] Level 1:colcon.colcon_core.package_identification:_identify(src/f1tenth_system/teleop_tools) by extension 'cmake'
[1.556s] Level 1:colcon.colcon_core.package_identification:_identify(src/f1tenth_system/teleop_tools) by extension 'python'
[1.556s] Level 1:colcon.colcon_core.package_identification:_identify(src/f1tenth_system/teleop_tools) by extensions ['python_setup_py']
[1.556s] Level 1:colcon.colcon_core.package_identification:_identify(src/f1tenth_system/teleop_tools) by extension 'python_setup_py'
[1.557s] Level 1:colcon.colcon_core.package_identification:_identify(src/f1tenth_system/teleop_tools/joy_teleop) by extensions ['ignore', 'ignore_ament_install']
[1.557s] Level 1:colcon.colcon_core.package_identification:_identify(src/f1tenth_system/teleop_tools/joy_teleop) by extension 'ignore'
[1.557s] Level 1:colcon.colcon_core.package_identification:_identify(src/f1tenth_system/teleop_tools/joy_teleop) by extension 'ignore_ament_install'
[1.557s] Level 1:colcon.colcon_core.package_identification:_identify(src/f1tenth_system/teleop_tools/joy_teleop) by extensions ['colcon_pkg']
[1.557s] Level 1:colcon.colcon_core.package_identification:_identify(src/f1tenth_system/teleop_tools/joy_teleop) by extension 'colcon_pkg'
[1.558s] Level 1:colcon.colcon_core.package_identification:_identify(src/f1tenth_system/teleop_tools/joy_teleop) by extensions ['colcon_meta']
[1.558s] Level 1:colcon.colcon_core.package_identification:_identify(src/f1tenth_system/teleop_tools/joy_teleop) by extension 'colcon_meta'
[1.558s] Level 1:colcon.colcon_core.package_identification:_identify(src/f1tenth_system/teleop_tools/joy_teleop) by extensions ['ros']
[1.558s] Level 1:colcon.colcon_core.package_identification:_identify(src/f1tenth_system/teleop_tools/joy_teleop) by extension 'ros'
[1.562s] DEBUG:colcon.colcon_core.package_identification:Package 'src/f1tenth_system/teleop_tools/joy_teleop' with type 'ros.ament_python' and name 'joy_teleop'
[1.562s] Level 1:colcon.colcon_core.package_identification:_identify(src/f1tenth_system/teleop_tools/key_teleop) by extensions ['ignore', 'ignore_ament_install']
[1.563s] Level 1:colcon.colcon_core.package_identification:_identify(src/f1tenth_system/teleop_tools/key_teleop) by extension 'ignore'
[1.563s] Level 1:colcon.colcon_core.package_identification:_identify(src/f1tenth_system/teleop_tools/key_teleop) by extension 'ignore_ament_install'
[1.563s] Level 1:colcon.colcon_core.package_identification:_identify(src/f1tenth_system/teleop_tools/key_teleop) by extensions ['colcon_pkg']
[1.563s] Level 1:colcon.colcon_core.package_identification:_identify(src/f1tenth_system/teleop_tools/key_teleop) by extension 'colcon_pkg'
[1.563s] Level 1:colcon.colcon_core.package_identification:_identify(src/f1tenth_system/teleop_tools/key_teleop) by extensions ['colcon_meta']
[1.564s] Level 1:colcon.colcon_core.package_identification:_identify(src/f1tenth_system/teleop_tools/key_teleop) by extension 'colcon_meta'
[1.564s] Level 1:colcon.colcon_core.package_identification:_identify(src/f1tenth_system/teleop_tools/key_teleop) by extensions ['ros']
[1.564s] Level 1:colcon.colcon_core.package_identification:_identify(src/f1tenth_system/teleop_tools/key_teleop) by extension 'ros'
[1.566s] DEBUG:colcon.colcon_core.package_identification:Package 'src/f1tenth_system/teleop_tools/key_teleop' with type 'ros.ament_python' and name 'key_teleop'
[1.567s] Level 1:colcon.colcon_core.package_identification:_identify(src/f1tenth_system/teleop_tools/mouse_teleop) by extensions ['ignore', 'ignore_ament_install']
[1.567s] Level 1:colcon.colcon_core.package_identification:_identify(src/f1tenth_system/teleop_tools/mouse_teleop) by extension 'ignore'
[1.567s] Level 1:colcon.colcon_core.package_identification:_identify(src/f1tenth_system/teleop_tools/mouse_teleop) by extension 'ignore_ament_install'
[1.567s] Level 1:colcon.colcon_core.package_identification:_identify(src/f1tenth_system/teleop_tools/mouse_teleop) by extensions ['colcon_pkg']
[1.567s] Level 1:colcon.colcon_core.package_identification:_identify(src/f1tenth_system/teleop_tools/mouse_teleop) by extension 'colcon_pkg'
[1.568s] Level 1:colcon.colcon_core.package_identification:_identify(src/f1tenth_system/teleop_tools/mouse_teleop) by extensions ['colcon_meta']
[1.568s] Level 1:colcon.colcon_core.package_identification:_identify(src/f1tenth_system/teleop_tools/mouse_teleop) by extension 'colcon_meta'
[1.568s] Level 1:colcon.colcon_core.package_identification:_identify(src/f1tenth_system/teleop_tools/mouse_teleop) by extensions ['ros']
[1.568s] Level 1:colcon.colcon_core.package_identification:_identify(src/f1tenth_system/teleop_tools/mouse_teleop) by extension 'ros'
[1.570s] DEBUG:colcon.colcon_core.package_identification:Package 'src/f1tenth_system/teleop_tools/mouse_teleop' with type 'ros.ament_python' and name 'mouse_teleop'
[1.571s] Level 1:colcon.colcon_core.package_identification:_identify(src/f1tenth_system/teleop_tools/teleop_tools) by extensions ['ignore', 'ignore_ament_install']
[1.571s] Level 1:colcon.colcon_core.package_identification:_identify(src/f1tenth_system/teleop_tools/teleop_tools) by extension 'ignore'
[1.571s] Level 1:colcon.colcon_core.package_identification:_identify(src/f1tenth_system/teleop_tools/teleop_tools) by extension 'ignore_ament_install'
[1.572s] Level 1:colcon.colcon_core.package_identification:_identify(src/f1tenth_system/teleop_tools/teleop_tools) by extensions ['colcon_pkg']
[1.572s] Level 1:colcon.colcon_core.package_identification:_identify(src/f1tenth_system/teleop_tools/teleop_tools) by extension 'colcon_pkg'
[1.572s] Level 1:colcon.colcon_core.package_identification:_identify(src/f1tenth_system/teleop_tools/teleop_tools) by extensions ['colcon_meta']
[1.572s] Level 1:colcon.colcon_core.package_identification:_identify(src/f1tenth_system/teleop_tools/teleop_tools) by extension 'colcon_meta'
[1.572s] Level 1:colcon.colcon_core.package_identification:_identify(src/f1tenth_system/teleop_tools/teleop_tools) by extensions ['ros']
[1.572s] Level 1:colcon.colcon_core.package_identification:_identify(src/f1tenth_system/teleop_tools/teleop_tools) by extension 'ros'
[1.574s] DEBUG:colcon.colcon_core.package_identification:Package 'src/f1tenth_system/teleop_tools/teleop_tools' with type 'ros.ament_cmake' and name 'teleop_tools'
[1.575s] Level 1:colcon.colcon_core.package_identification:_identify(src/f1tenth_system/teleop_tools/teleop_tools_msgs) by extensions ['ignore', 'ignore_ament_install']
[1.575s] Level 1:colcon.colcon_core.package_identification:_identify(src/f1tenth_system/teleop_tools/teleop_tools_msgs) by extension 'ignore'
[1.575s] Level 1:colcon.colcon_core.package_identification:_identify(src/f1tenth_system/teleop_tools/teleop_tools_msgs) by extension 'ignore_ament_install'
[1.575s] Level 1:colcon.colcon_core.package_identification:_identify(src/f1tenth_system/teleop_tools/teleop_tools_msgs) by extensions ['colcon_pkg']
[1.575s] Level 1:colcon.colcon_core.package_identification:_identify(src/f1tenth_system/teleop_tools/teleop_tools_msgs) by extension 'colcon_pkg'
[1.576s] Level 1:colcon.colcon_core.package_identification:_identify(src/f1tenth_system/teleop_tools/teleop_tools_msgs) by extensions ['colcon_meta']
[1.576s] Level 1:colcon.colcon_core.package_identification:_identify(src/f1tenth_system/teleop_tools/teleop_tools_msgs) by extension 'colcon_meta'
[1.576s] Level 1:colcon.colcon_core.package_identification:_identify(src/f1tenth_system/teleop_tools/teleop_tools_msgs) by extensions ['ros']
[1.576s] Level 1:colcon.colcon_core.package_identification:_identify(src/f1tenth_system/teleop_tools/teleop_tools_msgs) by extension 'ros'
[1.578s] DEBUG:colcon.colcon_core.package_identification:Package 'src/f1tenth_system/teleop_tools/teleop_tools_msgs' with type 'ros.ament_cmake' and name 'teleop_tools_msgs'
[1.579s] Level 1:colcon.colcon_core.package_identification:_identify(src/f1tenth_system/ver_trayectoria) by extensions ['ignore', 'ignore_ament_install']
[1.579s] Level 1:colcon.colcon_core.package_identification:_identify(src/f1tenth_system/ver_trayectoria) by extension 'ignore'
[1.579s] Level 1:colcon.colcon_core.package_identification:_identify(src/f1tenth_system/ver_trayectoria) by extension 'ignore_ament_install'
[1.579s] Level 1:colcon.colcon_core.package_identification:_identify(src/f1tenth_system/ver_trayectoria) by extensions ['colcon_pkg']
[1.579s] Level 1:colcon.colcon_core.package_identification:_identify(src/f1tenth_system/ver_trayectoria) by extension 'colcon_pkg'
[1.580s] Level 1:colcon.colcon_core.package_identification:_identify(src/f1tenth_system/ver_trayectoria) by extensions ['colcon_meta']
[1.580s] Level 1:colcon.colcon_core.package_identification:_identify(src/f1tenth_system/ver_trayectoria) by extension 'colcon_meta'
[1.580s] Level 1:colcon.colcon_core.package_identification:_identify(src/f1tenth_system/ver_trayectoria) by extensions ['ros']
[1.580s] Level 1:colcon.colcon_core.package_identification:_identify(src/f1tenth_system/ver_trayectoria) by extension 'ros'
[1.582s] DEBUG:colcon.colcon_core.package_identification:Package 'src/f1tenth_system/ver_trayectoria' with type 'ros.ament_python' and name 'ver_trayectoria'
[1.583s] Level 1:colcon.colcon_core.package_identification:_identify(src/f1tenth_system/vesc) by extensions ['ignore', 'ignore_ament_install']
[1.583s] Level 1:colcon.colcon_core.package_identification:_identify(src/f1tenth_system/vesc) by extension 'ignore'
[1.583s] Level 1:colcon.colcon_core.package_identification:_identify(src/f1tenth_system/vesc) by extension 'ignore_ament_install'
[1.584s] Level 1:colcon.colcon_core.package_identification:_identify(src/f1tenth_system/vesc) by extensions ['colcon_pkg']
[1.584s] Level 1:colcon.colcon_core.package_identification:_identify(src/f1tenth_system/vesc) by extension 'colcon_pkg'
[1.584s] Level 1:colcon.colcon_core.package_identification:_identify(src/f1tenth_system/vesc) by extensions ['colcon_meta']
[1.584s] Level 1:colcon.colcon_core.package_identification:_identify(src/f1tenth_system/vesc) by extension 'colcon_meta'
[1.584s] Level 1:colcon.colcon_core.package_identification:_identify(src/f1tenth_system/vesc) by extensions ['ros']
[1.584s] Level 1:colcon.colcon_core.package_identification:_identify(src/f1tenth_system/vesc) by extension 'ros'
[1.585s] Level 1:colcon.colcon_core.package_identification:_identify(src/f1tenth_system/vesc) by extensions ['cmake', 'python']
[1.585s] Level 1:colcon.colcon_core.package_identification:_identify(src/f1tenth_system/vesc) by extension 'cmake'
[1.585s] Level 1:colcon.colcon_core.package_identification:_identify(src/f1tenth_system/vesc) by extension 'python'
[1.585s] Level 1:colcon.colcon_core.package_identification:_identify(src/f1tenth_system/vesc) by extensions ['python_setup_py']
[1.585s] Level 1:colcon.colcon_core.package_identification:_identify(src/f1tenth_system/vesc) by extension 'python_setup_py'
[1.586s] Level 1:colcon.colcon_core.package_identification:_identify(src/f1tenth_system/vesc/vesc) by extensions ['ignore', 'ignore_ament_install']
[1.586s] Level 1:colcon.colcon_core.package_identification:_identify(src/f1tenth_system/vesc/vesc) by extension 'ignore'
[1.586s] Level 1:colcon.colcon_core.package_identification:_identify(src/f1tenth_system/vesc/vesc) by extension 'ignore_ament_install'
[1.586s] Level 1:colcon.colcon_core.package_identification:_identify(src/f1tenth_system/vesc/vesc) by extensions ['colcon_pkg']
[1.586s] Level 1:colcon.colcon_core.package_identification:_identify(src/f1tenth_system/vesc/vesc) by extension 'colcon_pkg'
[1.587s] Level 1:colcon.colcon_core.package_identification:_identify(src/f1tenth_system/vesc/vesc) by extensions ['colcon_meta']
[1.587s] Level 1:colcon.colcon_core.package_identification:_identify(src/f1tenth_system/vesc/vesc) by extension 'colcon_meta'
[1.587s] Level 1:colcon.colcon_core.package_identification:_identify(src/f1tenth_system/vesc/vesc) by extensions ['ros']
[1.587s] Level 1:colcon.colcon_core.package_identification:_identify(src/f1tenth_system/vesc/vesc) by extension 'ros'
[1.589s] DEBUG:colcon.colcon_core.package_identification:Package 'src/f1tenth_system/vesc/vesc' with type 'ros.ament_cmake' and name 'vesc'
[1.590s] Level 1:colcon.colcon_core.package_identification:_identify(src/f1tenth_system/vesc/vesc_ackermann) by extensions ['ignore', 'ignore_ament_install']
[1.590s] Level 1:colcon.colcon_core.package_identification:_identify(src/f1tenth_system/vesc/vesc_ackermann) by extension 'ignore'
[1.590s] Level 1:colcon.colcon_core.package_identification:_identify(src/f1tenth_system/vesc/vesc_ackermann) by extension 'ignore_ament_install'
[1.590s] Level 1:colcon.colcon_core.package_identification:_identify(src/f1tenth_system/vesc/vesc_ackermann) by extensions ['colcon_pkg']
[1.590s] Level 1:colcon.colcon_core.package_identification:_identify(src/f1tenth_system/vesc/vesc_ackermann) by extension 'colcon_pkg'
[1.591s] Level 1:colcon.colcon_core.package_identification:_identify(src/f1tenth_system/vesc/vesc_ackermann) by extensions ['colcon_meta']
[1.591s] Level 1:colcon.colcon_core.package_identification:_identify(src/f1tenth_system/vesc/vesc_ackermann) by extension 'colcon_meta'
[1.591s] Level 1:colcon.colcon_core.package_identification:_identify(src/f1tenth_system/vesc/vesc_ackermann) by extensions ['ros']
[1.591s] Level 1:colcon.colcon_core.package_identification:_identify(src/f1tenth_system/vesc/vesc_ackermann) by extension 'ros'
[1.595s] DEBUG:colcon.colcon_core.package_identification:Package 'src/f1tenth_system/vesc/vesc_ackermann' with type 'ros.ament_cmake' and name 'vesc_ackermann'
[1.596s] Level 1:colcon.colcon_core.package_identification:_identify(src/f1tenth_system/vesc/vesc_driver) by extensions ['ignore', 'ignore_ament_install']
[1.596s] Level 1:colcon.colcon_core.package_identification:_identify(src/f1tenth_system/vesc/vesc_driver) by extension 'ignore'
[1.597s] Level 1:colcon.colcon_core.package_identification:_identify(src/f1tenth_system/vesc/vesc_driver) by extension 'ignore_ament_install'
[1.597s] Level 1:colcon.colcon_core.package_identification:_identify(src/f1tenth_system/vesc/vesc_driver) by extensions ['colcon_pkg']
[1.597s] Level 1:colcon.colcon_core.package_identification:_identify(src/f1tenth_system/vesc/vesc_driver) by extension 'colcon_pkg'
[1.597s] Level 1:colcon.colcon_core.package_identification:_identify(src/f1tenth_system/vesc/vesc_driver) by extensions ['colcon_meta']
[1.597s] Level 1:colcon.colcon_core.package_identification:_identify(src/f1tenth_system/vesc/vesc_driver) by extension 'colcon_meta'
[1.597s] Level 1:colcon.colcon_core.package_identification:_identify(src/f1tenth_system/vesc/vesc_driver) by extensions ['ros']
[1.598s] Level 1:colcon.colcon_core.package_identification:_identify(src/f1tenth_system/vesc/vesc_driver) by extension 'ros'
[1.602s] DEBUG:colcon.colcon_core.package_identification:Package 'src/f1tenth_system/vesc/vesc_driver' with type 'ros.ament_cmake' and name 'vesc_driver'
[1.602s] Level 1:colcon.colcon_core.package_identification:_identify(src/f1tenth_system/vesc/vesc_msgs) by extensions ['ignore', 'ignore_ament_install']
[1.603s] Level 1:colcon.colcon_core.package_identification:_identify(src/f1tenth_system/vesc/vesc_msgs) by extension 'ignore'
[1.603s] Level 1:colcon.colcon_core.package_identification:_identify(src/f1tenth_system/vesc/vesc_msgs) by extension 'ignore_ament_install'
[1.603s] Level 1:colcon.colcon_core.package_identification:_identify(src/f1tenth_system/vesc/vesc_msgs) by extensions ['colcon_pkg']
[1.603s] Level 1:colcon.colcon_core.package_identification:_identify(src/f1tenth_system/vesc/vesc_msgs) by extension 'colcon_pkg'
[1.604s] Level 1:colcon.colcon_core.package_identification:_identify(src/f1tenth_system/vesc/vesc_msgs) by extensions ['colcon_meta']
[1.604s] Level 1:colcon.colcon_core.package_identification:_identify(src/f1tenth_system/vesc/vesc_msgs) by extension 'colcon_meta'
[1.604s] Level 1:colcon.colcon_core.package_identification:_identify(src/f1tenth_system/vesc/vesc_msgs) by extensions ['ros']
[1.604s] Level 1:colcon.colcon_core.package_identification:_identify(src/f1tenth_system/vesc/vesc_msgs) by extension 'ros'
[1.608s] DEBUG:colcon.colcon_core.package_identification:Package 'src/f1tenth_system/vesc/vesc_msgs' with type 'ros.ament_cmake' and name 'vesc_msgs'
[1.608s] Level 1:colcon.colcon_core.package_identification:_identify(src/f1tenth_system/wall_follow) by extensions ['ignore', 'ignore_ament_install']
[1.609s] Level 1:colcon.colcon_core.package_identification:_identify(src/f1tenth_system/wall_follow) by extension 'ignore'
[1.609s] Level 1:colcon.colcon_core.package_identification:_identify(src/f1tenth_system/wall_follow) by extension 'ignore_ament_install'
[1.609s] Level 1:colcon.colcon_core.package_identification:_identify(src/f1tenth_system/wall_follow) by extensions ['colcon_pkg']
[1.609s] Level 1:colcon.colcon_core.package_identification:_identify(src/f1tenth_system/wall_follow) by extension 'colcon_pkg'
[1.609s] Level 1:colcon.colcon_core.package_identification:_identify(src/f1tenth_system/wall_follow) by extensions ['colcon_meta']
[1.611s] Level 1:colcon.colcon_core.package_identification:_identify(src/f1tenth_system/wall_follow) by extension 'colcon_meta'
[1.611s] Level 1:colcon.colcon_core.package_identification:_identify(src/f1tenth_system/wall_follow) by extensions ['ros']
[1.611s] Level 1:colcon.colcon_core.package_identification:_identify(src/f1tenth_system/wall_follow) by extension 'ros'
[1.615s] DEBUG:colcon.colcon_core.package_identification:Package 'src/f1tenth_system/wall_follow' with type 'ros.ament_cmake' and name 'wall_follow'
[1.616s] Level 1:colcon.colcon_core.package_identification:_identify(src/f1tenth_system/waypoint_generator) by extensions ['ignore', 'ignore_ament_install']
[1.616s] Level 1:colcon.colcon_core.package_identification:_identify(src/f1tenth_system/waypoint_generator) by extension 'ignore'
[1.617s] Level 1:colcon.colcon_core.package_identification:_identify(src/f1tenth_system/waypoint_generator) by extension 'ignore_ament_install'
[1.617s] Level 1:colcon.colcon_core.package_identification:_identify(src/f1tenth_system/waypoint_generator) by extensions ['colcon_pkg']
[1.617s] Level 1:colcon.colcon_core.package_identification:_identify(src/f1tenth_system/waypoint_generator) by extension 'colcon_pkg'
[1.617s] Level 1:colcon.colcon_core.package_identification:_identify(src/f1tenth_system/waypoint_generator) by extensions ['colcon_meta']
[1.617s] Level 1:colcon.colcon_core.package_identification:_identify(src/f1tenth_system/waypoint_generator) by extension 'colcon_meta'
[1.618s] Level 1:colcon.colcon_core.package_identification:_identify(src/f1tenth_system/waypoint_generator) by extensions ['ros']
[1.618s] Level 1:colcon.colcon_core.package_identification:_identify(src/f1tenth_system/waypoint_generator) by extension 'ros'
[1.623s] DEBUG:colcon.colcon_core.package_identification:Package 'src/f1tenth_system/waypoint_generator' with type 'ros.ament_cmake' and name 'waypoint_generator'
[1.623s] Level 1:colcon.colcon_core.package_discovery:discover_packages(recursive) using defaults
[1.624s] Level 1:colcon.colcon_core.package_discovery:discover_packages(ignore) discover
[1.624s] Level 1:colcon.colcon_core.package_discovery:discover_packages(ignore) using defaults
[1.624s] Level 1:colcon.colcon_core.package_discovery:discover_packages(path) discover
[1.624s] Level 1:colcon.colcon_core.package_discovery:discover_packages(path) using defaults
[1.742s] Level 1:colcon.colcon_core.package_discovery:discover_packages(prefix_path) check parameters
[1.742s] Level 1:colcon.colcon_core.package_discovery:discover_packages(prefix_path) discover
[1.756s] DEBUG:colcon.colcon_installed_package_information.package_discovery:Found 20 installed packages in /home/coche/coche_ws/install
[1.764s] DEBUG:colcon.colcon_installed_package_information.package_discovery:Found 280 installed packages in /opt/ros/foxy
[1.771s] Level 1:colcon.colcon_core.package_discovery:discover_packages(prefix_path) using defaults
[2.022s] Level 5:colcon.colcon_core.verb:set package 'ackermann_mux' build argument 'cmake_args' from command line to 'None'
[2.022s] Level 5:colcon.colcon_core.verb:set package 'ackermann_mux' build argument 'cmake_target' from command line to 'None'
[2.022s] Level 5:colcon.colcon_core.verb:set package 'ackermann_mux' build argument 'cmake_target_skip_unavailable' from command line to 'False'
[2.023s] Level 5:colcon.colcon_core.verb:set package 'ackermann_mux' build argument 'cmake_clean_cache' from command line to 'False'
[2.023s] Level 5:colcon.colcon_core.verb:set package 'ackermann_mux' build argument 'cmake_clean_first' from command line to 'False'
[2.023s] Level 5:colcon.colcon_core.verb:set package 'ackermann_mux' build argument 'cmake_force_configure' from command line to 'False'
[2.023s] Level 5:colcon.colcon_core.verb:set package 'ackermann_mux' build argument 'ament_cmake_args' from command line to 'None'
[2.023s] Level 5:colcon.colcon_core.verb:set package 'ackermann_mux' build argument 'catkin_cmake_args' from command line to 'None'
[2.023s] Level 5:colcon.colcon_core.verb:set package 'ackermann_mux' build argument 'catkin_skip_building_tests' from command line to 'False'
[2.023s] DEBUG:colcon.colcon_core.verb:Building package 'ackermann_mux' with the following arguments: {'ament_cmake_args': None, 'build_base': '/home/coche/coche_ws/build/ackermann_mux', 'catkin_cmake_args': None, 'catkin_skip_building_tests': False, 'cmake_args': None, 'cmake_clean_cache': False, 'cmake_clean_first': False, 'cmake_force_configure': False, 'cmake_target': None, 'cmake_target_skip_unavailable': False, 'install_base': '/home/coche/coche_ws/install/ackermann_mux', 'merge_install': False, 'path': '/home/coche/coche_ws/src/f1tenth_system/ackermann_mux', 'symlink_install': False, 'test_result_base': None}
[2.025s] Level 5:colcon.colcon_core.verb:set package 'gap_follow' build argument 'cmake_args' from command line to 'None'
[2.025s] Level 5:colcon.colcon_core.verb:set package 'gap_follow' build argument 'cmake_target' from command line to 'None'
[2.025s] Level 5:colcon.colcon_core.verb:set package 'gap_follow' build argument 'cmake_target_skip_unavailable' from command line to 'False'
[2.025s] Level 5:colcon.colcon_core.verb:set package 'gap_follow' build argument 'cmake_clean_cache' from command line to 'False'
[2.025s] Level 5:colcon.colcon_core.verb:set package 'gap_follow' build argument 'cmake_clean_first' from command line to 'False'
[2.026s] Level 5:colcon.colcon_core.verb:set package 'gap_follow' build argument 'cmake_force_configure' from command line to 'False'
[2.026s] Level 5:colcon.colcon_core.verb:set package 'gap_follow' build argument 'ament_cmake_args' from command line to 'None'
[2.026s] Level 5:colcon.colcon_core.verb:set package 'gap_follow' build argument 'catkin_cmake_args' from command line to 'None'
[2.026s] Level 5:colcon.colcon_core.verb:set package 'gap_follow' build argument 'catkin_skip_building_tests' from command line to 'False'
[2.026s] DEBUG:colcon.colcon_core.verb:Building package 'gap_follow' with the following arguments: {'ament_cmake_args': None, 'build_base': '/home/coche/coche_ws/build/gap_follow', 'catkin_cmake_args': None, 'catkin_skip_building_tests': False, 'cmake_args': None, 'cmake_clean_cache': False, 'cmake_clean_first': False, 'cmake_force_configure': False, 'cmake_target': None, 'cmake_target_skip_unavailable': False, 'install_base': '/home/coche/coche_ws/install/gap_follow', 'merge_install': False, 'path': '/home/coche/coche_ws/src/f1tenth_system/gap_follow', 'symlink_install': False, 'test_result_base': None}
[2.027s] Level 5:colcon.colcon_core.verb:set package 'key_teleop' build argument 'cmake_args' from command line to 'None'
[2.028s] Level 5:colcon.colcon_core.verb:set package 'key_teleop' build argument 'cmake_target' from command line to 'None'
[2.028s] Level 5:colcon.colcon_core.verb:set package 'key_teleop' build argument 'cmake_target_skip_unavailable' from command line to 'False'
[2.028s] Level 5:colcon.colcon_core.verb:set package 'key_teleop' build argument 'cmake_clean_cache' from command line to 'False'
[2.028s] Level 5:colcon.colcon_core.verb:set package 'key_teleop' build argument 'cmake_clean_first' from command line to 'False'
[2.028s] Level 5:colcon.colcon_core.verb:set package 'key_teleop' build argument 'cmake_force_configure' from command line to 'False'
[2.028s] Level 5:colcon.colcon_core.verb:set package 'key_teleop' build argument 'ament_cmake_args' from command line to 'None'
[2.028s] Level 5:colcon.colcon_core.verb:set package 'key_teleop' build argument 'catkin_cmake_args' from command line to 'None'
[2.028s] Level 5:colcon.colcon_core.verb:set package 'key_teleop' build argument 'catkin_skip_building_tests' from command line to 'False'
[2.028s] DEBUG:colcon.colcon_core.verb:Building package 'key_teleop' with the following arguments: {'ament_cmake_args': None, 'build_base': '/home/coche/coche_ws/build/key_teleop', 'catkin_cmake_args': None, 'catkin_skip_building_tests': False, 'cmake_args': None, 'cmake_clean_cache': False, 'cmake_clean_first': False, 'cmake_force_configure': False, 'cmake_target': None, 'cmake_target_skip_unavailable': False, 'install_base': '/home/coche/coche_ws/install/key_teleop', 'merge_install': False, 'path': '/home/coche/coche_ws/src/f1tenth_system/teleop_tools/key_teleop', 'symlink_install': False, 'test_result_base': None}
[2.030s] Level 5:colcon.colcon_core.verb:set package 'lqr' build argument 'cmake_args' from command line to 'None'
[2.030s] Level 5:colcon.colcon_core.verb:set package 'lqr' build argument 'cmake_target' from command line to 'None'
[2.030s] Level 5:colcon.colcon_core.verb:set package 'lqr' build argument 'cmake_target_skip_unavailable' from command line to 'False'
[2.030s] Level 5:colcon.colcon_core.verb:set package 'lqr' build argument 'cmake_clean_cache' from command line to 'False'
[2.030s] Level 5:colcon.colcon_core.verb:set package 'lqr' build argument 'cmake_clean_first' from command line to 'False'
[2.030s] Level 5:colcon.colcon_core.verb:set package 'lqr' build argument 'cmake_force_configure' from command line to 'False'
[2.031s] Level 5:colcon.colcon_core.verb:set package 'lqr' build argument 'ament_cmake_args' from command line to 'None'
[2.031s] Level 5:colcon.colcon_core.verb:set package 'lqr' build argument 'catkin_cmake_args' from command line to 'None'
[2.031s] Level 5:colcon.colcon_core.verb:set package 'lqr' build argument 'catkin_skip_building_tests' from command line to 'False'
[2.031s] DEBUG:colcon.colcon_core.verb:Building package 'lqr' with the following arguments: {'ament_cmake_args': None, 'build_base': '/home/coche/coche_ws/build/lqr', 'catkin_cmake_args': None, 'catkin_skip_building_tests': False, 'cmake_args': None, 'cmake_clean_cache': False, 'cmake_clean_first': False, 'cmake_force_configure': False, 'cmake_target': None, 'cmake_target_skip_unavailable': False, 'install_base': '/home/coche/coche_ws/install/lqr', 'merge_install': False, 'path': '/home/coche/coche_ws/src/f1tenth_system/lqr', 'symlink_install': False, 'test_result_base': None}
[2.032s] Level 5:colcon.colcon_core.verb:set package 'mouse_teleop' build argument 'cmake_args' from command line to 'None'
[2.032s] Level 5:colcon.colcon_core.verb:set package 'mouse_teleop' build argument 'cmake_target' from command line to 'None'
[2.033s] Level 5:colcon.colcon_core.verb:set package 'mouse_teleop' build argument 'cmake_target_skip_unavailable' from command line to 'False'
[2.033s] Level 5:colcon.colcon_core.verb:set package 'mouse_teleop' build argument 'cmake_clean_cache' from command line to 'False'
[2.033s] Level 5:colcon.colcon_core.verb:set package 'mouse_teleop' build argument 'cmake_clean_first' from command line to 'False'
[2.033s] Level 5:colcon.colcon_core.verb:set package 'mouse_teleop' build argument 'cmake_force_configure' from command line to 'False'
[2.033s] Level 5:colcon.colcon_core.verb:set package 'mouse_teleop' build argument 'ament_cmake_args' from command line to 'None'
[2.033s] Level 5:colcon.colcon_core.verb:set package 'mouse_teleop' build argument 'catkin_cmake_args' from command line to 'None'
[2.033s] Level 5:colcon.colcon_core.verb:set package 'mouse_teleop' build argument 'catkin_skip_building_tests' from command line to 'False'
[2.033s] DEBUG:colcon.colcon_core.verb:Building package 'mouse_teleop' with the following arguments: {'ament_cmake_args': None, 'build_base': '/home/coche/coche_ws/build/mouse_teleop', 'catkin_cmake_args': None, 'catkin_skip_building_tests': False, 'cmake_args': None, 'cmake_clean_cache': False, 'cmake_clean_first': False, 'cmake_force_configure': False, 'cmake_target': None, 'cmake_target_skip_unavailable': False, 'install_base': '/home/coche/coche_ws/install/mouse_teleop', 'merge_install': False, 'path': '/home/coche/coche_ws/src/f1tenth_system/teleop_tools/mouse_teleop', 'symlink_install': False, 'test_result_base': None}
[2.035s] Level 5:colcon.colcon_core.verb:set package 'particle_filter' build argument 'cmake_args' from command line to 'None'
[2.035s] Level 5:colcon.colcon_core.verb:set package 'particle_filter' build argument 'cmake_target' from command line to 'None'
[2.035s] Level 5:colcon.colcon_core.verb:set package 'particle_filter' build argument 'cmake_target_skip_unavailable' from command line to 'False'
[2.035s] Level 5:colcon.colcon_core.verb:set package 'particle_filter' build argument 'cmake_clean_cache' from command line to 'False'
[2.035s] Level 5:colcon.colcon_core.verb:set package 'particle_filter' build argument 'cmake_clean_first' from command line to 'False'
[2.035s] Level 5:colcon.colcon_core.verb:set package 'particle_filter' build argument 'cmake_force_configure' from command line to 'False'
[2.035s] Level 5:colcon.colcon_core.verb:set package 'particle_filter' build argument 'ament_cmake_args' from command line to 'None'
[2.035s] Level 5:colcon.colcon_core.verb:set package 'particle_filter' build argument 'catkin_cmake_args' from command line to 'None'
[2.036s] Level 5:colcon.colcon_core.verb:set package 'particle_filter' build argument 'catkin_skip_building_tests' from command line to 'False'
[2.036s] DEBUG:colcon.colcon_core.verb:Building package 'particle_filter' with the following arguments: {'ament_cmake_args': None, 'build_base': '/home/coche/coche_ws/build/particle_filter', 'catkin_cmake_args': None, 'catkin_skip_building_tests': False, 'cmake_args': None, 'cmake_clean_cache': False, 'cmake_clean_first': False, 'cmake_force_configure': False, 'cmake_target': None, 'cmake_target_skip_unavailable': False, 'install_base': '/home/coche/coche_ws/install/particle_filter', 'merge_install': False, 'path': '/home/coche/coche_ws/src/f1tenth_system/particle filter', 'symlink_install': False, 'test_result_base': None}
[2.037s] Level 5:colcon.colcon_core.verb:set package 'pure_pursuit' build argument 'cmake_args' from command line to 'None'
[2.037s] Level 5:colcon.colcon_core.verb:set package 'pure_pursuit' build argument 'cmake_target' from command line to 'None'
[2.037s] Level 5:colcon.colcon_core.verb:set package 'pure_pursuit' build argument 'cmake_target_skip_unavailable' from command line to 'False'
[2.037s] Level 5:colcon.colcon_core.verb:set package 'pure_pursuit' build argument 'cmake_clean_cache' from command line to 'False'
[2.037s] Level 5:colcon.colcon_core.verb:set package 'pure_pursuit' build argument 'cmake_clean_first' from command line to 'False'
[2.037s] Level 5:colcon.colcon_core.verb:set package 'pure_pursuit' build argument 'cmake_force_configure' from command line to 'False'
[2.038s] Level 5:colcon.colcon_core.verb:set package 'pure_pursuit' build argument 'ament_cmake_args' from command line to 'None'
[2.038s] Level 5:colcon.colcon_core.verb:set package 'pure_pursuit' build argument 'catkin_cmake_args' from command line to 'None'
[2.038s] Level 5:colcon.colcon_core.verb:set package 'pure_pursuit' build argument 'catkin_skip_building_tests' from command line to 'False'
[2.038s] DEBUG:colcon.colcon_core.verb:Building package 'pure_pursuit' with the following arguments: {'ament_cmake_args': None, 'build_base': '/home/coche/coche_ws/build/pure_pursuit', 'catkin_cmake_args': None, 'catkin_skip_building_tests': False, 'cmake_args': None, 'cmake_clean_cache': False, 'cmake_clean_first': False, 'cmake_force_configure': False, 'cmake_target': None, 'cmake_target_skip_unavailable': False, 'install_base': '/home/coche/coche_ws/install/pure_pursuit', 'merge_install': False, 'path': '/home/coche/coche_ws/src/f1tenth_system/pure_pursuit', 'symlink_install': False, 'test_result_base': None}
[2.039s] Level 5:colcon.colcon_core.verb:set package 'stanley_avoidance' build argument 'cmake_args' from command line to 'None'
[2.039s] Level 5:colcon.colcon_core.verb:set package 'stanley_avoidance' build argument 'cmake_target' from command line to 'None'
[2.039s] Level 5:colcon.colcon_core.verb:set package 'stanley_avoidance' build argument 'cmake_target_skip_unavailable' from command line to 'False'
[2.040s] Level 5:colcon.colcon_core.verb:set package 'stanley_avoidance' build argument 'cmake_clean_cache' from command line to 'False'
[2.040s] Level 5:colcon.colcon_core.verb:set package 'stanley_avoidance' build argument 'cmake_clean_first' from command line to 'False'
[2.040s] Level 5:colcon.colcon_core.verb:set package 'stanley_avoidance' build argument 'cmake_force_configure' from command line to 'False'
[2.040s] Level 5:colcon.colcon_core.verb:set package 'stanley_avoidance' build argument 'ament_cmake_args' from command line to 'None'
[2.040s] Level 5:colcon.colcon_core.verb:set package 'stanley_avoidance' build argument 'catkin_cmake_args' from command line to 'None'
[2.040s] Level 5:colcon.colcon_core.verb:set package 'stanley_avoidance' build argument 'catkin_skip_building_tests' from command line to 'False'
[2.040s] DEBUG:colcon.colcon_core.verb:Building package 'stanley_avoidance' with the following arguments: {'ament_cmake_args': None, 'build_base': '/home/coche/coche_ws/build/stanley_avoidance', 'catkin_cmake_args': None, 'catkin_skip_building_tests': False, 'cmake_args': None, 'cmake_clean_cache': False, 'cmake_clean_first': False, 'cmake_force_configure': False, 'cmake_target': None, 'cmake_target_skip_unavailable': False, 'install_base': '/home/coche/coche_ws/install/stanley_avoidance', 'merge_install': False, 'path': '/home/coche/coche_ws/src/f1tenth_system/stanley_avoidance', 'symlink_install': False, 'test_result_base': None}
[2.041s] Level 5:colcon.colcon_core.verb:set package 'teleop_tools_msgs' build argument 'cmake_args' from command line to 'None'
[2.042s] Level 5:colcon.colcon_core.verb:set package 'teleop_tools_msgs' build argument 'cmake_target' from command line to 'None'
[2.042s] Level 5:colcon.colcon_core.verb:set package 'teleop_tools_msgs' build argument 'cmake_target_skip_unavailable' from command line to 'False'
[2.042s] Level 5:colcon.colcon_core.verb:set package 'teleop_tools_msgs' build argument 'cmake_clean_cache' from command line to 'False'
[2.042s] Level 5:colcon.colcon_core.verb:set package 'teleop_tools_msgs' build argument 'cmake_clean_first' from command line to 'False'
[2.042s] Level 5:colcon.colcon_core.verb:set package 'teleop_tools_msgs' build argument 'cmake_force_configure' from command line to 'False'
[2.042s] Level 5:colcon.colcon_core.verb:set package 'teleop_tools_msgs' build argument 'ament_cmake_args' from command line to 'None'
[2.042s] Level 5:colcon.colcon_core.verb:set package 'teleop_tools_msgs' build argument 'catkin_cmake_args' from command line to 'None'
[2.042s] Level 5:colcon.colcon_core.verb:set package 'teleop_tools_msgs' build argument 'catkin_skip_building_tests' from command line to 'False'
[2.043s] DEBUG:colcon.colcon_core.verb:Building package 'teleop_tools_msgs' with the following arguments: {'ament_cmake_args': None, 'build_base': '/home/coche/coche_ws/build/teleop_tools_msgs', 'catkin_cmake_args': None, 'catkin_skip_building_tests': False, 'cmake_args': None, 'cmake_clean_cache': False, 'cmake_clean_first': False, 'cmake_force_configure': False, 'cmake_target': None, 'cmake_target_skip_unavailable': False, 'install_base': '/home/coche/coche_ws/install/teleop_tools_msgs', 'merge_install': False, 'path': '/home/coche/coche_ws/src/f1tenth_system/teleop_tools/teleop_tools_msgs', 'symlink_install': False, 'test_result_base': None}
[2.044s] Level 5:colcon.colcon_core.verb:set package 'ver_trayectoria' build argument 'cmake_args' from command line to 'None'
[2.044s] Level 5:colcon.colcon_core.verb:set package 'ver_trayectoria' build argument 'cmake_target' from command line to 'None'
[2.044s] Level 5:colcon.colcon_core.verb:set package 'ver_trayectoria' build argument 'cmake_target_skip_unavailable' from command line to 'False'
[2.044s] Level 5:colcon.colcon_core.verb:set package 'ver_trayectoria' build argument 'cmake_clean_cache' from command line to 'False'
[2.044s] Level 5:colcon.colcon_core.verb:set package 'ver_trayectoria' build argument 'cmake_clean_first' from command line to 'False'
[2.044s] Level 5:colcon.colcon_core.verb:set package 'ver_trayectoria' build argument 'cmake_force_configure' from command line to 'False'
[2.044s] Level 5:colcon.colcon_core.verb:set package 'ver_trayectoria' build argument 'ament_cmake_args' from command line to 'None'
[2.045s] Level 5:colcon.colcon_core.verb:set package 'ver_trayectoria' build argument 'catkin_cmake_args' from command line to 'None'
[2.045s] Level 5:colcon.colcon_core.verb:set package 'ver_trayectoria' build argument 'catkin_skip_building_tests' from command line to 'False'
[2.045s] DEBUG:colcon.colcon_core.verb:Building package 'ver_trayectoria' with the following arguments: {'ament_cmake_args': None, 'build_base': '/home/coche/coche_ws/build/ver_trayectoria', 'catkin_cmake_args': None, 'catkin_skip_building_tests': False, 'cmake_args': None, 'cmake_clean_cache': False, 'cmake_clean_first': False, 'cmake_force_configure': False, 'cmake_target': None, 'cmake_target_skip_unavailable': False, 'install_base': '/home/coche/coche_ws/install/ver_trayectoria', 'merge_install': False, 'path': '/home/coche/coche_ws/src/f1tenth_system/ver_trayectoria', 'symlink_install': False, 'test_result_base': None}
[2.046s] Level 5:colcon.colcon_core.verb:set package 'vesc_msgs' build argument 'cmake_args' from command line to 'None'
[2.046s] Level 5:colcon.colcon_core.verb:set package 'vesc_msgs' build argument 'cmake_target' from command line to 'None'
[2.046s] Level 5:colcon.colcon_core.verb:set package 'vesc_msgs' build argument 'cmake_target_skip_unavailable' from command line to 'False'
[2.046s] Level 5:colcon.colcon_core.verb:set package 'vesc_msgs' build argument 'cmake_clean_cache' from command line to 'False'
[2.046s] Level 5:colcon.colcon_core.verb:set package 'vesc_msgs' build argument 'cmake_clean_first' from command line to 'False'
[2.047s] Level 5:colcon.colcon_core.verb:set package 'vesc_msgs' build argument 'cmake_force_configure' from command line to 'False'
[2.047s] Level 5:colcon.colcon_core.verb:set package 'vesc_msgs' build argument 'ament_cmake_args' from command line to 'None'
[2.047s] Level 5:colcon.colcon_core.verb:set package 'vesc_msgs' build argument 'catkin_cmake_args' from command line to 'None'
[2.047s] Level 5:colcon.colcon_core.verb:set package 'vesc_msgs' build argument 'catkin_skip_building_tests' from command line to 'False'
[2.047s] DEBUG:colcon.colcon_core.verb:Building package 'vesc_msgs' with the following arguments: {'ament_cmake_args': None, 'build_base': '/home/coche/coche_ws/build/vesc_msgs', 'catkin_cmake_args': None, 'catkin_skip_building_tests': False, 'cmake_args': None, 'cmake_clean_cache': False, 'cmake_clean_first': False, 'cmake_force_configure': False, 'cmake_target': None, 'cmake_target_skip_unavailable': False, 'install_base': '/home/coche/coche_ws/install/vesc_msgs', 'merge_install': False, 'path': '/home/coche/coche_ws/src/f1tenth_system/vesc/vesc_msgs', 'symlink_install': False, 'test_result_base': None}
[2.048s] Level 5:colcon.colcon_core.verb:set package 'wall_follow' build argument 'cmake_args' from command line to 'None'
[2.048s] Level 5:colcon.colcon_core.verb:set package 'wall_follow' build argument 'cmake_target' from command line to 'None'
[2.049s] Level 5:colcon.colcon_core.verb:set package 'wall_follow' build argument 'cmake_target_skip_unavailable' from command line to 'False'
[2.049s] Level 5:colcon.colcon_core.verb:set package 'wall_follow' build argument 'cmake_clean_cache' from command line to 'False'
[2.049s] Level 5:colcon.colcon_core.verb:set package 'wall_follow' build argument 'cmake_clean_first' from command line to 'False'
[2.049s] Level 5:colcon.colcon_core.verb:set package 'wall_follow' build argument 'cmake_force_configure' from command line to 'False'
[2.049s] Level 5:colcon.colcon_core.verb:set package 'wall_follow' build argument 'ament_cmake_args' from command line to 'None'
[2.049s] Level 5:colcon.colcon_core.verb:set package 'wall_follow' build argument 'catkin_cmake_args' from command line to 'None'
[2.049s] Level 5:colcon.colcon_core.verb:set package 'wall_follow' build argument 'catkin_skip_building_tests' from command line to 'False'
[2.049s] DEBUG:colcon.colcon_core.verb:Building package 'wall_follow' with the following arguments: {'ament_cmake_args': None, 'build_base': '/home/coche/coche_ws/build/wall_follow', 'catkin_cmake_args': None, 'catkin_skip_building_tests': False, 'cmake_args': None, 'cmake_clean_cache': False, 'cmake_clean_first': False, 'cmake_force_configure': False, 'cmake_target': None, 'cmake_target_skip_unavailable': False, 'install_base': '/home/coche/coche_ws/install/wall_follow', 'merge_install': False, 'path': '/home/coche/coche_ws/src/f1tenth_system/wall_follow', 'symlink_install': False, 'test_result_base': None}
[2.051s] Level 5:colcon.colcon_core.verb:set package 'waypoint_generator' build argument 'cmake_args' from command line to 'None'
[2.051s] Level 5:colcon.colcon_core.verb:set package 'waypoint_generator' build argument 'cmake_target' from command line to 'None'
[2.051s] Level 5:colcon.colcon_core.verb:set package 'waypoint_generator' build argument 'cmake_target_skip_unavailable' from command line to 'False'
[2.051s] Level 5:colcon.colcon_core.verb:set package 'waypoint_generator' build argument 'cmake_clean_cache' from command line to 'False'
[2.051s] Level 5:colcon.colcon_core.verb:set package 'waypoint_generator' build argument 'cmake_clean_first' from command line to 'False'
[2.051s] Level 5:colcon.colcon_core.verb:set package 'waypoint_generator' build argument 'cmake_force_configure' from command line to 'False'
[2.051s] Level 5:colcon.colcon_core.verb:set package 'waypoint_generator' build argument 'ament_cmake_args' from command line to 'None'
[2.051s] Level 5:colcon.colcon_core.verb:set package 'waypoint_generator' build argument 'catkin_cmake_args' from command line to 'None'
[2.051s] Level 5:colcon.colcon_core.verb:set package 'waypoint_generator' build argument 'catkin_skip_building_tests' from command line to 'False'
[2.052s] DEBUG:colcon.colcon_core.verb:Building package 'waypoint_generator' with the following arguments: {'ament_cmake_args': None, 'build_base': '/home/coche/coche_ws/build/waypoint_generator', 'catkin_cmake_args': None, 'catkin_skip_building_tests': False, 'cmake_args': None, 'cmake_clean_cache': False, 'cmake_clean_first': False, 'cmake_force_configure': False, 'cmake_target': None, 'cmake_target_skip_unavailable': False, 'install_base': '/home/coche/coche_ws/install/waypoint_generator', 'merge_install': False, 'path': '/home/coche/coche_ws/src/f1tenth_system/waypoint_generator', 'symlink_install': False, 'test_result_base': None}
[2.053s] Level 5:colcon.colcon_core.verb:set package 'joy_teleop' build argument 'cmake_args' from command line to 'None'
[2.053s] Level 5:colcon.colcon_core.verb:set package 'joy_teleop' build argument 'cmake_target' from command line to 'None'
[2.053s] Level 5:colcon.colcon_core.verb:set package 'joy_teleop' build argument 'cmake_target_skip_unavailable' from command line to 'False'
[2.053s] Level 5:colcon.colcon_core.verb:set package 'joy_teleop' build argument 'cmake_clean_cache' from command line to 'False'
[2.053s] Level 5:colcon.colcon_core.verb:set package 'joy_teleop' build argument 'cmake_clean_first' from command line to 'False'
[2.053s] Level 5:colcon.colcon_core.verb:set package 'joy_teleop' build argument 'cmake_force_configure' from command line to 'False'
[2.054s] Level 5:colcon.colcon_core.verb:set package 'joy_teleop' build argument 'ament_cmake_args' from command line to 'None'
[2.054s] Level 5:colcon.colcon_core.verb:set package 'joy_teleop' build argument 'catkin_cmake_args' from command line to 'None'
[2.054s] Level 5:colcon.colcon_core.verb:set package 'joy_teleop' build argument 'catkin_skip_building_tests' from command line to 'False'
[2.054s] DEBUG:colcon.colcon_core.verb:Building package 'joy_teleop' with the following arguments: {'ament_cmake_args': None, 'build_base': '/home/coche/coche_ws/build/joy_teleop', 'catkin_cmake_args': None, 'catkin_skip_building_tests': False, 'cmake_args': None, 'cmake_clean_cache': False, 'cmake_clean_first': False, 'cmake_force_configure': False, 'cmake_target': None, 'cmake_target_skip_unavailable': False, 'install_base': '/home/coche/coche_ws/install/joy_teleop', 'merge_install': False, 'path': '/home/coche/coche_ws/src/f1tenth_system/teleop_tools/joy_teleop', 'symlink_install': False, 'test_result_base': None}
[2.055s] Level 5:colcon.colcon_core.verb:set package 'vesc_ackermann' build argument 'cmake_args' from command line to 'None'
[2.055s] Level 5:colcon.colcon_core.verb:set package 'vesc_ackermann' build argument 'cmake_target' from command line to 'None'
[2.055s] Level 5:colcon.colcon_core.verb:set package 'vesc_ackermann' build argument 'cmake_target_skip_unavailable' from command line to 'False'
[2.056s] Level 5:colcon.colcon_core.verb:set package 'vesc_ackermann' build argument 'cmake_clean_cache' from command line to 'False'
[2.056s] Level 5:colcon.colcon_core.verb:set package 'vesc_ackermann' build argument 'cmake_clean_first' from command line to 'False'
[2.056s] Level 5:colcon.colcon_core.verb:set package 'vesc_ackermann' build argument 'cmake_force_configure' from command line to 'False'
[2.056s] Level 5:colcon.colcon_core.verb:set package 'vesc_ackermann' build argument 'ament_cmake_args' from command line to 'None'
[2.056s] Level 5:colcon.colcon_core.verb:set package 'vesc_ackermann' build argument 'catkin_cmake_args' from command line to 'None'
[2.056s] Level 5:colcon.colcon_core.verb:set package 'vesc_ackermann' build argument 'catkin_skip_building_tests' from command line to 'False'
[2.056s] DEBUG:colcon.colcon_core.verb:Building package 'vesc_ackermann' with the following arguments: {'ament_cmake_args': None, 'build_base': '/home/coche/coche_ws/build/vesc_ackermann', 'catkin_cmake_args': None, 'catkin_skip_building_tests': False, 'cmake_args': None, 'cmake_clean_cache': False, 'cmake_clean_first': False, 'cmake_force_configure': False, 'cmake_target': None, 'cmake_target_skip_unavailable': False, 'install_base': '/home/coche/coche_ws/install/vesc_ackermann', 'merge_install': False, 'path': '/home/coche/coche_ws/src/f1tenth_system/vesc/vesc_ackermann', 'symlink_install': False, 'test_result_base': None}
[2.057s] Level 5:colcon.colcon_core.verb:set package 'vesc_driver' build argument 'cmake_args' from command line to 'None'
[2.058s] Level 5:colcon.colcon_core.verb:set package 'vesc_driver' build argument 'cmake_target' from command line to 'None'
[2.058s] Level 5:colcon.colcon_core.verb:set package 'vesc_driver' build argument 'cmake_target_skip_unavailable' from command line to 'False'
[2.058s] Level 5:colcon.colcon_core.verb:set package 'vesc_driver' build argument 'cmake_clean_cache' from command line to 'False'
[2.058s] Level 5:colcon.colcon_core.verb:set package 'vesc_driver' build argument 'cmake_clean_first' from command line to 'False'
[2.058s] Level 5:colcon.colcon_core.verb:set package 'vesc_driver' build argument 'cmake_force_configure' from command line to 'False'
[2.058s] Level 5:colcon.colcon_core.verb:set package 'vesc_driver' build argument 'ament_cmake_args' from command line to 'None'
[2.058s] Level 5:colcon.colcon_core.verb:set package 'vesc_driver' build argument 'catkin_cmake_args' from command line to 'None'
[2.058s] Level 5:colcon.colcon_core.verb:set package 'vesc_driver' build argument 'catkin_skip_building_tests' from command line to 'False'
[2.058s] DEBUG:colcon.colcon_core.verb:Building package 'vesc_driver' with the following arguments: {'ament_cmake_args': None, 'build_base': '/home/coche/coche_ws/build/vesc_driver', 'catkin_cmake_args': None, 'catkin_skip_building_tests': False, 'cmake_args': None, 'cmake_clean_cache': False, 'cmake_clean_first': False, 'cmake_force_configure': False, 'cmake_target': None, 'cmake_target_skip_unavailable': False, 'install_base': '/home/coche/coche_ws/install/vesc_driver', 'merge_install': False, 'path': '/home/coche/coche_ws/src/f1tenth_system/vesc/vesc_driver', 'symlink_install': False, 'test_result_base': None}
[2.060s] Level 5:colcon.colcon_core.verb:set package 'teleop_tools' build argument 'cmake_args' from command line to 'None'
[2.060s] Level 5:colcon.colcon_core.verb:set package 'teleop_tools' build argument 'cmake_target' from command line to 'None'
[2.060s] Level 5:colcon.colcon_core.verb:set package 'teleop_tools' build argument 'cmake_target_skip_unavailable' from command line to 'False'
[2.060s] Level 5:colcon.colcon_core.verb:set package 'teleop_tools' build argument 'cmake_clean_cache' from command line to 'False'
[2.060s] Level 5:colcon.colcon_core.verb:set package 'teleop_tools' build argument 'cmake_clean_first' from command line to 'False'
[2.060s] Level 5:colcon.colcon_core.verb:set package 'teleop_tools' build argument 'cmake_force_configure' from command line to 'False'
[2.060s] Level 5:colcon.colcon_core.verb:set package 'teleop_tools' build argument 'ament_cmake_args' from command line to 'None'
[2.061s] Level 5:colcon.colcon_core.verb:set package 'teleop_tools' build argument 'catkin_cmake_args' from command line to 'None'
[2.061s] Level 5:colcon.colcon_core.verb:set package 'teleop_tools' build argument 'catkin_skip_building_tests' from command line to 'False'
[2.061s] DEBUG:colcon.colcon_core.verb:Building package 'teleop_tools' with the following arguments: {'ament_cmake_args': None, 'build_base': '/home/coche/coche_ws/build/teleop_tools', 'catkin_cmake_args': None, 'catkin_skip_building_tests': False, 'cmake_args': None, 'cmake_clean_cache': False, 'cmake_clean_first': False, 'cmake_force_configure': False, 'cmake_target': None, 'cmake_target_skip_unavailable': False, 'install_base': '/home/coche/coche_ws/install/teleop_tools', 'merge_install': False, 'path': '/home/coche/coche_ws/src/f1tenth_system/teleop_tools/teleop_tools', 'symlink_install': False, 'test_result_base': None}
[2.062s] Level 5:colcon.colcon_core.verb:set package 'vesc' build argument 'cmake_args' from command line to 'None'
[2.062s] Level 5:colcon.colcon_core.verb:set package 'vesc' build argument 'cmake_target' from command line to 'None'
[2.062s] Level 5:colcon.colcon_core.verb:set package 'vesc' build argument 'cmake_target_skip_unavailable' from command line to 'False'
[2.062s] Level 5:colcon.colcon_core.verb:set package 'vesc' build argument 'cmake_clean_cache' from command line to 'False'
[2.063s] Level 5:colcon.colcon_core.verb:set package 'vesc' build argument 'cmake_clean_first' from command line to 'False'
[2.063s] Level 5:colcon.colcon_core.verb:set package 'vesc' build argument 'cmake_force_configure' from command line to 'False'
[2.063s] Level 5:colcon.colcon_core.verb:set package 'vesc' build argument 'ament_cmake_args' from command line to 'None'
[2.063s] Level 5:colcon.colcon_core.verb:set package 'vesc' build argument 'catkin_cmake_args' from command line to 'None'
[2.063s] Level 5:colcon.colcon_core.verb:set package 'vesc' build argument 'catkin_skip_building_tests' from command line to 'False'
[2.063s] DEBUG:colcon.colcon_core.verb:Building package 'vesc' with the following arguments: {'ament_cmake_args': None, 'build_base': '/home/coche/coche_ws/build/vesc', 'catkin_cmake_args': None, 'catkin_skip_building_tests': False, 'cmake_args': None, 'cmake_clean_cache': False, 'cmake_clean_first': False, 'cmake_force_configure': False, 'cmake_target': None, 'cmake_target_skip_unavailable': False, 'install_base': '/home/coche/coche_ws/install/vesc', 'merge_install': False, 'path': '/home/coche/coche_ws/src/f1tenth_system/vesc/vesc', 'symlink_install': False, 'test_result_base': None}
[2.064s] Level 5:colcon.colcon_core.verb:set package 'f1tenth_stack' build argument 'cmake_args' from command line to 'None'
[2.065s] Level 5:colcon.colcon_core.verb:set package 'f1tenth_stack' build argument 'cmake_target' from command line to 'None'
[2.065s] Level 5:colcon.colcon_core.verb:set package 'f1tenth_stack' build argument 'cmake_target_skip_unavailable' from command line to 'False'
[2.065s] Level 5:colcon.colcon_core.verb:set package 'f1tenth_stack' build argument 'cmake_clean_cache' from command line to 'False'
[2.065s] Level 5:colcon.colcon_core.verb:set package 'f1tenth_stack' build argument 'cmake_clean_first' from command line to 'False'
[2.065s] Level 5:colcon.colcon_core.verb:set package 'f1tenth_stack' build argument 'cmake_force_configure' from command line to 'False'
[2.065s] Level 5:colcon.colcon_core.verb:set package 'f1tenth_stack' build argument 'ament_cmake_args' from command line to 'None'
[2.065s] Level 5:colcon.colcon_core.verb:set package 'f1tenth_stack' build argument 'catkin_cmake_args' from command line to 'None'
[2.065s] Level 5:colcon.colcon_core.verb:set package 'f1tenth_stack' build argument 'catkin_skip_building_tests' from command line to 'False'
[2.065s] DEBUG:colcon.colcon_core.verb:Building package 'f1tenth_stack' with the following arguments: {'ament_cmake_args': None, 'build_base': '/home/coche/coche_ws/build/f1tenth_stack', 'catkin_cmake_args': None, 'catkin_skip_building_tests': False, 'cmake_args': None, 'cmake_clean_cache': False, 'cmake_clean_first': False, 'cmake_force_configure': False, 'cmake_target': None, 'cmake_target_skip_unavailable': False, 'install_base': '/home/coche/coche_ws/install/f1tenth_stack', 'merge_install': False, 'path': '/home/coche/coche_ws/src/f1tenth_system/f1tenth_stack', 'symlink_install': False, 'test_result_base': None}
[2.066s] INFO:colcon.colcon_core.executor:Executing jobs using 'parallel' executor
[2.071s] DEBUG:colcon.colcon_parallel_executor.executor.parallel:run_until_complete
[2.073s] INFO:colcon.colcon_ros.task.ament_cmake.build:Building ROS package in '/home/coche/coche_ws/src/f1tenth_system/vesc/vesc_msgs' with build type 'ament_cmake'
[2.074s] INFO:colcon.colcon_cmake.task.cmake.build:Building CMake package in '/home/coche/coche_ws/src/f1tenth_system/vesc/vesc_msgs'
[2.084s] INFO:colcon.colcon_core.plugin_system:Skipping extension 'colcon_core.shell.bat': Not used on non-Windows systems
[2.085s] INFO:colcon.colcon_core.shell:Skip shell extension 'powershell' for command environment: Not usable outside of PowerShell
[2.086s] DEBUG:colcon.colcon_core.shell:Skip shell extension 'dsv' for command environment
[2.118s] INFO:colcon.colcon_ros.task.ament_cmake.build:Building ROS package in '/home/coche/coche_ws/src/f1tenth_system/teleop_tools/teleop_tools_msgs' with build type 'ament_cmake'
[2.121s] INFO:colcon.colcon_cmake.task.cmake.build:Building CMake package in '/home/coche/coche_ws/src/f1tenth_system/teleop_tools/teleop_tools_msgs'
[2.125s] INFO:colcon.colcon_core.shell:Skip shell extension 'powershell' for command environment: Not usable outside of PowerShell
[2.126s] DEBUG:colcon.colcon_core.shell:Skip shell extension 'dsv' for command environment
[2.162s] INFO:colcon.colcon_ros.task.ament_cmake.build:Building ROS package in '/home/coche/coche_ws/src/f1tenth_system/ackermann_mux' with build type 'ament_cmake'
[2.166s] INFO:colcon.colcon_cmake.task.cmake.build:Building CMake package in '/home/coche/coche_ws/src/f1tenth_system/ackermann_mux'
[2.170s] INFO:colcon.colcon_core.shell:Skip shell extension 'powershell' for command environment: Not usable outside of PowerShell
[2.171s] DEBUG:colcon.colcon_core.shell:Skip shell extension 'dsv' for command environment
[2.206s] INFO:colcon.colcon_ros.task.ament_python.build:Building ROS package in '/home/coche/coche_ws/src/f1tenth_system/teleop_tools/key_teleop' with build type 'ament_python'
[2.213s] Level 1:colcon.colcon_core.shell:create_environment_hook('key_teleop', 'ament_prefix_path')
[2.216s] INFO:colcon.colcon_core.shell:Creating environment hook '/home/coche/coche_ws/install/key_teleop/share/key_teleop/hook/ament_prefix_path.ps1'
[2.221s] INFO:colcon.colcon_core.shell:Creating environment descriptor '/home/coche/coche_ws/install/key_teleop/share/key_teleop/hook/ament_prefix_path.dsv'
[2.224s] INFO:colcon.colcon_core.shell:Creating environment hook '/home/coche/coche_ws/install/key_teleop/share/key_teleop/hook/ament_prefix_path.sh'
[2.228s] INFO:colcon.colcon_core.shell:Skip shell extension 'powershell' for command environment: Not usable outside of PowerShell
[2.228s] DEBUG:colcon.colcon_core.shell:Skip shell extension 'dsv' for command environment
[2.287s] DEBUG:colcon.colcon_core.event_handler.log_command:Invoking command in '/home/coche/coche_ws/build/vesc_msgs': CMAKE_PREFIX_PATH=${CMAKE_PREFIX_PATH}:/home/coche/coche_ws/install/f1tenth_stack:/home/coche/coche_ws/install/ver_trayectoria:/home/coche/coche_ws/install/joy_teleop:/home/coche/coche_ws/install/stanley_avoidance:/home/coche/coche_ws/install/particle_filter:/home/coche/coche_ws/install/mouse_teleop:/home/coche/coche_ws/install/key_teleop:/opt/ros/foxy /usr/bin/cmake --build /home/coche/coche_ws/build/vesc_msgs -- -j4 -l4
[2.335s] DEBUG:colcon.colcon_core.event_handler.log_command:Invoking command in '/home/coche/coche_ws/build/teleop_tools_msgs': CMAKE_PREFIX_PATH=${CMAKE_PREFIX_PATH}:/home/coche/coche_ws/install/f1tenth_stack:/home/coche/coche_ws/install/ver_trayectoria:/home/coche/coche_ws/install/joy_teleop:/home/coche/coche_ws/install/stanley_avoidance:/home/coche/coche_ws/install/particle_filter:/home/coche/coche_ws/install/mouse_teleop:/home/coche/coche_ws/install/key_teleop:/opt/ros/foxy /usr/bin/cmake --build /home/coche/coche_ws/build/teleop_tools_msgs -- -j4 -l4
[2.361s] DEBUG:colcon.colcon_core.event_handler.log_command:Invoking command in '/home/coche/coche_ws/build/ackermann_mux': CMAKE_PREFIX_PATH=${CMAKE_PREFIX_PATH}:/home/coche/coche_ws/install/f1tenth_stack:/home/coche/coche_ws/install/ver_trayectoria:/home/coche/coche_ws/install/joy_teleop:/home/coche/coche_ws/install/stanley_avoidance:/home/coche/coche_ws/install/particle_filter:/home/coche/coche_ws/install/mouse_teleop:/home/coche/coche_ws/install/key_teleop:/opt/ros/foxy /usr/bin/cmake --build /home/coche/coche_ws/build/ackermann_mux -- -j4 -l4
[3.968s] INFO:colcon.colcon_core.task.python.build:Building Python package in '/home/coche/coche_ws/src/f1tenth_system/teleop_tools/key_teleop'
[3.972s] INFO:colcon.colcon_core.shell:Skip shell extension 'powershell' for command environment: Not usable outside of PowerShell
[3.972s] DEBUG:colcon.colcon_core.shell:Skip shell extension 'dsv' for command environment
[4.071s] DEBUG:colcon.colcon_core.event_handler.log_command:Invoked command in '/home/coche/coche_ws/build/ackermann_mux' returned '0': CMAKE_PREFIX_PATH=${CMAKE_PREFIX_PATH}:/home/coche/coche_ws/install/f1tenth_stack:/home/coche/coche_ws/install/ver_trayectoria:/home/coche/coche_ws/install/joy_teleop:/home/coche/coche_ws/install/stanley_avoidance:/home/coche/coche_ws/install/particle_filter:/home/coche/coche_ws/install/mouse_teleop:/home/coche/coche_ws/install/key_teleop:/opt/ros/foxy /usr/bin/cmake --build /home/coche/coche_ws/build/ackermann_mux -- -j4 -l4
[4.076s] DEBUG:colcon.colcon_core.event_handler.log_command:Invoked command in '/home/coche/coche_ws/build/teleop_tools_msgs' returned '0': CMAKE_PREFIX_PATH=${CMAKE_PREFIX_PATH}:/home/coche/coche_ws/install/f1tenth_stack:/home/coche/coche_ws/install/ver_trayectoria:/home/coche/coche_ws/install/joy_teleop:/home/coche/coche_ws/install/stanley_avoidance:/home/coche/coche_ws/install/particle_filter:/home/coche/coche_ws/install/mouse_teleop:/home/coche/coche_ws/install/key_teleop:/opt/ros/foxy /usr/bin/cmake --build /home/coche/coche_ws/build/teleop_tools_msgs -- -j4 -l4
[4.093s] DEBUG:colcon.colcon_core.event_handler.log_command:Invoked command in '/home/coche/coche_ws/build/vesc_msgs' returned '0': CMAKE_PREFIX_PATH=${CMAKE_PREFIX_PATH}:/home/coche/coche_ws/install/f1tenth_stack:/home/coche/coche_ws/install/ver_trayectoria:/home/coche/coche_ws/install/joy_teleop:/home/coche/coche_ws/install/stanley_avoidance:/home/coche/coche_ws/install/particle_filter:/home/coche/coche_ws/install/mouse_teleop:/home/coche/coche_ws/install/key_teleop:/opt/ros/foxy /usr/bin/cmake --build /home/coche/coche_ws/build/vesc_msgs -- -j4 -l4
[4.288s] DEBUG:colcon.colcon_core.event_handler.log_command:Invoking command in '/home/coche/coche_ws/build/ackermann_mux': CMAKE_PREFIX_PATH=${CMAKE_PREFIX_PATH}:/home/coche/coche_ws/install/f1tenth_stack:/home/coche/coche_ws/install/ver_trayectoria:/home/coche/coche_ws/install/joy_teleop:/home/coche/coche_ws/install/stanley_avoidance:/home/coche/coche_ws/install/particle_filter:/home/coche/coche_ws/install/mouse_teleop:/home/coche/coche_ws/install/key_teleop:/opt/ros/foxy /usr/bin/cmake --install /home/coche/coche_ws/build/ackermann_mux
[4.371s] Level 1:colcon.colcon_core.environment:create_environment_scripts_only(ackermann_mux)
[4.382s] DEBUG:colcon.colcon_core.event_handler.log_command:Invoked command in '/home/coche/coche_ws/build/ackermann_mux' returned '0': CMAKE_PREFIX_PATH=${CMAKE_PREFIX_PATH}:/home/coche/coche_ws/install/f1tenth_stack:/home/coche/coche_ws/install/ver_trayectoria:/home/coche/coche_ws/install/joy_teleop:/home/coche/coche_ws/install/stanley_avoidance:/home/coche/coche_ws/install/particle_filter:/home/coche/coche_ws/install/mouse_teleop:/home/coche/coche_ws/install/key_teleop:/opt/ros/foxy /usr/bin/cmake --install /home/coche/coche_ws/build/ackermann_mux
[4.398s] Level 1:colcon.colcon_core.environment:checking '/home/coche/coche_ws/install/ackermann_mux' for CMake module files
[4.404s] Level 1:colcon.colcon_core.environment:checking '/home/coche/coche_ws/install/ackermann_mux' for CMake config files
[4.406s] Level 1:colcon.colcon_core.shell:create_environment_hook('ackermann_mux', 'cmake_prefix_path')
[4.408s] INFO:colcon.colcon_core.shell:Creating environment hook '/home/coche/coche_ws/install/ackermann_mux/share/ackermann_mux/hook/cmake_prefix_path.ps1'
[4.412s] INFO:colcon.colcon_core.shell:Creating environment descriptor '/home/coche/coche_ws/install/ackermann_mux/share/ackermann_mux/hook/cmake_prefix_path.dsv'
[4.414s] INFO:colcon.colcon_core.shell:Creating environment hook '/home/coche/coche_ws/install/ackermann_mux/share/ackermann_mux/hook/cmake_prefix_path.sh'
[4.419s] Level 1:colcon.colcon_core.environment:checking '/home/coche/coche_ws/install/ackermann_mux/lib'
[4.420s] Level 1:colcon.colcon_core.environment:checking '/home/coche/coche_ws/install/ackermann_mux/bin'
[4.420s] Level 1:colcon.colcon_core.environment:checking '/home/coche/coche_ws/install/ackermann_mux/lib/pkgconfig/ackermann_mux.pc'
[4.422s] Level 1:colcon.colcon_core.environment:checking '/home/coche/coche_ws/install/ackermann_mux/lib/python3.8/site-packages'
[4.422s] Level 1:colcon.colcon_core.environment:checking '/home/coche/coche_ws/install/ackermann_mux/bin'
[4.426s] INFO:colcon.colcon_core.shell:Creating package script '/home/coche/coche_ws/install/ackermann_mux/share/ackermann_mux/package.ps1'
[4.430s] INFO:colcon.colcon_core.shell:Creating package descriptor '/home/coche/coche_ws/install/ackermann_mux/share/ackermann_mux/package.dsv'
[4.433s] INFO:colcon.colcon_core.shell:Creating package script '/home/coche/coche_ws/install/ackermann_mux/share/ackermann_mux/package.sh'
[4.437s] INFO:colcon.colcon_core.shell:Creating package script '/home/coche/coche_ws/install/ackermann_mux/share/ackermann_mux/package.bash'
[4.441s] INFO:colcon.colcon_core.shell:Creating package script '/home/coche/coche_ws/install/ackermann_mux/share/ackermann_mux/package.zsh'
[4.444s] Level 1:colcon.colcon_core.environment:create_file_with_runtime_dependencies(/home/coche/coche_ws/install/ackermann_mux/share/colcon-core/packages/ackermann_mux)
[4.473s] DEBUG:colcon.colcon_core.event_handler.log_command:Invoking command in '/home/coche/coche_ws/build/teleop_tools_msgs': CMAKE_PREFIX_PATH=${CMAKE_PREFIX_PATH}:/home/coche/coche_ws/install/f1tenth_stack:/home/coche/coche_ws/install/ver_trayectoria:/home/coche/coche_ws/install/joy_teleop:/home/coche/coche_ws/install/stanley_avoidance:/home/coche/coche_ws/install/particle_filter:/home/coche/coche_ws/install/mouse_teleop:/home/coche/coche_ws/install/key_teleop:/opt/ros/foxy /usr/bin/cmake --install /home/coche/coche_ws/build/teleop_tools_msgs
[4.619s] Level 1:colcon.colcon_core.environment:create_environment_scripts_only(ackermann_mux)
[4.621s] Level 1:colcon.colcon_core.environment:checking '/home/coche/coche_ws/install/ackermann_mux' for CMake module files
[4.630s] Level 1:colcon.colcon_core.environment:checking '/home/coche/coche_ws/install/ackermann_mux' for CMake config files
[4.638s] Level 1:colcon.colcon_core.shell:create_environment_hook('ackermann_mux', 'cmake_prefix_path')
[4.640s] INFO:colcon.colcon_core.shell:Creating environment hook '/home/coche/coche_ws/install/ackermann_mux/share/ackermann_mux/hook/cmake_prefix_path.ps1'
[4.658s] INFO:colcon.colcon_core.shell:Creating environment descriptor '/home/coche/coche_ws/install/ackermann_mux/share/ackermann_mux/hook/cmake_prefix_path.dsv'
[4.663s] INFO:colcon.colcon_core.shell:Creating environment hook '/home/coche/coche_ws/install/ackermann_mux/share/ackermann_mux/hook/cmake_prefix_path.sh'
[4.674s] Level 1:colcon.colcon_core.environment:checking '/home/coche/coche_ws/install/ackermann_mux/lib'
[4.674s] Level 1:colcon.colcon_core.environment:checking '/home/coche/coche_ws/install/ackermann_mux/bin'
[4.674s] Level 1:colcon.colcon_core.environment:checking '/home/coche/coche_ws/install/ackermann_mux/lib/pkgconfig/ackermann_mux.pc'
[4.676s] Level 1:colcon.colcon_core.environment:checking '/home/coche/coche_ws/install/ackermann_mux/lib/python3.8/site-packages'
[4.676s] Level 1:colcon.colcon_core.environment:checking '/home/coche/coche_ws/install/ackermann_mux/bin'
[4.678s] INFO:colcon.colcon_core.shell:Creating package script '/home/coche/coche_ws/install/ackermann_mux/share/ackermann_mux/package.ps1'
[4.687s] INFO:colcon.colcon_core.shell:Creating package descriptor '/home/coche/coche_ws/install/ackermann_mux/share/ackermann_mux/package.dsv'
[4.690s] INFO:colcon.colcon_core.shell:Creating package script '/home/coche/coche_ws/install/ackermann_mux/share/ackermann_mux/package.sh'
[4.693s] INFO:colcon.colcon_core.shell:Creating package script '/home/coche/coche_ws/install/ackermann_mux/share/ackermann_mux/package.bash'
[4.695s] INFO:colcon.colcon_core.shell:Creating package script '/home/coche/coche_ws/install/ackermann_mux/share/ackermann_mux/package.zsh'
[4.697s] Level 1:colcon.colcon_core.environment:create_file_with_runtime_dependencies(/home/coche/coche_ws/install/ackermann_mux/share/colcon-core/packages/ackermann_mux)
[4.706s] INFO:colcon.colcon_ros.task.ament_cmake.build:Building ROS package in '/home/coche/coche_ws/src/f1tenth_system/gap_follow' with build type 'ament_cmake'
[4.708s] INFO:colcon.colcon_cmake.task.cmake.build:Building CMake package in '/home/coche/coche_ws/src/f1tenth_system/gap_follow'
[4.709s] INFO:colcon.colcon_core.shell:Skip shell extension 'powershell' for command environment: Not usable outside of PowerShell
[4.709s] DEBUG:colcon.colcon_core.shell:Skip shell extension 'dsv' for command environment
[4.798s] DEBUG:colcon.colcon_core.event_handler.log_command:Invoking command in '/home/coche/coche_ws/build/gap_follow': CMAKE_PREFIX_PATH=${CMAKE_PREFIX_PATH}:/home/coche/coche_ws/install/f1tenth_stack:/home/coche/coche_ws/install/ver_trayectoria:/home/coche/coche_ws/install/joy_teleop:/home/coche/coche_ws/install/stanley_avoidance:/home/coche/coche_ws/install/particle_filter:/home/coche/coche_ws/install/mouse_teleop:/home/coche/coche_ws/install/key_teleop:/opt/ros/foxy /usr/bin/cmake --build /home/coche/coche_ws/build/gap_follow -- -j4 -l4
[4.813s] DEBUG:colcon.colcon_core.event_handler.log_command:Invoking command in '/home/coche/coche_ws/build/vesc_msgs': CMAKE_PREFIX_PATH=${CMAKE_PREFIX_PATH}:/home/coche/coche_ws/install/f1tenth_stack:/home/coche/coche_ws/install/ver_trayectoria:/home/coche/coche_ws/install/joy_teleop:/home/coche/coche_ws/install/stanley_avoidance:/home/coche/coche_ws/install/particle_filter:/home/coche/coche_ws/install/mouse_teleop:/home/coche/coche_ws/install/key_teleop:/opt/ros/foxy /usr/bin/cmake --install /home/coche/coche_ws/build/vesc_msgs
[4.960s] Level 1:colcon.colcon_core.environment:create_environment_scripts_only(teleop_tools_msgs)
[4.963s] Level 1:colcon.colcon_core.environment:checking '/home/coche/coche_ws/install/teleop_tools_msgs' for CMake module files
[4.967s] Level 1:colcon.colcon_core.environment:checking '/home/coche/coche_ws/install/teleop_tools_msgs' for CMake config files
[4.975s] Level 1:colcon.colcon_core.shell:create_environment_hook('teleop_tools_msgs', 'cmake_prefix_path')
[4.978s] INFO:colcon.colcon_core.shell:Creating environment hook '/home/coche/coche_ws/install/teleop_tools_msgs/share/teleop_tools_msgs/hook/cmake_prefix_path.ps1'
[4.981s] INFO:colcon.colcon_core.shell:Creating environment descriptor '/home/coche/coche_ws/install/teleop_tools_msgs/share/teleop_tools_msgs/hook/cmake_prefix_path.dsv'
[4.983s] INFO:colcon.colcon_core.shell:Creating environment hook '/home/coche/coche_ws/install/teleop_tools_msgs/share/teleop_tools_msgs/hook/cmake_prefix_path.sh'
[5.005s] Level 1:colcon.colcon_core.environment:checking '/home/coche/coche_ws/install/teleop_tools_msgs/lib'
[5.006s] Level 1:colcon.colcon_core.shell:create_environment_hook('teleop_tools_msgs', 'ld_library_path_lib')
[5.007s] INFO:colcon.colcon_core.shell:Creating environment hook '/home/coche/coche_ws/install/teleop_tools_msgs/share/teleop_tools_msgs/hook/ld_library_path_lib.ps1'
[5.009s] INFO:colcon.colcon_core.shell:Creating environment descriptor '/home/coche/coche_ws/install/teleop_tools_msgs/share/teleop_tools_msgs/hook/ld_library_path_lib.dsv'
[5.011s] INFO:colcon.colcon_core.shell:Creating environment hook '/home/coche/coche_ws/install/teleop_tools_msgs/share/teleop_tools_msgs/hook/ld_library_path_lib.sh'
[5.013s] Level 1:colcon.colcon_core.environment:checking '/home/coche/coche_ws/install/teleop_tools_msgs/bin'
[5.013s] Level 1:colcon.colcon_core.environment:checking '/home/coche/coche_ws/install/teleop_tools_msgs/lib/pkgconfig/teleop_tools_msgs.pc'
[5.014s] Level 1:colcon.colcon_core.environment:checking '/home/coche/coche_ws/install/teleop_tools_msgs/lib/python3.8/site-packages'
[5.015s] Level 1:colcon.colcon_core.shell:create_environment_hook('teleop_tools_msgs', 'pythonpath')
[5.016s] INFO:colcon.colcon_core.shell:Creating environment hook '/home/coche/coche_ws/install/teleop_tools_msgs/share/teleop_tools_msgs/hook/pythonpath.ps1'
[5.017s] INFO:colcon.colcon_core.shell:Creating environment descriptor '/home/coche/coche_ws/install/teleop_tools_msgs/share/teleop_tools_msgs/hook/pythonpath.dsv'
[5.019s] INFO:colcon.colcon_core.shell:Creating environment hook '/home/coche/coche_ws/install/teleop_tools_msgs/share/teleop_tools_msgs/hook/pythonpath.sh'
[5.031s] Level 1:colcon.colcon_core.environment:checking '/home/coche/coche_ws/install/teleop_tools_msgs/bin'
[5.033s] INFO:colcon.colcon_core.shell:Creating package script '/home/coche/coche_ws/install/teleop_tools_msgs/share/teleop_tools_msgs/package.ps1'
[5.029s] DEBUG:colcon.colcon_core.event_handler.log_command:Invoked command in '/home/coche/coche_ws/build/teleop_tools_msgs' returned '0': CMAKE_PREFIX_PATH=${CMAKE_PREFIX_PATH}:/home/coche/coche_ws/install/f1tenth_stack:/home/coche/coche_ws/install/ver_trayectoria:/home/coche/coche_ws/install/joy_teleop:/home/coche/coche_ws/install/stanley_avoidance:/home/coche/coche_ws/install/particle_filter:/home/coche/coche_ws/install/mouse_teleop:/home/coche/coche_ws/install/key_teleop:/opt/ros/foxy /usr/bin/cmake --install /home/coche/coche_ws/build/teleop_tools_msgs
[5.036s] INFO:colcon.colcon_core.shell:Creating package descriptor '/home/coche/coche_ws/install/teleop_tools_msgs/share/teleop_tools_msgs/package.dsv'
[5.039s] INFO:colcon.colcon_core.shell:Creating package script '/home/coche/coche_ws/install/teleop_tools_msgs/share/teleop_tools_msgs/package.sh'
[5.041s] INFO:colcon.colcon_core.shell:Creating package script '/home/coche/coche_ws/install/teleop_tools_msgs/share/teleop_tools_msgs/package.bash'
[5.044s] INFO:colcon.colcon_core.shell:Creating package script '/home/coche/coche_ws/install/teleop_tools_msgs/share/teleop_tools_msgs/package.zsh'
[5.047s] Level 1:colcon.colcon_core.environment:create_file_with_runtime_dependencies(/home/coche/coche_ws/install/teleop_tools_msgs/share/colcon-core/packages/teleop_tools_msgs)
[5.100s] DEBUG:colcon.colcon_core.event_handler.log_command:Invoked command in '/home/coche/coche_ws/build/gap_follow' returned '0': CMAKE_PREFIX_PATH=${CMAKE_PREFIX_PATH}:/home/coche/coche_ws/install/f1tenth_stack:/home/coche/coche_ws/install/ver_trayectoria:/home/coche/coche_ws/install/joy_teleop:/home/coche/coche_ws/install/stanley_avoidance:/home/coche/coche_ws/install/particle_filter:/home/coche/coche_ws/install/mouse_teleop:/home/coche/coche_ws/install/key_teleop:/opt/ros/foxy /usr/bin/cmake --build /home/coche/coche_ws/build/gap_follow -- -j4 -l4
[5.117s] DEBUG:colcon.colcon_core.event_handler.log_command:Invoking command in '/home/coche/coche_ws/build/gap_follow': CMAKE_PREFIX_PATH=${CMAKE_PREFIX_PATH}:/home/coche/coche_ws/install/f1tenth_stack:/home/coche/coche_ws/install/ver_trayectoria:/home/coche/coche_ws/install/joy_teleop:/home/coche/coche_ws/install/stanley_avoidance:/home/coche/coche_ws/install/particle_filter:/home/coche/coche_ws/install/mouse_teleop:/home/coche/coche_ws/install/key_teleop:/opt/ros/foxy /usr/bin/cmake --install /home/coche/coche_ws/build/gap_follow
[5.248s] Level 1:colcon.colcon_core.environment:create_environment_scripts_only(vesc_msgs)
[5.253s] Level 1:colcon.colcon_core.environment:checking '/home/coche/coche_ws/install/vesc_msgs' for CMake module files
[5.259s] Level 1:colcon.colcon_core.environment:checking '/home/coche/coche_ws/install/vesc_msgs' for CMake config files
[5.262s] Level 1:colcon.colcon_core.shell:create_environment_hook('vesc_msgs', 'cmake_prefix_path')
[5.266s] INFO:colcon.colcon_core.shell:Creating environment hook '/home/coche/coche_ws/install/vesc_msgs/share/vesc_msgs/hook/cmake_prefix_path.ps1'
[5.272s] INFO:colcon.colcon_core.shell:Creating environment descriptor '/home/coche/coche_ws/install/vesc_msgs/share/vesc_msgs/hook/cmake_prefix_path.dsv'
[5.273s] DEBUG:colcon.colcon_core.event_handler.log_command:Invoked command in '/home/coche/coche_ws/build/vesc_msgs' returned '0': CMAKE_PREFIX_PATH=${CMAKE_PREFIX_PATH}:/home/coche/coche_ws/install/f1tenth_stack:/home/coche/coche_ws/install/ver_trayectoria:/home/coche/coche_ws/install/joy_teleop:/home/coche/coche_ws/install/stanley_avoidance:/home/coche/coche_ws/install/particle_filter:/home/coche/coche_ws/install/mouse_teleop:/home/coche/coche_ws/install/key_teleop:/opt/ros/foxy /usr/bin/cmake --install /home/coche/coche_ws/build/vesc_msgs
[5.277s] INFO:colcon.colcon_core.shell:Creating environment hook '/home/coche/coche_ws/install/vesc_msgs/share/vesc_msgs/hook/cmake_prefix_path.sh'
[5.280s] Level 1:colcon.colcon_core.environment:checking '/home/coche/coche_ws/install/vesc_msgs/lib'
[5.281s] Level 1:colcon.colcon_core.shell:create_environment_hook('vesc_msgs', 'ld_library_path_lib')
[5.282s] INFO:colcon.colcon_core.shell:Creating environment hook '/home/coche/coche_ws/install/vesc_msgs/share/vesc_msgs/hook/ld_library_path_lib.ps1'
[5.287s] INFO:colcon.colcon_core.shell:Creating environment descriptor '/home/coche/coche_ws/install/vesc_msgs/share/vesc_msgs/hook/ld_library_path_lib.dsv'
[5.289s] INFO:colcon.colcon_core.shell:Creating environment hook '/home/coche/coche_ws/install/vesc_msgs/share/vesc_msgs/hook/ld_library_path_lib.sh'
[5.292s] Level 1:colcon.colcon_core.environment:checking '/home/coche/coche_ws/install/vesc_msgs/bin'
[5.292s] Level 1:colcon.colcon_core.environment:checking '/home/coche/coche_ws/install/vesc_msgs/lib/pkgconfig/vesc_msgs.pc'
[5.293s] Level 1:colcon.colcon_core.environment:checking '/home/coche/coche_ws/install/vesc_msgs/lib/python3.8/site-packages'
[5.294s] Level 1:colcon.colcon_core.shell:create_environment_hook('vesc_msgs', 'pythonpath')
[5.296s] INFO:colcon.colcon_core.shell:Creating environment hook '/home/coche/coche_ws/install/vesc_msgs/share/vesc_msgs/hook/pythonpath.ps1'
[5.304s] INFO:colcon.colcon_core.shell:Creating environment descriptor '/home/coche/coche_ws/install/vesc_msgs/share/vesc_msgs/hook/pythonpath.dsv'
[5.306s] INFO:colcon.colcon_core.shell:Creating environment hook '/home/coche/coche_ws/install/vesc_msgs/share/vesc_msgs/hook/pythonpath.sh'
[5.310s] Level 1:colcon.colcon_core.environment:checking '/home/coche/coche_ws/install/vesc_msgs/bin'
[5.312s] INFO:colcon.colcon_core.shell:Creating package script '/home/coche/coche_ws/install/vesc_msgs/share/vesc_msgs/package.ps1'
[5.314s] INFO:colcon.colcon_core.shell:Creating package descriptor '/home/coche/coche_ws/install/vesc_msgs/share/vesc_msgs/package.dsv'
[5.318s] INFO:colcon.colcon_core.shell:Creating package script '/home/coche/coche_ws/install/vesc_msgs/share/vesc_msgs/package.sh'
[5.321s] INFO:colcon.colcon_core.shell:Creating package script '/home/coche/coche_ws/install/vesc_msgs/share/vesc_msgs/package.bash'
[5.326s] INFO:colcon.colcon_core.shell:Creating package script '/home/coche/coche_ws/install/vesc_msgs/share/vesc_msgs/package.zsh'
[5.328s] Level 1:colcon.colcon_core.environment:create_file_with_runtime_dependencies(/home/coche/coche_ws/install/vesc_msgs/share/colcon-core/packages/vesc_msgs)
[5.465s] Level 1:colcon.colcon_core.environment:create_environment_scripts_only(gap_follow)
[5.469s] Level 1:colcon.colcon_core.environment:checking '/home/coche/coche_ws/install/gap_follow' for CMake module files
[5.470s] DEBUG:colcon.colcon_core.event_handler.log_command:Invoked command in '/home/coche/coche_ws/build/gap_follow' returned '0': CMAKE_PREFIX_PATH=${CMAKE_PREFIX_PATH}:/home/coche/coche_ws/install/f1tenth_stack:/home/coche/coche_ws/install/ver_trayectoria:/home/coche/coche_ws/install/joy_teleop:/home/coche/coche_ws/install/stanley_avoidance:/home/coche/coche_ws/install/particle_filter:/home/coche/coche_ws/install/mouse_teleop:/home/coche/coche_ws/install/key_teleop:/opt/ros/foxy /usr/bin/cmake --install /home/coche/coche_ws/build/gap_follow
[5.474s] Level 1:colcon.colcon_core.environment:checking '/home/coche/coche_ws/install/gap_follow' for CMake config files
[5.476s] Level 1:colcon.colcon_core.shell:create_environment_hook('gap_follow', 'cmake_prefix_path')
[5.477s] INFO:colcon.colcon_core.shell:Creating environment hook '/home/coche/coche_ws/install/gap_follow/share/gap_follow/hook/cmake_prefix_path.ps1'
[5.481s] INFO:colcon.colcon_core.shell:Creating environment descriptor '/home/coche/coche_ws/install/gap_follow/share/gap_follow/hook/cmake_prefix_path.dsv'
[5.483s] INFO:colcon.colcon_core.shell:Creating environment hook '/home/coche/coche_ws/install/gap_follow/share/gap_follow/hook/cmake_prefix_path.sh'
[5.487s] Level 1:colcon.colcon_core.environment:checking '/home/coche/coche_ws/install/gap_follow/lib'
[5.487s] Level 1:colcon.colcon_core.environment:checking '/home/coche/coche_ws/install/gap_follow/bin'
[5.488s] Level 1:colcon.colcon_core.environment:checking '/home/coche/coche_ws/install/gap_follow/lib/pkgconfig/gap_follow.pc'
[5.489s] Level 1:colcon.colcon_core.environment:checking '/home/coche/coche_ws/install/gap_follow/lib/python3.8/site-packages'
[5.490s] Level 1:colcon.colcon_core.shell:create_environment_hook('gap_follow', 'pythonpath')
[5.491s] INFO:colcon.colcon_core.shell:Creating environment hook '/home/coche/coche_ws/install/gap_follow/share/gap_follow/hook/pythonpath.ps1'
[5.493s] INFO:colcon.colcon_core.shell:Creating environment descriptor '/home/coche/coche_ws/install/gap_follow/share/gap_follow/hook/pythonpath.dsv'
[5.495s] INFO:colcon.colcon_core.shell:Creating environment hook '/home/coche/coche_ws/install/gap_follow/share/gap_follow/hook/pythonpath.sh'
[5.497s] Level 1:colcon.colcon_core.environment:checking '/home/coche/coche_ws/install/gap_follow/bin'
[5.498s] INFO:colcon.colcon_core.shell:Creating package script '/home/coche/coche_ws/install/gap_follow/share/gap_follow/package.ps1'
[5.501s] INFO:colcon.colcon_core.shell:Creating package descriptor '/home/coche/coche_ws/install/gap_follow/share/gap_follow/package.dsv'
[5.503s] INFO:colcon.colcon_core.shell:Creating package script '/home/coche/coche_ws/install/gap_follow/share/gap_follow/package.sh'
[5.505s] INFO:colcon.colcon_core.shell:Creating package script '/home/coche/coche_ws/install/gap_follow/share/gap_follow/package.bash'
[5.507s] INFO:colcon.colcon_core.shell:Creating package script '/home/coche/coche_ws/install/gap_follow/share/gap_follow/package.zsh'
[5.511s] Level 1:colcon.colcon_core.environment:create_file_with_runtime_dependencies(/home/coche/coche_ws/install/gap_follow/share/colcon-core/packages/gap_follow)
[5.515s] Level 1:colcon.colcon_core.environment:create_environment_scripts_only(gap_follow)
[5.516s] Level 1:colcon.colcon_core.environment:checking '/home/coche/coche_ws/install/gap_follow' for CMake module files
[5.519s] Level 1:colcon.colcon_core.environment:checking '/home/coche/coche_ws/install/gap_follow' for CMake config files
[5.520s] Level 1:colcon.colcon_core.shell:create_environment_hook('gap_follow', 'cmake_prefix_path')
[5.521s] INFO:colcon.colcon_core.shell:Creating environment hook '/home/coche/coche_ws/install/gap_follow/share/gap_follow/hook/cmake_prefix_path.ps1'
[5.524s] INFO:colcon.colcon_core.shell:Creating environment descriptor '/home/coche/coche_ws/install/gap_follow/share/gap_follow/hook/cmake_prefix_path.dsv'
[5.529s] INFO:colcon.colcon_core.shell:Creating environment hook '/home/coche/coche_ws/install/gap_follow/share/gap_follow/hook/cmake_prefix_path.sh'
[5.532s] Level 1:colcon.colcon_core.environment:checking '/home/coche/coche_ws/install/gap_follow/lib'
[5.532s] Level 1:colcon.colcon_core.environment:checking '/home/coche/coche_ws/install/gap_follow/bin'
[5.532s] Level 1:colcon.colcon_core.environment:checking '/home/coche/coche_ws/install/gap_follow/lib/pkgconfig/gap_follow.pc'
[5.533s] Level 1:colcon.colcon_core.environment:checking '/home/coche/coche_ws/install/gap_follow/lib/python3.8/site-packages'
[5.534s] Level 1:colcon.colcon_core.shell:create_environment_hook('gap_follow', 'pythonpath')
[5.535s] INFO:colcon.colcon_core.shell:Creating environment hook '/home/coche/coche_ws/install/gap_follow/share/gap_follow/hook/pythonpath.ps1'
[5.538s] INFO:colcon.colcon_core.shell:Creating environment descriptor '/home/coche/coche_ws/install/gap_follow/share/gap_follow/hook/pythonpath.dsv'
[5.540s] INFO:colcon.colcon_core.shell:Creating environment hook '/home/coche/coche_ws/install/gap_follow/share/gap_follow/hook/pythonpath.sh'
[5.543s] Level 1:colcon.colcon_core.environment:checking '/home/coche/coche_ws/install/gap_follow/bin'
[5.545s] INFO:colcon.colcon_core.shell:Creating package script '/home/coche/coche_ws/install/gap_follow/share/gap_follow/package.ps1'
[5.547s] INFO:colcon.colcon_core.shell:Creating package descriptor '/home/coche/coche_ws/install/gap_follow/share/gap_follow/package.dsv'
[5.552s] INFO:colcon.colcon_core.shell:Creating package script '/home/coche/coche_ws/install/gap_follow/share/gap_follow/package.sh'
[5.554s] INFO:colcon.colcon_core.shell:Creating package script '/home/coche/coche_ws/install/gap_follow/share/gap_follow/package.bash'
[5.557s] INFO:colcon.colcon_core.shell:Creating package script '/home/coche/coche_ws/install/gap_follow/share/gap_follow/package.zsh'
[5.560s] Level 1:colcon.colcon_core.environment:create_file_with_runtime_dependencies(/home/coche/coche_ws/install/gap_follow/share/colcon-core/packages/gap_follow)
[5.565s] INFO:colcon.colcon_ros.task.ament_cmake.build:Building ROS package in '/home/coche/coche_ws/src/f1tenth_system/lqr' with build type 'ament_cmake'
[5.566s] INFO:colcon.colcon_cmake.task.cmake.build:Building CMake package in '/home/coche/coche_ws/src/f1tenth_system/lqr'
[5.568s] INFO:colcon.colcon_core.shell:Skip shell extension 'powershell' for command environment: Not usable outside of PowerShell
[5.568s] DEBUG:colcon.colcon_core.shell:Skip shell extension 'dsv' for command environment
[5.619s] Level 1:colcon.colcon_core.environment:create_environment_scripts_only(teleop_tools_msgs)
[5.623s] Level 1:colcon.colcon_core.environment:checking '/home/coche/coche_ws/install/teleop_tools_msgs' for CMake module files
[5.629s] Level 1:colcon.colcon_core.environment:checking '/home/coche/coche_ws/install/teleop_tools_msgs' for CMake config files
[5.632s] Level 1:colcon.colcon_core.shell:create_environment_hook('teleop_tools_msgs', 'cmake_prefix_path')
[5.633s] INFO:colcon.colcon_core.shell:Creating environment hook '/home/coche/coche_ws/install/teleop_tools_msgs/share/teleop_tools_msgs/hook/cmake_prefix_path.ps1'
[5.637s] INFO:colcon.colcon_core.shell:Creating environment descriptor '/home/coche/coche_ws/install/teleop_tools_msgs/share/teleop_tools_msgs/hook/cmake_prefix_path.dsv'
[5.639s] INFO:colcon.colcon_core.shell:Creating environment hook '/home/coche/coche_ws/install/teleop_tools_msgs/share/teleop_tools_msgs/hook/cmake_prefix_path.sh'
[5.643s] Level 1:colcon.colcon_core.environment:checking '/home/coche/coche_ws/install/teleop_tools_msgs/lib'
[5.644s] Level 1:colcon.colcon_core.shell:create_environment_hook('teleop_tools_msgs', 'ld_library_path_lib')
[5.645s] INFO:colcon.colcon_core.shell:Creating environment hook '/home/coche/coche_ws/install/teleop_tools_msgs/share/teleop_tools_msgs/hook/ld_library_path_lib.ps1'
[5.647s] INFO:colcon.colcon_core.shell:Creating environment descriptor '/home/coche/coche_ws/install/teleop_tools_msgs/share/teleop_tools_msgs/hook/ld_library_path_lib.dsv'
[5.650s] INFO:colcon.colcon_core.shell:Creating environment hook '/home/coche/coche_ws/install/teleop_tools_msgs/share/teleop_tools_msgs/hook/ld_library_path_lib.sh'
[5.652s] Level 1:colcon.colcon_core.environment:checking '/home/coche/coche_ws/install/teleop_tools_msgs/bin'
[5.653s] Level 1:colcon.colcon_core.environment:checking '/home/coche/coche_ws/install/teleop_tools_msgs/lib/pkgconfig/teleop_tools_msgs.pc'
[5.654s] Level 1:colcon.colcon_core.environment:checking '/home/coche/coche_ws/install/teleop_tools_msgs/lib/python3.8/site-packages'
[5.655s] Level 1:colcon.colcon_core.shell:create_environment_hook('teleop_tools_msgs', 'pythonpath')
[5.656s] INFO:colcon.colcon_core.shell:Creating environment hook '/home/coche/coche_ws/install/teleop_tools_msgs/share/teleop_tools_msgs/hook/pythonpath.ps1'
[5.658s] INFO:colcon.colcon_core.shell:Creating environment descriptor '/home/coche/coche_ws/install/teleop_tools_msgs/share/teleop_tools_msgs/hook/pythonpath.dsv'
[5.660s] INFO:colcon.colcon_core.shell:Creating environment hook '/home/coche/coche_ws/install/teleop_tools_msgs/share/teleop_tools_msgs/hook/pythonpath.sh'
[5.662s] Level 1:colcon.colcon_core.environment:checking '/home/coche/coche_ws/install/teleop_tools_msgs/bin'
[5.665s] INFO:colcon.colcon_core.shell:Creating package script '/home/coche/coche_ws/install/teleop_tools_msgs/share/teleop_tools_msgs/package.ps1'
[5.669s] INFO:colcon.colcon_core.shell:Creating package descriptor '/home/coche/coche_ws/install/teleop_tools_msgs/share/teleop_tools_msgs/package.dsv'
[5.672s] INFO:colcon.colcon_core.shell:Creating package script '/home/coche/coche_ws/install/teleop_tools_msgs/share/teleop_tools_msgs/package.sh'
[5.676s] INFO:colcon.colcon_core.shell:Creating package script '/home/coche/coche_ws/install/teleop_tools_msgs/share/teleop_tools_msgs/package.bash'
[5.678s] INFO:colcon.colcon_core.shell:Creating package script '/home/coche/coche_ws/install/teleop_tools_msgs/share/teleop_tools_msgs/package.zsh'
[5.681s] Level 1:colcon.colcon_core.environment:create_file_with_runtime_dependencies(/home/coche/coche_ws/install/teleop_tools_msgs/share/colcon-core/packages/teleop_tools_msgs)
[5.686s] INFO:colcon.colcon_ros.task.ament_python.build:Building ROS package in '/home/coche/coche_ws/src/f1tenth_system/teleop_tools/joy_teleop' with build type 'ament_python'
[5.688s] Level 1:colcon.colcon_core.shell:create_environment_hook('joy_teleop', 'ament_prefix_path')
[5.690s] INFO:colcon.colcon_core.shell:Creating environment hook '/home/coche/coche_ws/install/joy_teleop/share/joy_teleop/hook/ament_prefix_path.ps1'
[5.693s] INFO:colcon.colcon_core.shell:Creating environment descriptor '/home/coche/coche_ws/install/joy_teleop/share/joy_teleop/hook/ament_prefix_path.dsv'
[5.695s] INFO:colcon.colcon_core.shell:Creating environment hook '/home/coche/coche_ws/install/joy_teleop/share/joy_teleop/hook/ament_prefix_path.sh'
[5.699s] INFO:colcon.colcon_core.shell:Skip shell extension 'powershell' for command environment: Not usable outside of PowerShell
[5.699s] DEBUG:colcon.colcon_core.shell:Skip shell extension 'dsv' for command environment
[5.769s] DEBUG:colcon.colcon_core.event_handler.log_command:Invoking command in '/home/coche/coche_ws/build/lqr': CMAKE_PREFIX_PATH=${CMAKE_PREFIX_PATH}:/home/coche/coche_ws/install/f1tenth_stack:/home/coche/coche_ws/install/ver_trayectoria:/home/coche/coche_ws/install/joy_teleop:/home/coche/coche_ws/install/stanley_avoidance:/home/coche/coche_ws/install/particle_filter:/home/coche/coche_ws/install/mouse_teleop:/home/coche/coche_ws/install/key_teleop:/opt/ros/foxy /usr/bin/cmake --build /home/coche/coche_ws/build/lqr -- -j4 -l4
[6.965s] INFO:colcon.colcon_core.task.python.build:Building Python package in '/home/coche/coche_ws/src/f1tenth_system/teleop_tools/joy_teleop'
[6.969s] INFO:colcon.colcon_core.shell:Skip shell extension 'powershell' for command environment: Not usable outside of PowerShell
[6.969s] DEBUG:colcon.colcon_core.shell:Skip shell extension 'dsv' for command environment
[7.013s] DEBUG:colcon.colcon_core.event_handler.log_command:Invoked command in '/home/coche/coche_ws/build/lqr' returned '0': CMAKE_PREFIX_PATH=${CMAKE_PREFIX_PATH}:/home/coche/coche_ws/install/f1tenth_stack:/home/coche/coche_ws/install/ver_trayectoria:/home/coche/coche_ws/install/joy_teleop:/home/coche/coche_ws/install/stanley_avoidance:/home/coche/coche_ws/install/particle_filter:/home/coche/coche_ws/install/mouse_teleop:/home/coche/coche_ws/install/key_teleop:/opt/ros/foxy /usr/bin/cmake --build /home/coche/coche_ws/build/lqr -- -j4 -l4
[7.031s] DEBUG:colcon.colcon_core.event_handler.log_command:Invoking command in '/home/coche/coche_ws/build/lqr': CMAKE_PREFIX_PATH=${CMAKE_PREFIX_PATH}:/home/coche/coche_ws/install/f1tenth_stack:/home/coche/coche_ws/install/ver_trayectoria:/home/coche/coche_ws/install/joy_teleop:/home/coche/coche_ws/install/stanley_avoidance:/home/coche/coche_ws/install/particle_filter:/home/coche/coche_ws/install/mouse_teleop:/home/coche/coche_ws/install/key_teleop:/opt/ros/foxy /usr/bin/cmake --install /home/coche/coche_ws/build/lqr
[7.038s] Level 1:colcon.colcon_core.environment:create_environment_scripts_only(vesc_msgs)
[7.039s] Level 1:colcon.colcon_core.environment:checking '/home/coche/coche_ws/install/vesc_msgs' for CMake module files
[7.042s] Level 1:colcon.colcon_core.environment:checking '/home/coche/coche_ws/install/vesc_msgs' for CMake config files
[7.047s] Level 1:colcon.colcon_core.shell:create_environment_hook('vesc_msgs', 'cmake_prefix_path')
[7.048s] INFO:colcon.colcon_core.shell:Creating environment hook '/home/coche/coche_ws/install/vesc_msgs/share/vesc_msgs/hook/cmake_prefix_path.ps1'
[7.052s] INFO:colcon.colcon_core.shell:Creating environment descriptor '/home/coche/coche_ws/install/vesc_msgs/share/vesc_msgs/hook/cmake_prefix_path.dsv'
[7.054s] INFO:colcon.colcon_core.shell:Creating environment hook '/home/coche/coche_ws/install/vesc_msgs/share/vesc_msgs/hook/cmake_prefix_path.sh'
[7.057s] Level 1:colcon.colcon_core.environment:checking '/home/coche/coche_ws/install/vesc_msgs/lib'
[7.057s] Level 1:colcon.colcon_core.shell:create_environment_hook('vesc_msgs', 'ld_library_path_lib')
[7.058s] INFO:colcon.colcon_core.shell:Creating environment hook '/home/coche/coche_ws/install/vesc_msgs/share/vesc_msgs/hook/ld_library_path_lib.ps1'
[7.060s] INFO:colcon.colcon_core.shell:Creating environment descriptor '/home/coche/coche_ws/install/vesc_msgs/share/vesc_msgs/hook/ld_library_path_lib.dsv'
[7.061s] INFO:colcon.colcon_core.shell:Creating environment hook '/home/coche/coche_ws/install/vesc_msgs/share/vesc_msgs/hook/ld_library_path_lib.sh'
[7.063s] Level 1:colcon.colcon_core.environment:checking '/home/coche/coche_ws/install/vesc_msgs/bin'
[7.063s] Level 1:colcon.colcon_core.environment:checking '/home/coche/coche_ws/install/vesc_msgs/lib/pkgconfig/vesc_msgs.pc'
[7.066s] Level 1:colcon.colcon_core.environment:checking '/home/coche/coche_ws/install/vesc_msgs/lib/python3.8/site-packages'
[7.066s] Level 1:colcon.colcon_core.shell:create_environment_hook('vesc_msgs', 'pythonpath')
[7.067s] INFO:colcon.colcon_core.shell:Creating environment hook '/home/coche/coche_ws/install/vesc_msgs/share/vesc_msgs/hook/pythonpath.ps1'
[7.069s] INFO:colcon.colcon_core.shell:Creating environment descriptor '/home/coche/coche_ws/install/vesc_msgs/share/vesc_msgs/hook/pythonpath.dsv'
[7.071s] INFO:colcon.colcon_core.shell:Creating environment hook '/home/coche/coche_ws/install/vesc_msgs/share/vesc_msgs/hook/pythonpath.sh'
[7.073s] Level 1:colcon.colcon_core.environment:checking '/home/coche/coche_ws/install/vesc_msgs/bin'
[7.075s] INFO:colcon.colcon_core.shell:Creating package script '/home/coche/coche_ws/install/vesc_msgs/share/vesc_msgs/package.ps1'
[7.078s] INFO:colcon.colcon_core.shell:Creating package descriptor '/home/coche/coche_ws/install/vesc_msgs/share/vesc_msgs/package.dsv'
[7.080s] INFO:colcon.colcon_core.shell:Creating package script '/home/coche/coche_ws/install/vesc_msgs/share/vesc_msgs/package.sh'
[7.083s] INFO:colcon.colcon_core.shell:Creating package script '/home/coche/coche_ws/install/vesc_msgs/share/vesc_msgs/package.bash'
[7.085s] INFO:colcon.colcon_core.shell:Creating package script '/home/coche/coche_ws/install/vesc_msgs/share/vesc_msgs/package.zsh'
[7.086s] Level 1:colcon.colcon_core.environment:create_file_with_runtime_dependencies(/home/coche/coche_ws/install/vesc_msgs/share/colcon-core/packages/vesc_msgs)
[7.107s] DEBUG:colcon.colcon_core.event_handler.log_command:Invoking command in '/home/coche/coche_ws/src/f1tenth_system/teleop_tools/key_teleop': PYTHONPATH=/home/coche/coche_ws/build/key_teleop/prefix_override:/usr/lib/python3/dist-packages/colcon_core/task/python/colcon_distutils_commands:/home/coche/coche_ws/install/key_teleop/lib/python3.8/site-packages:${PYTHONPATH} /usr/bin/python3 -W ignore:setup.py install is deprecated -W ignore:easy_install command is deprecated setup.py egg_info --egg-base ../../../../build/key_teleop build --build-base /home/coche/coche_ws/build/key_teleop/build install --record /home/coche/coche_ws/build/key_teleop/install.log --install-scripts $base/lib/key_teleop --single-version-externally-managed install_data
[7.120s] INFO:colcon.colcon_ros.task.ament_cmake.build:Building ROS package in '/home/coche/coche_ws/src/f1tenth_system/vesc/vesc_ackermann' with build type 'ament_cmake'
[7.123s] INFO:colcon.colcon_cmake.task.cmake.build:Building CMake package in '/home/coche/coche_ws/src/f1tenth_system/vesc/vesc_ackermann'
[7.128s] INFO:colcon.colcon_core.shell:Skip shell extension 'powershell' for command environment: Not usable outside of PowerShell
[7.129s] DEBUG:colcon.colcon_core.shell:Skip shell extension 'dsv' for command environment
[7.233s] DEBUG:colcon.colcon_core.event_handler.log_command:Invoking command in '/home/coche/coche_ws/build/vesc_ackermann': CMAKE_PREFIX_PATH=/home/coche/coche_ws/install/vesc_msgs:/home/coche/coche_ws/install/waypoint_generator:/home/coche/coche_ws/install/wall_follow:/home/coche/coche_ws/install/vesc:/home/coche/coche_ws/install/vesc_driver:/home/coche/coche_ws/install/vesc_ackermann:/home/coche/coche_ws/install/teleop_tools:/home/coche/coche_ws/install/teleop_tools_msgs:/home/coche/coche_ws/install/pure_pursuit:/home/coche/coche_ws/install/lqr:/home/coche/coche_ws/install/gap_follow:/home/coche/coche_ws/install/bringup:/home/coche/coche_ws/install/ackermann_mux:/home/coche/coche_ws/install/f1tenth_stack:/home/coche/coche_ws/install/ver_trayectoria:/home/coche/coche_ws/install/joy_teleop:/home/coche/coche_ws/install/stanley_avoidance:/home/coche/coche_ws/install/particle_filter:/home/coche/coche_ws/install/mouse_teleop:/home/coche/coche_ws/install/key_teleop:/opt/ros/foxy LD_LIBRARY_PATH=/home/coche/coche_ws/install/vesc_msgs/lib:/home/coche/coche_ws/install/vesc_driver/lib:/home/coche/coche_ws/install/vesc_ackermann/lib:/home/coche/coche_ws/install/teleop_tools_msgs/lib:/opt/ros/foxy/opt/yaml_cpp_vendor/lib:/opt/ros/foxy/opt/rviz_ogre_vendor/lib:/opt/ros/foxy/lib/aarch64-linux-gnu:/opt/ros/foxy/lib PYTHONPATH=/home/coche/coche_ws/install/vesc_msgs/lib/python3.8/site-packages:/home/coche/coche_ws/install/wall_follow/lib/python3.8/site-packages:/home/coche/coche_ws/install/f1tenth_stack/lib/python3.8/site-packages:/home/coche/coche_ws/install/ver_trayectoria/lib/python3.8/site-packages:/home/coche/coche_ws/install/joy_teleop/lib/python3.8/site-packages:/home/coche/coche_ws/install/teleop_tools_msgs/lib/python3.8/site-packages:/home/coche/coche_ws/install/stanley_avoidance/lib/python3.8/site-packages:/home/coche/coche_ws/install/pure_pursuit/lib/python3.8/site-packages:/home/coche/coche_ws/install/particle_filter/lib/python3.8/site-packages:/home/coche/coche_ws/install/mouse_teleop/lib/python3.8/site-packages:/home/coche/coche_ws/install/lqr/lib/python3.8/site-packages:/home/coche/coche_ws/install/key_teleop/lib/python3.8/site-packages:/home/coche/coche_ws/install/gap_follow/lib/python3.8/site-packages:/opt/ros/foxy/lib/python3.8/site-packages /usr/bin/cmake --build /home/coche/coche_ws/build/vesc_ackermann -- -j4 -l4
[7.297s] Level 1:colcon.colcon_core.environment:create_environment_scripts_only(lqr)
[7.303s] Level 1:colcon.colcon_core.environment:checking '/home/coche/coche_ws/install/lqr' for CMake module files
[7.307s] Level 1:colcon.colcon_core.environment:checking '/home/coche/coche_ws/install/lqr' for CMake config files
[7.310s] DEBUG:colcon.colcon_core.event_handler.log_command:Invoked command in '/home/coche/coche_ws/build/lqr' returned '0': CMAKE_PREFIX_PATH=${CMAKE_PREFIX_PATH}:/home/coche/coche_ws/install/f1tenth_stack:/home/coche/coche_ws/install/ver_trayectoria:/home/coche/coche_ws/install/joy_teleop:/home/coche/coche_ws/install/stanley_avoidance:/home/coche/coche_ws/install/particle_filter:/home/coche/coche_ws/install/mouse_teleop:/home/coche/coche_ws/install/key_teleop:/opt/ros/foxy /usr/bin/cmake --install /home/coche/coche_ws/build/lqr
[7.315s] Level 1:colcon.colcon_core.shell:create_environment_hook('lqr', 'cmake_prefix_path')
[7.322s] INFO:colcon.colcon_core.shell:Creating environment hook '/home/coche/coche_ws/install/lqr/share/lqr/hook/cmake_prefix_path.ps1'
[7.328s] INFO:colcon.colcon_core.shell:Creating environment descriptor '/home/coche/coche_ws/install/lqr/share/lqr/hook/cmake_prefix_path.dsv'
[7.330s] INFO:colcon.colcon_core.shell:Creating environment hook '/home/coche/coche_ws/install/lqr/share/lqr/hook/cmake_prefix_path.sh'
[7.333s] Level 1:colcon.colcon_core.environment:checking '/home/coche/coche_ws/install/lqr/lib'
[7.334s] Level 1:colcon.colcon_core.environment:checking '/home/coche/coche_ws/install/lqr/bin'
[7.334s] Level 1:colcon.colcon_core.environment:checking '/home/coche/coche_ws/install/lqr/lib/pkgconfig/lqr.pc'
[7.335s] Level 1:colcon.colcon_core.environment:checking '/home/coche/coche_ws/install/lqr/lib/python3.8/site-packages'
[7.336s] Level 1:colcon.colcon_core.shell:create_environment_hook('lqr', 'pythonpath')
[7.336s] INFO:colcon.colcon_core.shell:Creating environment hook '/home/coche/coche_ws/install/lqr/share/lqr/hook/pythonpath.ps1'
[7.338s] INFO:colcon.colcon_core.shell:Creating environment descriptor '/home/coche/coche_ws/install/lqr/share/lqr/hook/pythonpath.dsv'
[7.340s] INFO:colcon.colcon_core.shell:Creating environment hook '/home/coche/coche_ws/install/lqr/share/lqr/hook/pythonpath.sh'
[7.343s] Level 1:colcon.colcon_core.environment:checking '/home/coche/coche_ws/install/lqr/bin'
[7.344s] INFO:colcon.colcon_core.shell:Creating package script '/home/coche/coche_ws/install/lqr/share/lqr/package.ps1'
[7.348s] INFO:colcon.colcon_core.shell:Creating package descriptor '/home/coche/coche_ws/install/lqr/share/lqr/package.dsv'
[7.352s] INFO:colcon.colcon_core.shell:Creating package script '/home/coche/coche_ws/install/lqr/share/lqr/package.sh'
[7.354s] INFO:colcon.colcon_core.shell:Creating package script '/home/coche/coche_ws/install/lqr/share/lqr/package.bash'
[7.356s] INFO:colcon.colcon_core.shell:Creating package script '/home/coche/coche_ws/install/lqr/share/lqr/package.zsh'
[7.361s] Level 1:colcon.colcon_core.environment:create_file_with_runtime_dependencies(/home/coche/coche_ws/install/lqr/share/colcon-core/packages/lqr)
[7.364s] Level 1:colcon.colcon_core.environment:create_environment_scripts_only(lqr)
[7.365s] Level 1:colcon.colcon_core.environment:checking '/home/coche/coche_ws/install/lqr' for CMake module files
[7.367s] Level 1:colcon.colcon_core.environment:checking '/home/coche/coche_ws/install/lqr' for CMake config files
[7.368s] Level 1:colcon.colcon_core.shell:create_environment_hook('lqr', 'cmake_prefix_path')
[7.369s] INFO:colcon.colcon_core.shell:Creating environment hook '/home/coche/coche_ws/install/lqr/share/lqr/hook/cmake_prefix_path.ps1'
[7.372s] INFO:colcon.colcon_core.shell:Creating environment descriptor '/home/coche/coche_ws/install/lqr/share/lqr/hook/cmake_prefix_path.dsv'
[7.374s] INFO:colcon.colcon_core.shell:Creating environment hook '/home/coche/coche_ws/install/lqr/share/lqr/hook/cmake_prefix_path.sh'
[7.376s] Level 1:colcon.colcon_core.environment:checking '/home/coche/coche_ws/install/lqr/lib'
[7.376s] Level 1:colcon.colcon_core.environment:checking '/home/coche/coche_ws/install/lqr/bin'
[7.377s] Level 1:colcon.colcon_core.environment:checking '/home/coche/coche_ws/install/lqr/lib/pkgconfig/lqr.pc'
[7.377s] Level 1:colcon.colcon_core.environment:checking '/home/coche/coche_ws/install/lqr/lib/python3.8/site-packages'
[7.378s] Level 1:colcon.colcon_core.shell:create_environment_hook('lqr', 'pythonpath')
[7.378s] INFO:colcon.colcon_core.shell:Creating environment hook '/home/coche/coche_ws/install/lqr/share/lqr/hook/pythonpath.ps1'
[7.380s] INFO:colcon.colcon_core.shell:Creating environment descriptor '/home/coche/coche_ws/install/lqr/share/lqr/hook/pythonpath.dsv'
[7.382s] INFO:colcon.colcon_core.shell:Creating environment hook '/home/coche/coche_ws/install/lqr/share/lqr/hook/pythonpath.sh'
[7.386s] Level 1:colcon.colcon_core.environment:checking '/home/coche/coche_ws/install/lqr/bin'
[7.388s] INFO:colcon.colcon_core.shell:Creating package script '/home/coche/coche_ws/install/lqr/share/lqr/package.ps1'
[7.392s] INFO:colcon.colcon_core.shell:Creating package descriptor '/home/coche/coche_ws/install/lqr/share/lqr/package.dsv'
[7.394s] INFO:colcon.colcon_core.shell:Creating package script '/home/coche/coche_ws/install/lqr/share/lqr/package.sh'
[7.397s] INFO:colcon.colcon_core.shell:Creating package script '/home/coche/coche_ws/install/lqr/share/lqr/package.bash'
[7.399s] INFO:colcon.colcon_core.shell:Creating package script '/home/coche/coche_ws/install/lqr/share/lqr/package.zsh'
[7.401s] Level 1:colcon.colcon_core.environment:create_file_with_runtime_dependencies(/home/coche/coche_ws/install/lqr/share/colcon-core/packages/lqr)
[7.403s] INFO:colcon.colcon_ros.task.ament_cmake.build:Building ROS package in '/home/coche/coche_ws/src/f1tenth_system/vesc/vesc_driver' with build type 'ament_cmake'
[7.405s] INFO:colcon.colcon_cmake.task.cmake.build:Building CMake package in '/home/coche/coche_ws/src/f1tenth_system/vesc/vesc_driver'
[7.406s] INFO:colcon.colcon_core.shell:Skip shell extension 'powershell' for command environment: Not usable outside of PowerShell
[7.407s] DEBUG:colcon.colcon_core.shell:Skip shell extension 'dsv' for command environment
[7.498s] DEBUG:colcon.colcon_core.event_handler.log_command:Invoking command in '/home/coche/coche_ws/build/vesc_driver': CMAKE_PREFIX_PATH=/home/coche/coche_ws/install/vesc_msgs:/home/coche/coche_ws/install/waypoint_generator:/home/coche/coche_ws/install/wall_follow:/home/coche/coche_ws/install/vesc:/home/coche/coche_ws/install/vesc_driver:/home/coche/coche_ws/install/vesc_ackermann:/home/coche/coche_ws/install/teleop_tools:/home/coche/coche_ws/install/teleop_tools_msgs:/home/coche/coche_ws/install/pure_pursuit:/home/coche/coche_ws/install/lqr:/home/coche/coche_ws/install/gap_follow:/home/coche/coche_ws/install/bringup:/home/coche/coche_ws/install/ackermann_mux:/home/coche/coche_ws/install/f1tenth_stack:/home/coche/coche_ws/install/ver_trayectoria:/home/coche/coche_ws/install/joy_teleop:/home/coche/coche_ws/install/stanley_avoidance:/home/coche/coche_ws/install/particle_filter:/home/coche/coche_ws/install/mouse_teleop:/home/coche/coche_ws/install/key_teleop:/opt/ros/foxy LD_LIBRARY_PATH=/home/coche/coche_ws/install/vesc_msgs/lib:/home/coche/coche_ws/install/vesc_driver/lib:/home/coche/coche_ws/install/vesc_ackermann/lib:/home/coche/coche_ws/install/teleop_tools_msgs/lib:/opt/ros/foxy/opt/yaml_cpp_vendor/lib:/opt/ros/foxy/opt/rviz_ogre_vendor/lib:/opt/ros/foxy/lib/aarch64-linux-gnu:/opt/ros/foxy/lib PYTHONPATH=/home/coche/coche_ws/install/vesc_msgs/lib/python3.8/site-packages:/home/coche/coche_ws/install/wall_follow/lib/python3.8/site-packages:/home/coche/coche_ws/install/f1tenth_stack/lib/python3.8/site-packages:/home/coche/coche_ws/install/ver_trayectoria/lib/python3.8/site-packages:/home/coche/coche_ws/install/joy_teleop/lib/python3.8/site-packages:/home/coche/coche_ws/install/teleop_tools_msgs/lib/python3.8/site-packages:/home/coche/coche_ws/install/stanley_avoidance/lib/python3.8/site-packages:/home/coche/coche_ws/install/pure_pursuit/lib/python3.8/site-packages:/home/coche/coche_ws/install/particle_filter/lib/python3.8/site-packages:/home/coche/coche_ws/install/mouse_teleop/lib/python3.8/site-packages:/home/coche/coche_ws/install/lqr/lib/python3.8/site-packages:/home/coche/coche_ws/install/key_teleop/lib/python3.8/site-packages:/home/coche/coche_ws/install/gap_follow/lib/python3.8/site-packages:/opt/ros/foxy/lib/python3.8/site-packages /usr/bin/cmake --build /home/coche/coche_ws/build/vesc_driver -- -j4 -l4
[7.900s] DEBUG:colcon.colcon_core.event_handler.log_command:Invoked command in '/home/coche/coche_ws/build/vesc_ackermann' returned '0': CMAKE_PREFIX_PATH=/home/coche/coche_ws/install/vesc_msgs:/home/coche/coche_ws/install/waypoint_generator:/home/coche/coche_ws/install/wall_follow:/home/coche/coche_ws/install/vesc:/home/coche/coche_ws/install/vesc_driver:/home/coche/coche_ws/install/vesc_ackermann:/home/coche/coche_ws/install/teleop_tools:/home/coche/coche_ws/install/teleop_tools_msgs:/home/coche/coche_ws/install/pure_pursuit:/home/coche/coche_ws/install/lqr:/home/coche/coche_ws/install/gap_follow:/home/coche/coche_ws/install/bringup:/home/coche/coche_ws/install/ackermann_mux:/home/coche/coche_ws/install/f1tenth_stack:/home/coche/coche_ws/install/ver_trayectoria:/home/coche/coche_ws/install/joy_teleop:/home/coche/coche_ws/install/stanley_avoidance:/home/coche/coche_ws/install/particle_filter:/home/coche/coche_ws/install/mouse_teleop:/home/coche/coche_ws/install/key_teleop:/opt/ros/foxy LD_LIBRARY_PATH=/home/coche/coche_ws/install/vesc_msgs/lib:/home/coche/coche_ws/install/vesc_driver/lib:/home/coche/coche_ws/install/vesc_ackermann/lib:/home/coche/coche_ws/install/teleop_tools_msgs/lib:/opt/ros/foxy/opt/yaml_cpp_vendor/lib:/opt/ros/foxy/opt/rviz_ogre_vendor/lib:/opt/ros/foxy/lib/aarch64-linux-gnu:/opt/ros/foxy/lib PYTHONPATH=/home/coche/coche_ws/install/vesc_msgs/lib/python3.8/site-packages:/home/coche/coche_ws/install/wall_follow/lib/python3.8/site-packages:/home/coche/coche_ws/install/f1tenth_stack/lib/python3.8/site-packages:/home/coche/coche_ws/install/ver_trayectoria/lib/python3.8/site-packages:/home/coche/coche_ws/install/joy_teleop/lib/python3.8/site-packages:/home/coche/coche_ws/install/teleop_tools_msgs/lib/python3.8/site-packages:/home/coche/coche_ws/install/stanley_avoidance/lib/python3.8/site-packages:/home/coche/coche_ws/install/pure_pursuit/lib/python3.8/site-packages:/home/coche/coche_ws/install/particle_filter/lib/python3.8/site-packages:/home/coche/coche_ws/install/mouse_teleop/lib/python3.8/site-packages:/home/coche/coche_ws/install/lqr/lib/python3.8/site-packages:/home/coche/coche_ws/install/key_teleop/lib/python3.8/site-packages:/home/coche/coche_ws/install/gap_follow/lib/python3.8/site-packages:/opt/ros/foxy/lib/python3.8/site-packages /usr/bin/cmake --build /home/coche/coche_ws/build/vesc_ackermann -- -j4 -l4
[8.176s] DEBUG:colcon.colcon_core.event_handler.log_command:Invoking command in '/home/coche/coche_ws/build/vesc_ackermann': CMAKE_PREFIX_PATH=/home/coche/coche_ws/install/vesc_msgs:/home/coche/coche_ws/install/waypoint_generator:/home/coche/coche_ws/install/wall_follow:/home/coche/coche_ws/install/vesc:/home/coche/coche_ws/install/vesc_driver:/home/coche/coche_ws/install/vesc_ackermann:/home/coche/coche_ws/install/teleop_tools:/home/coche/coche_ws/install/teleop_tools_msgs:/home/coche/coche_ws/install/pure_pursuit:/home/coche/coche_ws/install/lqr:/home/coche/coche_ws/install/gap_follow:/home/coche/coche_ws/install/bringup:/home/coche/coche_ws/install/ackermann_mux:/home/coche/coche_ws/install/f1tenth_stack:/home/coche/coche_ws/install/ver_trayectoria:/home/coche/coche_ws/install/joy_teleop:/home/coche/coche_ws/install/stanley_avoidance:/home/coche/coche_ws/install/particle_filter:/home/coche/coche_ws/install/mouse_teleop:/home/coche/coche_ws/install/key_teleop:/opt/ros/foxy LD_LIBRARY_PATH=/home/coche/coche_ws/install/vesc_msgs/lib:/home/coche/coche_ws/install/vesc_driver/lib:/home/coche/coche_ws/install/vesc_ackermann/lib:/home/coche/coche_ws/install/teleop_tools_msgs/lib:/opt/ros/foxy/opt/yaml_cpp_vendor/lib:/opt/ros/foxy/opt/rviz_ogre_vendor/lib:/opt/ros/foxy/lib/aarch64-linux-gnu:/opt/ros/foxy/lib PYTHONPATH=/home/coche/coche_ws/install/vesc_msgs/lib/python3.8/site-packages:/home/coche/coche_ws/install/wall_follow/lib/python3.8/site-packages:/home/coche/coche_ws/install/f1tenth_stack/lib/python3.8/site-packages:/home/coche/coche_ws/install/ver_trayectoria/lib/python3.8/site-packages:/home/coche/coche_ws/install/joy_teleop/lib/python3.8/site-packages:/home/coche/coche_ws/install/teleop_tools_msgs/lib/python3.8/site-packages:/home/coche/coche_ws/install/stanley_avoidance/lib/python3.8/site-packages:/home/coche/coche_ws/install/pure_pursuit/lib/python3.8/site-packages:/home/coche/coche_ws/install/particle_filter/lib/python3.8/site-packages:/home/coche/coche_ws/install/mouse_teleop/lib/python3.8/site-packages:/home/coche/coche_ws/install/lqr/lib/python3.8/site-packages:/home/coche/coche_ws/install/key_teleop/lib/python3.8/site-packages:/home/coche/coche_ws/install/gap_follow/lib/python3.8/site-packages:/opt/ros/foxy/lib/python3.8/site-packages /usr/bin/cmake --install /home/coche/coche_ws/build/vesc_ackermann
[8.234s] DEBUG:colcon.colcon_core.event_handler.log_command:Invoked command in '/home/coche/coche_ws/build/vesc_driver' returned '0': CMAKE_PREFIX_PATH=/home/coche/coche_ws/install/vesc_msgs:/home/coche/coche_ws/install/waypoint_generator:/home/coche/coche_ws/install/wall_follow:/home/coche/coche_ws/install/vesc:/home/coche/coche_ws/install/vesc_driver:/home/coche/coche_ws/install/vesc_ackermann:/home/coche/coche_ws/install/teleop_tools:/home/coche/coche_ws/install/teleop_tools_msgs:/home/coche/coche_ws/install/pure_pursuit:/home/coche/coche_ws/install/lqr:/home/coche/coche_ws/install/gap_follow:/home/coche/coche_ws/install/bringup:/home/coche/coche_ws/install/ackermann_mux:/home/coche/coche_ws/install/f1tenth_stack:/home/coche/coche_ws/install/ver_trayectoria:/home/coche/coche_ws/install/joy_teleop:/home/coche/coche_ws/install/stanley_avoidance:/home/coche/coche_ws/install/particle_filter:/home/coche/coche_ws/install/mouse_teleop:/home/coche/coche_ws/install/key_teleop:/opt/ros/foxy LD_LIBRARY_PATH=/home/coche/coche_ws/install/vesc_msgs/lib:/home/coche/coche_ws/install/vesc_driver/lib:/home/coche/coche_ws/install/vesc_ackermann/lib:/home/coche/coche_ws/install/teleop_tools_msgs/lib:/opt/ros/foxy/opt/yaml_cpp_vendor/lib:/opt/ros/foxy/opt/rviz_ogre_vendor/lib:/opt/ros/foxy/lib/aarch64-linux-gnu:/opt/ros/foxy/lib PYTHONPATH=/home/coche/coche_ws/install/vesc_msgs/lib/python3.8/site-packages:/home/coche/coche_ws/install/wall_follow/lib/python3.8/site-packages:/home/coche/coche_ws/install/f1tenth_stack/lib/python3.8/site-packages:/home/coche/coche_ws/install/ver_trayectoria/lib/python3.8/site-packages:/home/coche/coche_ws/install/joy_teleop/lib/python3.8/site-packages:/home/coche/coche_ws/install/teleop_tools_msgs/lib/python3.8/site-packages:/home/coche/coche_ws/install/stanley_avoidance/lib/python3.8/site-packages:/home/coche/coche_ws/install/pure_pursuit/lib/python3.8/site-packages:/home/coche/coche_ws/install/particle_filter/lib/python3.8/site-packages:/home/coche/coche_ws/install/mouse_teleop/lib/python3.8/site-packages:/home/coche/coche_ws/install/lqr/lib/python3.8/site-packages:/home/coche/coche_ws/install/key_teleop/lib/python3.8/site-packages:/home/coche/coche_ws/install/gap_follow/lib/python3.8/site-packages:/opt/ros/foxy/lib/python3.8/site-packages /usr/bin/cmake --build /home/coche/coche_ws/build/vesc_driver -- -j4 -l4
[8.299s] Level 1:colcon.colcon_core.environment:create_environment_scripts_only(vesc_ackermann)
[8.305s] Level 1:colcon.colcon_core.environment:checking '/home/coche/coche_ws/install/vesc_ackermann' for CMake module files
[8.310s] Level 1:colcon.colcon_core.environment:checking '/home/coche/coche_ws/install/vesc_ackermann' for CMake config files
[8.313s] DEBUG:colcon.colcon_core.event_handler.log_command:Invoked command in '/home/coche/coche_ws/build/vesc_ackermann' returned '0': CMAKE_PREFIX_PATH=/home/coche/coche_ws/install/vesc_msgs:/home/coche/coche_ws/install/waypoint_generator:/home/coche/coche_ws/install/wall_follow:/home/coche/coche_ws/install/vesc:/home/coche/coche_ws/install/vesc_driver:/home/coche/coche_ws/install/vesc_ackermann:/home/coche/coche_ws/install/teleop_tools:/home/coche/coche_ws/install/teleop_tools_msgs:/home/coche/coche_ws/install/pure_pursuit:/home/coche/coche_ws/install/lqr:/home/coche/coche_ws/install/gap_follow:/home/coche/coche_ws/install/bringup:/home/coche/coche_ws/install/ackermann_mux:/home/coche/coche_ws/install/f1tenth_stack:/home/coche/coche_ws/install/ver_trayectoria:/home/coche/coche_ws/install/joy_teleop:/home/coche/coche_ws/install/stanley_avoidance:/home/coche/coche_ws/install/particle_filter:/home/coche/coche_ws/install/mouse_teleop:/home/coche/coche_ws/install/key_teleop:/opt/ros/foxy LD_LIBRARY_PATH=/home/coche/coche_ws/install/vesc_msgs/lib:/home/coche/coche_ws/install/vesc_driver/lib:/home/coche/coche_ws/install/vesc_ackermann/lib:/home/coche/coche_ws/install/teleop_tools_msgs/lib:/opt/ros/foxy/opt/yaml_cpp_vendor/lib:/opt/ros/foxy/opt/rviz_ogre_vendor/lib:/opt/ros/foxy/lib/aarch64-linux-gnu:/opt/ros/foxy/lib PYTHONPATH=/home/coche/coche_ws/install/vesc_msgs/lib/python3.8/site-packages:/home/coche/coche_ws/install/wall_follow/lib/python3.8/site-packages:/home/coche/coche_ws/install/f1tenth_stack/lib/python3.8/site-packages:/home/coche/coche_ws/install/ver_trayectoria/lib/python3.8/site-packages:/home/coche/coche_ws/install/joy_teleop/lib/python3.8/site-packages:/home/coche/coche_ws/install/teleop_tools_msgs/lib/python3.8/site-packages:/home/coche/coche_ws/install/stanley_avoidance/lib/python3.8/site-packages:/home/coche/coche_ws/install/pure_pursuit/lib/python3.8/site-packages:/home/coche/coche_ws/install/particle_filter/lib/python3.8/site-packages:/home/coche/coche_ws/install/mouse_teleop/lib/python3.8/site-packages:/home/coche/coche_ws/install/lqr/lib/python3.8/site-packages:/home/coche/coche_ws/install/key_teleop/lib/python3.8/site-packages:/home/coche/coche_ws/install/gap_follow/lib/python3.8/site-packages:/opt/ros/foxy/lib/python3.8/site-packages /usr/bin/cmake --install /home/coche/coche_ws/build/vesc_ackermann
[8.314s] Level 1:colcon.colcon_core.shell:create_environment_hook('vesc_ackermann', 'cmake_prefix_path')
[8.316s] INFO:colcon.colcon_core.shell:Creating environment hook '/home/coche/coche_ws/install/vesc_ackermann/share/vesc_ackermann/hook/cmake_prefix_path.ps1'
[8.319s] INFO:colcon.colcon_core.shell:Creating environment descriptor '/home/coche/coche_ws/install/vesc_ackermann/share/vesc_ackermann/hook/cmake_prefix_path.dsv'
[8.321s] INFO:colcon.colcon_core.shell:Creating environment hook '/home/coche/coche_ws/install/vesc_ackermann/share/vesc_ackermann/hook/cmake_prefix_path.sh'
[8.326s] Level 1:colcon.colcon_core.environment:checking '/home/coche/coche_ws/install/vesc_ackermann/lib'
[8.327s] Level 1:colcon.colcon_core.shell:create_environment_hook('vesc_ackermann', 'ld_library_path_lib')
[8.328s] INFO:colcon.colcon_core.shell:Creating environment hook '/home/coche/coche_ws/install/vesc_ackermann/share/vesc_ackermann/hook/ld_library_path_lib.ps1'
[8.331s] INFO:colcon.colcon_core.shell:Creating environment descriptor '/home/coche/coche_ws/install/vesc_ackermann/share/vesc_ackermann/hook/ld_library_path_lib.dsv'
[8.333s] INFO:colcon.colcon_core.shell:Creating environment hook '/home/coche/coche_ws/install/vesc_ackermann/share/vesc_ackermann/hook/ld_library_path_lib.sh'
[8.337s] Level 1:colcon.colcon_core.environment:checking '/home/coche/coche_ws/install/vesc_ackermann/bin'
[8.338s] Level 1:colcon.colcon_core.environment:checking '/home/coche/coche_ws/install/vesc_ackermann/lib/pkgconfig/vesc_ackermann.pc'
[8.339s] Level 1:colcon.colcon_core.environment:checking '/home/coche/coche_ws/install/vesc_ackermann/lib/python3.8/site-packages'
[8.340s] Level 1:colcon.colcon_core.environment:checking '/home/coche/coche_ws/install/vesc_ackermann/bin'
[8.342s] INFO:colcon.colcon_core.shell:Creating package script '/home/coche/coche_ws/install/vesc_ackermann/share/vesc_ackermann/package.ps1'
[8.345s] INFO:colcon.colcon_core.shell:Creating package descriptor '/home/coche/coche_ws/install/vesc_ackermann/share/vesc_ackermann/package.dsv'
[8.348s] INFO:colcon.colcon_core.shell:Creating package script '/home/coche/coche_ws/install/vesc_ackermann/share/vesc_ackermann/package.sh'
[8.351s] INFO:colcon.colcon_core.shell:Creating package script '/home/coche/coche_ws/install/vesc_ackermann/share/vesc_ackermann/package.bash'
[8.353s] INFO:colcon.colcon_core.shell:Creating package script '/home/coche/coche_ws/install/vesc_ackermann/share/vesc_ackermann/package.zsh'
[8.355s] Level 1:colcon.colcon_core.environment:create_file_with_runtime_dependencies(/home/coche/coche_ws/install/vesc_ackermann/share/colcon-core/packages/vesc_ackermann)
[8.566s] DEBUG:colcon.colcon_core.event_handler.log_command:Invoking command in '/home/coche/coche_ws/build/vesc_driver': CMAKE_PREFIX_PATH=/home/coche/coche_ws/install/vesc_msgs:/home/coche/coche_ws/install/waypoint_generator:/home/coche/coche_ws/install/wall_follow:/home/coche/coche_ws/install/vesc:/home/coche/coche_ws/install/vesc_driver:/home/coche/coche_ws/install/vesc_ackermann:/home/coche/coche_ws/install/teleop_tools:/home/coche/coche_ws/install/teleop_tools_msgs:/home/coche/coche_ws/install/pure_pursuit:/home/coche/coche_ws/install/lqr:/home/coche/coche_ws/install/gap_follow:/home/coche/coche_ws/install/bringup:/home/coche/coche_ws/install/ackermann_mux:/home/coche/coche_ws/install/f1tenth_stack:/home/coche/coche_ws/install/ver_trayectoria:/home/coche/coche_ws/install/joy_teleop:/home/coche/coche_ws/install/stanley_avoidance:/home/coche/coche_ws/install/particle_filter:/home/coche/coche_ws/install/mouse_teleop:/home/coche/coche_ws/install/key_teleop:/opt/ros/foxy LD_LIBRARY_PATH=/home/coche/coche_ws/install/vesc_msgs/lib:/home/coche/coche_ws/install/vesc_driver/lib:/home/coche/coche_ws/install/vesc_ackermann/lib:/home/coche/coche_ws/install/teleop_tools_msgs/lib:/opt/ros/foxy/opt/yaml_cpp_vendor/lib:/opt/ros/foxy/opt/rviz_ogre_vendor/lib:/opt/ros/foxy/lib/aarch64-linux-gnu:/opt/ros/foxy/lib PYTHONPATH=/home/coche/coche_ws/install/vesc_msgs/lib/python3.8/site-packages:/home/coche/coche_ws/install/wall_follow/lib/python3.8/site-packages:/home/coche/coche_ws/install/f1tenth_stack/lib/python3.8/site-packages:/home/coche/coche_ws/install/ver_trayectoria/lib/python3.8/site-packages:/home/coche/coche_ws/install/joy_teleop/lib/python3.8/site-packages:/home/coche/coche_ws/install/teleop_tools_msgs/lib/python3.8/site-packages:/home/coche/coche_ws/install/stanley_avoidance/lib/python3.8/site-packages:/home/coche/coche_ws/install/pure_pursuit/lib/python3.8/site-packages:/home/coche/coche_ws/install/particle_filter/lib/python3.8/site-packages:/home/coche/coche_ws/install/mouse_teleop/lib/python3.8/site-packages:/home/coche/coche_ws/install/lqr/lib/python3.8/site-packages:/home/coche/coche_ws/install/key_teleop/lib/python3.8/site-packages:/home/coche/coche_ws/install/gap_follow/lib/python3.8/site-packages:/opt/ros/foxy/lib/python3.8/site-packages /usr/bin/cmake --install /home/coche/coche_ws/build/vesc_driver
[8.594s] Level 1:colcon.colcon_core.environment:create_environment_scripts_only(vesc_ackermann)
[8.596s] Level 1:colcon.colcon_core.environment:checking '/home/coche/coche_ws/install/vesc_ackermann' for CMake module files
[8.598s] Level 1:colcon.colcon_core.environment:checking '/home/coche/coche_ws/install/vesc_ackermann' for CMake config files
[8.600s] Level 1:colcon.colcon_core.shell:create_environment_hook('vesc_ackermann', 'cmake_prefix_path')
[8.604s] INFO:colcon.colcon_core.shell:Creating environment hook '/home/coche/coche_ws/install/vesc_ackermann/share/vesc_ackermann/hook/cmake_prefix_path.ps1'
[8.608s] INFO:colcon.colcon_core.shell:Creating environment descriptor '/home/coche/coche_ws/install/vesc_ackermann/share/vesc_ackermann/hook/cmake_prefix_path.dsv'
[8.612s] INFO:colcon.colcon_core.shell:Creating environment hook '/home/coche/coche_ws/install/vesc_ackermann/share/vesc_ackermann/hook/cmake_prefix_path.sh'
[8.616s] Level 1:colcon.colcon_core.environment:checking '/home/coche/coche_ws/install/vesc_ackermann/lib'
[8.616s] Level 1:colcon.colcon_core.shell:create_environment_hook('vesc_ackermann', 'ld_library_path_lib')
[8.617s] INFO:colcon.colcon_core.shell:Creating environment hook '/home/coche/coche_ws/install/vesc_ackermann/share/vesc_ackermann/hook/ld_library_path_lib.ps1'
[8.630s] INFO:colcon.colcon_core.shell:Creating environment descriptor '/home/coche/coche_ws/install/vesc_ackermann/share/vesc_ackermann/hook/ld_library_path_lib.dsv'
[8.652s] INFO:colcon.colcon_core.shell:Creating environment hook '/home/coche/coche_ws/install/vesc_ackermann/share/vesc_ackermann/hook/ld_library_path_lib.sh'
[8.655s] Level 1:colcon.colcon_core.environment:checking '/home/coche/coche_ws/install/vesc_ackermann/bin'
[8.655s] Level 1:colcon.colcon_core.environment:checking '/home/coche/coche_ws/install/vesc_ackermann/lib/pkgconfig/vesc_ackermann.pc'
[8.657s] Level 1:colcon.colcon_core.environment:checking '/home/coche/coche_ws/install/vesc_ackermann/lib/python3.8/site-packages'
[8.658s] Level 1:colcon.colcon_core.environment:checking '/home/coche/coche_ws/install/vesc_ackermann/bin'
[8.660s] INFO:colcon.colcon_core.shell:Creating package script '/home/coche/coche_ws/install/vesc_ackermann/share/vesc_ackermann/package.ps1'
[8.665s] INFO:colcon.colcon_core.shell:Creating package descriptor '/home/coche/coche_ws/install/vesc_ackermann/share/vesc_ackermann/package.dsv'
[8.671s] INFO:colcon.colcon_core.shell:Creating package script '/home/coche/coche_ws/install/vesc_ackermann/share/vesc_ackermann/package.sh'
[8.675s] INFO:colcon.colcon_core.shell:Creating package script '/home/coche/coche_ws/install/vesc_ackermann/share/vesc_ackermann/package.bash'
[8.678s] INFO:colcon.colcon_core.shell:Creating package script '/home/coche/coche_ws/install/vesc_ackermann/share/vesc_ackermann/package.zsh'
[8.680s] Level 1:colcon.colcon_core.environment:create_file_with_runtime_dependencies(/home/coche/coche_ws/install/vesc_ackermann/share/colcon-core/packages/vesc_ackermann)
[8.688s] INFO:colcon.colcon_ros.task.ament_python.build:Building ROS package in '/home/coche/coche_ws/src/f1tenth_system/teleop_tools/mouse_teleop' with build type 'ament_python'
[8.690s] Level 1:colcon.colcon_core.shell:create_environment_hook('mouse_teleop', 'ament_prefix_path')
[8.692s] INFO:colcon.colcon_core.shell:Creating environment hook '/home/coche/coche_ws/install/mouse_teleop/share/mouse_teleop/hook/ament_prefix_path.ps1'
[8.695s] INFO:colcon.colcon_core.shell:Creating environment descriptor '/home/coche/coche_ws/install/mouse_teleop/share/mouse_teleop/hook/ament_prefix_path.dsv'
[8.697s] INFO:colcon.colcon_core.shell:Creating environment hook '/home/coche/coche_ws/install/mouse_teleop/share/mouse_teleop/hook/ament_prefix_path.sh'
[8.700s] INFO:colcon.colcon_core.shell:Skip shell extension 'powershell' for command environment: Not usable outside of PowerShell
[8.701s] DEBUG:colcon.colcon_core.shell:Skip shell extension 'dsv' for command environment
[8.742s] Level 1:colcon.colcon_core.environment:create_environment_scripts_only(vesc_driver)
[8.749s] Level 1:colcon.colcon_core.environment:checking '/home/coche/coche_ws/install/vesc_driver' for CMake module files
[8.750s] DEBUG:colcon.colcon_core.event_handler.log_command:Invoked command in '/home/coche/coche_ws/build/vesc_driver' returned '0': CMAKE_PREFIX_PATH=/home/coche/coche_ws/install/vesc_msgs:/home/coche/coche_ws/install/waypoint_generator:/home/coche/coche_ws/install/wall_follow:/home/coche/coche_ws/install/vesc:/home/coche/coche_ws/install/vesc_driver:/home/coche/coche_ws/install/vesc_ackermann:/home/coche/coche_ws/install/teleop_tools:/home/coche/coche_ws/install/teleop_tools_msgs:/home/coche/coche_ws/install/pure_pursuit:/home/coche/coche_ws/install/lqr:/home/coche/coche_ws/install/gap_follow:/home/coche/coche_ws/install/bringup:/home/coche/coche_ws/install/ackermann_mux:/home/coche/coche_ws/install/f1tenth_stack:/home/coche/coche_ws/install/ver_trayectoria:/home/coche/coche_ws/install/joy_teleop:/home/coche/coche_ws/install/stanley_avoidance:/home/coche/coche_ws/install/particle_filter:/home/coche/coche_ws/install/mouse_teleop:/home/coche/coche_ws/install/key_teleop:/opt/ros/foxy LD_LIBRARY_PATH=/home/coche/coche_ws/install/vesc_msgs/lib:/home/coche/coche_ws/install/vesc_driver/lib:/home/coche/coche_ws/install/vesc_ackermann/lib:/home/coche/coche_ws/install/teleop_tools_msgs/lib:/opt/ros/foxy/opt/yaml_cpp_vendor/lib:/opt/ros/foxy/opt/rviz_ogre_vendor/lib:/opt/ros/foxy/lib/aarch64-linux-gnu:/opt/ros/foxy/lib PYTHONPATH=/home/coche/coche_ws/install/vesc_msgs/lib/python3.8/site-packages:/home/coche/coche_ws/install/wall_follow/lib/python3.8/site-packages:/home/coche/coche_ws/install/f1tenth_stack/lib/python3.8/site-packages:/home/coche/coche_ws/install/ver_trayectoria/lib/python3.8/site-packages:/home/coche/coche_ws/install/joy_teleop/lib/python3.8/site-packages:/home/coche/coche_ws/install/teleop_tools_msgs/lib/python3.8/site-packages:/home/coche/coche_ws/install/stanley_avoidance/lib/python3.8/site-packages:/home/coche/coche_ws/install/pure_pursuit/lib/python3.8/site-packages:/home/coche/coche_ws/install/particle_filter/lib/python3.8/site-packages:/home/coche/coche_ws/install/mouse_teleop/lib/python3.8/site-packages:/home/coche/coche_ws/install/lqr/lib/python3.8/site-packages:/home/coche/coche_ws/install/key_teleop/lib/python3.8/site-packages:/home/coche/coche_ws/install/gap_follow/lib/python3.8/site-packages:/opt/ros/foxy/lib/python3.8/site-packages /usr/bin/cmake --install /home/coche/coche_ws/build/vesc_driver
[8.757s] Level 1:colcon.colcon_core.environment:checking '/home/coche/coche_ws/install/vesc_driver' for CMake config files
[8.759s] Level 1:colcon.colcon_core.shell:create_environment_hook('vesc_driver', 'cmake_prefix_path')
[8.760s] INFO:colcon.colcon_core.shell:Creating environment hook '/home/coche/coche_ws/install/vesc_driver/share/vesc_driver/hook/cmake_prefix_path.ps1'
[8.764s] INFO:colcon.colcon_core.shell:Creating environment descriptor '/home/coche/coche_ws/install/vesc_driver/share/vesc_driver/hook/cmake_prefix_path.dsv'
[8.767s] INFO:colcon.colcon_core.shell:Creating environment hook '/home/coche/coche_ws/install/vesc_driver/share/vesc_driver/hook/cmake_prefix_path.sh'
[8.771s] Level 1:colcon.colcon_core.environment:checking '/home/coche/coche_ws/install/vesc_driver/lib'
[8.772s] Level 1:colcon.colcon_core.shell:create_environment_hook('vesc_driver', 'ld_library_path_lib')
[8.773s] INFO:colcon.colcon_core.shell:Creating environment hook '/home/coche/coche_ws/install/vesc_driver/share/vesc_driver/hook/ld_library_path_lib.ps1'
[8.775s] INFO:colcon.colcon_core.shell:Creating environment descriptor '/home/coche/coche_ws/install/vesc_driver/share/vesc_driver/hook/ld_library_path_lib.dsv'
[8.777s] INFO:colcon.colcon_core.shell:Creating environment hook '/home/coche/coche_ws/install/vesc_driver/share/vesc_driver/hook/ld_library_path_lib.sh'
[8.779s] Level 1:colcon.colcon_core.environment:checking '/home/coche/coche_ws/install/vesc_driver/bin'
[8.780s] Level 1:colcon.colcon_core.environment:checking '/home/coche/coche_ws/install/vesc_driver/lib/pkgconfig/vesc_driver.pc'
[8.781s] Level 1:colcon.colcon_core.environment:checking '/home/coche/coche_ws/install/vesc_driver/lib/python3.8/site-packages'
[8.781s] Level 1:colcon.colcon_core.environment:checking '/home/coche/coche_ws/install/vesc_driver/bin'
[8.783s] INFO:colcon.colcon_core.shell:Creating package script '/home/coche/coche_ws/install/vesc_driver/share/vesc_driver/package.ps1'
[8.788s] INFO:colcon.colcon_core.shell:Creating package descriptor '/home/coche/coche_ws/install/vesc_driver/share/vesc_driver/package.dsv'
[8.794s] INFO:colcon.colcon_core.shell:Creating package script '/home/coche/coche_ws/install/vesc_driver/share/vesc_driver/package.sh'
[8.799s] INFO:colcon.colcon_core.shell:Creating package script '/home/coche/coche_ws/install/vesc_driver/share/vesc_driver/package.bash'
[8.801s] INFO:colcon.colcon_core.shell:Creating package script '/home/coche/coche_ws/install/vesc_driver/share/vesc_driver/package.zsh'
[8.805s] Level 1:colcon.colcon_core.environment:create_file_with_runtime_dependencies(/home/coche/coche_ws/install/vesc_driver/share/colcon-core/packages/vesc_driver)
[9.858s] INFO:colcon.colcon_core.task.python.build:Building Python package in '/home/coche/coche_ws/src/f1tenth_system/teleop_tools/mouse_teleop'
[9.863s] INFO:colcon.colcon_core.shell:Skip shell extension 'powershell' for command environment: Not usable outside of PowerShell
[9.864s] DEBUG:colcon.colcon_core.shell:Skip shell extension 'dsv' for command environment
[9.910s] Level 1:colcon.colcon_core.environment:checking '/home/coche/coche_ws/install/key_teleop' for CMake module files
[9.914s] DEBUG:colcon.colcon_core.event_handler.log_command:Invoked command in '/home/coche/coche_ws/src/f1tenth_system/teleop_tools/key_teleop' returned '0': PYTHONPATH=/home/coche/coche_ws/build/key_teleop/prefix_override:/usr/lib/python3/dist-packages/colcon_core/task/python/colcon_distutils_commands:/home/coche/coche_ws/install/key_teleop/lib/python3.8/site-packages:${PYTHONPATH} /usr/bin/python3 -W ignore:setup.py install is deprecated -W ignore:easy_install command is deprecated setup.py egg_info --egg-base ../../../../build/key_teleop build --build-base /home/coche/coche_ws/build/key_teleop/build install --record /home/coche/coche_ws/build/key_teleop/install.log --install-scripts $base/lib/key_teleop --single-version-externally-managed install_data
[9.917s] Level 1:colcon.colcon_core.environment:checking '/home/coche/coche_ws/install/key_teleop' for CMake config files
[9.921s] Level 1:colcon.colcon_core.environment:checking '/home/coche/coche_ws/install/key_teleop/lib'
[9.921s] Level 1:colcon.colcon_core.environment:checking '/home/coche/coche_ws/install/key_teleop/bin'
[9.921s] Level 1:colcon.colcon_core.environment:checking '/home/coche/coche_ws/install/key_teleop/lib/pkgconfig/key_teleop.pc'
[9.922s] Level 1:colcon.colcon_core.environment:checking '/home/coche/coche_ws/install/key_teleop/lib/python3.8/site-packages'
[9.923s] Level 1:colcon.colcon_core.shell:create_environment_hook('key_teleop', 'pythonpath')
[9.924s] INFO:colcon.colcon_core.shell:Creating environment hook '/home/coche/coche_ws/install/key_teleop/share/key_teleop/hook/pythonpath.ps1'
[9.928s] INFO:colcon.colcon_core.shell:Creating environment descriptor '/home/coche/coche_ws/install/key_teleop/share/key_teleop/hook/pythonpath.dsv'
[9.930s] INFO:colcon.colcon_core.shell:Creating environment hook '/home/coche/coche_ws/install/key_teleop/share/key_teleop/hook/pythonpath.sh'
[9.932s] Level 1:colcon.colcon_core.environment:checking '/home/coche/coche_ws/install/key_teleop/bin'
[9.933s] Level 1:colcon.colcon_core.environment:create_environment_scripts_only(key_teleop)
[9.934s] INFO:colcon.colcon_core.shell:Creating package script '/home/coche/coche_ws/install/key_teleop/share/key_teleop/package.ps1'
[9.936s] INFO:colcon.colcon_core.shell:Creating package descriptor '/home/coche/coche_ws/install/key_teleop/share/key_teleop/package.dsv'
[9.938s] INFO:colcon.colcon_core.shell:Creating package script '/home/coche/coche_ws/install/key_teleop/share/key_teleop/package.sh'
[9.940s] INFO:colcon.colcon_core.shell:Creating package script '/home/coche/coche_ws/install/key_teleop/share/key_teleop/package.bash'
[9.942s] INFO:colcon.colcon_core.shell:Creating package script '/home/coche/coche_ws/install/key_teleop/share/key_teleop/package.zsh'
[9.944s] Level 1:colcon.colcon_core.environment:create_file_with_runtime_dependencies(/home/coche/coche_ws/install/key_teleop/share/colcon-core/packages/key_teleop)
[9.946s] Level 1:colcon.colcon_core.environment:create_environment_scripts_only(vesc_driver)
[9.947s] Level 1:colcon.colcon_core.environment:checking '/home/coche/coche_ws/install/vesc_driver' for CMake module files
[9.952s] Level 1:colcon.colcon_core.environment:checking '/home/coche/coche_ws/install/vesc_driver' for CMake config files
[9.954s] Level 1:colcon.colcon_core.shell:create_environment_hook('vesc_driver', 'cmake_prefix_path')
[9.955s] INFO:colcon.colcon_core.shell:Creating environment hook '/home/coche/coche_ws/install/vesc_driver/share/vesc_driver/hook/cmake_prefix_path.ps1'
[9.957s] INFO:colcon.colcon_core.shell:Creating environment descriptor '/home/coche/coche_ws/install/vesc_driver/share/vesc_driver/hook/cmake_prefix_path.dsv'
[9.959s] INFO:colcon.colcon_core.shell:Creating environment hook '/home/coche/coche_ws/install/vesc_driver/share/vesc_driver/hook/cmake_prefix_path.sh'
[9.961s] Level 1:colcon.colcon_core.environment:checking '/home/coche/coche_ws/install/vesc_driver/lib'
[9.962s] Level 1:colcon.colcon_core.shell:create_environment_hook('vesc_driver', 'ld_library_path_lib')
[9.964s] INFO:colcon.colcon_core.shell:Creating environment hook '/home/coche/coche_ws/install/vesc_driver/share/vesc_driver/hook/ld_library_path_lib.ps1'
[9.966s] INFO:colcon.colcon_core.shell:Creating environment descriptor '/home/coche/coche_ws/install/vesc_driver/share/vesc_driver/hook/ld_library_path_lib.dsv'
[9.968s] INFO:colcon.colcon_core.shell:Creating environment hook '/home/coche/coche_ws/install/vesc_driver/share/vesc_driver/hook/ld_library_path_lib.sh'
[9.970s] Level 1:colcon.colcon_core.environment:checking '/home/coche/coche_ws/install/vesc_driver/bin'
[9.970s] Level 1:colcon.colcon_core.environment:checking '/home/coche/coche_ws/install/vesc_driver/lib/pkgconfig/vesc_driver.pc'
[9.971s] Level 1:colcon.colcon_core.environment:checking '/home/coche/coche_ws/install/vesc_driver/lib/python3.8/site-packages'
[9.971s] Level 1:colcon.colcon_core.environment:checking '/home/coche/coche_ws/install/vesc_driver/bin'
[9.972s] INFO:colcon.colcon_core.shell:Creating package script '/home/coche/coche_ws/install/vesc_driver/share/vesc_driver/package.ps1'
[9.975s] INFO:colcon.colcon_core.shell:Creating package descriptor '/home/coche/coche_ws/install/vesc_driver/share/vesc_driver/package.dsv'
[9.977s] INFO:colcon.colcon_core.shell:Creating package script '/home/coche/coche_ws/install/vesc_driver/share/vesc_driver/package.sh'
[9.979s] INFO:colcon.colcon_core.shell:Creating package script '/home/coche/coche_ws/install/vesc_driver/share/vesc_driver/package.bash'
[9.981s] INFO:colcon.colcon_core.shell:Creating package script '/home/coche/coche_ws/install/vesc_driver/share/vesc_driver/package.zsh'
[9.982s] Level 1:colcon.colcon_core.environment:create_file_with_runtime_dependencies(/home/coche/coche_ws/install/vesc_driver/share/colcon-core/packages/vesc_driver)
[10.004s] INFO:colcon.colcon_ros.task.ament_cmake.build:Building ROS package in '/home/coche/coche_ws/src/f1tenth_system/vesc/vesc' with build type 'ament_cmake'
[10.007s] INFO:colcon.colcon_cmake.task.cmake.build:Building CMake package in '/home/coche/coche_ws/src/f1tenth_system/vesc/vesc'
[10.010s] INFO:colcon.colcon_core.shell:Skip shell extension 'powershell' for command environment: Not usable outside of PowerShell
[10.011s] DEBUG:colcon.colcon_core.shell:Skip shell extension 'dsv' for command environment
[10.017s] DEBUG:colcon.colcon_core.event_handler.log_command:Invoking command in '/home/coche/coche_ws/src/f1tenth_system/teleop_tools/joy_teleop': CMAKE_PREFIX_PATH=/home/coche/coche_ws/install/teleop_tools_msgs:/home/coche/coche_ws/install/waypoint_generator:/home/coche/coche_ws/install/wall_follow:/home/coche/coche_ws/install/vesc:/home/coche/coche_ws/install/vesc_driver:/home/coche/coche_ws/install/vesc_ackermann:/home/coche/coche_ws/install/vesc_msgs:/home/coche/coche_ws/install/teleop_tools:/home/coche/coche_ws/install/pure_pursuit:/home/coche/coche_ws/install/lqr:/home/coche/coche_ws/install/gap_follow:/home/coche/coche_ws/install/bringup:/home/coche/coche_ws/install/ackermann_mux LD_LIBRARY_PATH=/home/coche/coche_ws/install/teleop_tools_msgs/lib:/home/coche/coche_ws/install/vesc_driver/lib:/home/coche/coche_ws/install/vesc_ackermann/lib:/home/coche/coche_ws/install/vesc_msgs/lib:/opt/ros/foxy/opt/yaml_cpp_vendor/lib:/opt/ros/foxy/opt/rviz_ogre_vendor/lib:/opt/ros/foxy/lib/aarch64-linux-gnu:/opt/ros/foxy/lib PYTHONPATH=/home/coche/coche_ws/build/joy_teleop/prefix_override:/usr/lib/python3/dist-packages/colcon_core/task/python/colcon_distutils_commands:/home/coche/coche_ws/install/joy_teleop/lib/python3.8/site-packages:/home/coche/coche_ws/install/teleop_tools_msgs/lib/python3.8/site-packages:/home/coche/coche_ws/install/wall_follow/lib/python3.8/site-packages:/home/coche/coche_ws/install/f1tenth_stack/lib/python3.8/site-packages:/home/coche/coche_ws/install/vesc_msgs/lib/python3.8/site-packages:/home/coche/coche_ws/install/ver_trayectoria/lib/python3.8/site-packages:/home/coche/coche_ws/install/joy_teleop/lib/python3.8/site-packages:/home/coche/coche_ws/install/stanley_avoidance/lib/python3.8/site-packages:/home/coche/coche_ws/install/pure_pursuit/lib/python3.8/site-packages:/home/coche/coche_ws/install/particle_filter/lib/python3.8/site-packages:/home/coche/coche_ws/install/mouse_teleop/lib/python3.8/site-packages:/home/coche/coche_ws/install/lqr/lib/python3.8/site-packages:/home/coche/coche_ws/install/key_teleop/lib/python3.8/site-packages:/home/coche/coche_ws/install/gap_follow/lib/python3.8/site-packages:/opt/ros/foxy/lib/python3.8/site-packages /usr/bin/python3 -W ignore:setup.py install is deprecated -W ignore:easy_install command is deprecated setup.py egg_info --egg-base ../../../../build/joy_teleop build --build-base /home/coche/coche_ws/build/joy_teleop/build install --record /home/coche/coche_ws/build/joy_teleop/install.log --install-scripts $base/lib/joy_teleop --single-version-externally-managed install_data
[10.051s] INFO:colcon.colcon_ros.task.ament_python.build:Building ROS package in '/home/coche/coche_ws/src/f1tenth_system/particle filter' with build type 'ament_python'
[10.054s] Level 1:colcon.colcon_core.shell:create_environment_hook('particle_filter', 'ament_prefix_path')
[10.058s] INFO:colcon.colcon_core.shell:Creating environment hook '/home/coche/coche_ws/install/particle_filter/share/particle_filter/hook/ament_prefix_path.ps1'
[10.064s] INFO:colcon.colcon_core.shell:Creating environment descriptor '/home/coche/coche_ws/install/particle_filter/share/particle_filter/hook/ament_prefix_path.dsv'
[10.068s] INFO:colcon.colcon_core.shell:Creating environment hook '/home/coche/coche_ws/install/particle_filter/share/particle_filter/hook/ament_prefix_path.sh'
[10.076s] INFO:colcon.colcon_core.shell:Skip shell extension 'powershell' for command environment: Not usable outside of PowerShell
[10.077s] DEBUG:colcon.colcon_core.shell:Skip shell extension 'dsv' for command environment
[10.189s] DEBUG:colcon.colcon_core.event_handler.log_command:Invoking command in '/home/coche/coche_ws/build/vesc': CMAKE_PREFIX_PATH=/home/coche/coche_ws/install/vesc_driver:/home/coche/coche_ws/install/vesc_ackermann:/home/coche/coche_ws/install/vesc_msgs:/home/coche/coche_ws/install/waypoint_generator:/home/coche/coche_ws/install/wall_follow:/home/coche/coche_ws/install/vesc:/home/coche/coche_ws/install/teleop_tools:/home/coche/coche_ws/install/teleop_tools_msgs:/home/coche/coche_ws/install/pure_pursuit:/home/coche/coche_ws/install/lqr:/home/coche/coche_ws/install/gap_follow:/home/coche/coche_ws/install/bringup:/home/coche/coche_ws/install/ackermann_mux:/home/coche/coche_ws/install/f1tenth_stack:/home/coche/coche_ws/install/ver_trayectoria:/home/coche/coche_ws/install/joy_teleop:/home/coche/coche_ws/install/stanley_avoidance:/home/coche/coche_ws/install/particle_filter:/home/coche/coche_ws/install/mouse_teleop:/home/coche/coche_ws/install/key_teleop:/opt/ros/foxy PYTHONPATH=/home/coche/coche_ws/install/vesc_msgs/lib/python3.8/site-packages:/home/coche/coche_ws/install/wall_follow/lib/python3.8/site-packages:/home/coche/coche_ws/install/f1tenth_stack/lib/python3.8/site-packages:/home/coche/coche_ws/install/ver_trayectoria/lib/python3.8/site-packages:/home/coche/coche_ws/install/joy_teleop/lib/python3.8/site-packages:/home/coche/coche_ws/install/teleop_tools_msgs/lib/python3.8/site-packages:/home/coche/coche_ws/install/stanley_avoidance/lib/python3.8/site-packages:/home/coche/coche_ws/install/pure_pursuit/lib/python3.8/site-packages:/home/coche/coche_ws/install/particle_filter/lib/python3.8/site-packages:/home/coche/coche_ws/install/mouse_teleop/lib/python3.8/site-packages:/home/coche/coche_ws/install/lqr/lib/python3.8/site-packages:/home/coche/coche_ws/install/key_teleop/lib/python3.8/site-packages:/home/coche/coche_ws/install/gap_follow/lib/python3.8/site-packages:/opt/ros/foxy/lib/python3.8/site-packages /usr/bin/cmake --build /home/coche/coche_ws/build/vesc -- -j4 -l4
[11.303s] INFO:colcon.colcon_core.task.python.build:Building Python package in '/home/coche/coche_ws/src/f1tenth_system/particle filter'
[11.306s] INFO:colcon.colcon_core.shell:Skip shell extension 'powershell' for command environment: Not usable outside of PowerShell
[11.306s] DEBUG:colcon.colcon_core.shell:Skip shell extension 'dsv' for command environment
[11.374s] DEBUG:colcon.colcon_core.event_handler.log_command:Invoked command in '/home/coche/coche_ws/build/vesc' returned '0': CMAKE_PREFIX_PATH=/home/coche/coche_ws/install/vesc_driver:/home/coche/coche_ws/install/vesc_ackermann:/home/coche/coche_ws/install/vesc_msgs:/home/coche/coche_ws/install/waypoint_generator:/home/coche/coche_ws/install/wall_follow:/home/coche/coche_ws/install/vesc:/home/coche/coche_ws/install/teleop_tools:/home/coche/coche_ws/install/teleop_tools_msgs:/home/coche/coche_ws/install/pure_pursuit:/home/coche/coche_ws/install/lqr:/home/coche/coche_ws/install/gap_follow:/home/coche/coche_ws/install/bringup:/home/coche/coche_ws/install/ackermann_mux:/home/coche/coche_ws/install/f1tenth_stack:/home/coche/coche_ws/install/ver_trayectoria:/home/coche/coche_ws/install/joy_teleop:/home/coche/coche_ws/install/stanley_avoidance:/home/coche/coche_ws/install/particle_filter:/home/coche/coche_ws/install/mouse_teleop:/home/coche/coche_ws/install/key_teleop:/opt/ros/foxy PYTHONPATH=/home/coche/coche_ws/install/vesc_msgs/lib/python3.8/site-packages:/home/coche/coche_ws/install/wall_follow/lib/python3.8/site-packages:/home/coche/coche_ws/install/f1tenth_stack/lib/python3.8/site-packages:/home/coche/coche_ws/install/ver_trayectoria/lib/python3.8/site-packages:/home/coche/coche_ws/install/joy_teleop/lib/python3.8/site-packages:/home/coche/coche_ws/install/teleop_tools_msgs/lib/python3.8/site-packages:/home/coche/coche_ws/install/stanley_avoidance/lib/python3.8/site-packages:/home/coche/coche_ws/install/pure_pursuit/lib/python3.8/site-packages:/home/coche/coche_ws/install/particle_filter/lib/python3.8/site-packages:/home/coche/coche_ws/install/mouse_teleop/lib/python3.8/site-packages:/home/coche/coche_ws/install/lqr/lib/python3.8/site-packages:/home/coche/coche_ws/install/key_teleop/lib/python3.8/site-packages:/home/coche/coche_ws/install/gap_follow/lib/python3.8/site-packages:/opt/ros/foxy/lib/python3.8/site-packages /usr/bin/cmake --build /home/coche/coche_ws/build/vesc -- -j4 -l4
[11.547s] DEBUG:colcon.colcon_core.event_handler.log_command:Invoking command in '/home/coche/coche_ws/build/vesc': CMAKE_PREFIX_PATH=/home/coche/coche_ws/install/vesc_driver:/home/coche/coche_ws/install/vesc_ackermann:/home/coche/coche_ws/install/vesc_msgs:/home/coche/coche_ws/install/waypoint_generator:/home/coche/coche_ws/install/wall_follow:/home/coche/coche_ws/install/vesc:/home/coche/coche_ws/install/teleop_tools:/home/coche/coche_ws/install/teleop_tools_msgs:/home/coche/coche_ws/install/pure_pursuit:/home/coche/coche_ws/install/lqr:/home/coche/coche_ws/install/gap_follow:/home/coche/coche_ws/install/bringup:/home/coche/coche_ws/install/ackermann_mux:/home/coche/coche_ws/install/f1tenth_stack:/home/coche/coche_ws/install/ver_trayectoria:/home/coche/coche_ws/install/joy_teleop:/home/coche/coche_ws/install/stanley_avoidance:/home/coche/coche_ws/install/particle_filter:/home/coche/coche_ws/install/mouse_teleop:/home/coche/coche_ws/install/key_teleop:/opt/ros/foxy PYTHONPATH=/home/coche/coche_ws/install/vesc_msgs/lib/python3.8/site-packages:/home/coche/coche_ws/install/wall_follow/lib/python3.8/site-packages:/home/coche/coche_ws/install/f1tenth_stack/lib/python3.8/site-packages:/home/coche/coche_ws/install/ver_trayectoria/lib/python3.8/site-packages:/home/coche/coche_ws/install/joy_teleop/lib/python3.8/site-packages:/home/coche/coche_ws/install/teleop_tools_msgs/lib/python3.8/site-packages:/home/coche/coche_ws/install/stanley_avoidance/lib/python3.8/site-packages:/home/coche/coche_ws/install/pure_pursuit/lib/python3.8/site-packages:/home/coche/coche_ws/install/particle_filter/lib/python3.8/site-packages:/home/coche/coche_ws/install/mouse_teleop/lib/python3.8/site-packages:/home/coche/coche_ws/install/lqr/lib/python3.8/site-packages:/home/coche/coche_ws/install/key_teleop/lib/python3.8/site-packages:/home/coche/coche_ws/install/gap_follow/lib/python3.8/site-packages:/opt/ros/foxy/lib/python3.8/site-packages /usr/bin/cmake --install /home/coche/coche_ws/build/vesc
[11.566s] Level 1:colcon.colcon_core.environment:checking '/home/coche/coche_ws/install/joy_teleop' for CMake module files
[11.571s] DEBUG:colcon.colcon_core.event_handler.log_command:Invoked command in '/home/coche/coche_ws/src/f1tenth_system/teleop_tools/joy_teleop' returned '0': CMAKE_PREFIX_PATH=/home/coche/coche_ws/install/teleop_tools_msgs:/home/coche/coche_ws/install/waypoint_generator:/home/coche/coche_ws/install/wall_follow:/home/coche/coche_ws/install/vesc:/home/coche/coche_ws/install/vesc_driver:/home/coche/coche_ws/install/vesc_ackermann:/home/coche/coche_ws/install/vesc_msgs:/home/coche/coche_ws/install/teleop_tools:/home/coche/coche_ws/install/pure_pursuit:/home/coche/coche_ws/install/lqr:/home/coche/coche_ws/install/gap_follow:/home/coche/coche_ws/install/bringup:/home/coche/coche_ws/install/ackermann_mux LD_LIBRARY_PATH=/home/coche/coche_ws/install/teleop_tools_msgs/lib:/home/coche/coche_ws/install/vesc_driver/lib:/home/coche/coche_ws/install/vesc_ackermann/lib:/home/coche/coche_ws/install/vesc_msgs/lib:/opt/ros/foxy/opt/yaml_cpp_vendor/lib:/opt/ros/foxy/opt/rviz_ogre_vendor/lib:/opt/ros/foxy/lib/aarch64-linux-gnu:/opt/ros/foxy/lib PYTHONPATH=/home/coche/coche_ws/build/joy_teleop/prefix_override:/usr/lib/python3/dist-packages/colcon_core/task/python/colcon_distutils_commands:/home/coche/coche_ws/install/joy_teleop/lib/python3.8/site-packages:/home/coche/coche_ws/install/teleop_tools_msgs/lib/python3.8/site-packages:/home/coche/coche_ws/install/wall_follow/lib/python3.8/site-packages:/home/coche/coche_ws/install/f1tenth_stack/lib/python3.8/site-packages:/home/coche/coche_ws/install/vesc_msgs/lib/python3.8/site-packages:/home/coche/coche_ws/install/ver_trayectoria/lib/python3.8/site-packages:/home/coche/coche_ws/install/joy_teleop/lib/python3.8/site-packages:/home/coche/coche_ws/install/stanley_avoidance/lib/python3.8/site-packages:/home/coche/coche_ws/install/pure_pursuit/lib/python3.8/site-packages:/home/coche/coche_ws/install/particle_filter/lib/python3.8/site-packages:/home/coche/coche_ws/install/mouse_teleop/lib/python3.8/site-packages:/home/coche/coche_ws/install/lqr/lib/python3.8/site-packages:/home/coche/coche_ws/install/key_teleop/lib/python3.8/site-packages:/home/coche/coche_ws/install/gap_follow/lib/python3.8/site-packages:/opt/ros/foxy/lib/python3.8/site-packages /usr/bin/python3 -W ignore:setup.py install is deprecated -W ignore:easy_install command is deprecated setup.py egg_info --egg-base ../../../../build/joy_teleop build --build-base /home/coche/coche_ws/build/joy_teleop/build install --record /home/coche/coche_ws/build/joy_teleop/install.log --install-scripts $base/lib/joy_teleop --single-version-externally-managed install_data
[11.573s] Level 1:colcon.colcon_core.environment:checking '/home/coche/coche_ws/install/joy_teleop' for CMake config files
[11.577s] Level 1:colcon.colcon_core.environment:checking '/home/coche/coche_ws/install/joy_teleop/lib'
[11.577s] Level 1:colcon.colcon_core.environment:checking '/home/coche/coche_ws/install/joy_teleop/bin'
[11.578s] Level 1:colcon.colcon_core.environment:checking '/home/coche/coche_ws/install/joy_teleop/lib/pkgconfig/joy_teleop.pc'
[11.580s] Level 1:colcon.colcon_core.environment:checking '/home/coche/coche_ws/install/joy_teleop/lib/python3.8/site-packages'
[11.580s] Level 1:colcon.colcon_core.shell:create_environment_hook('joy_teleop', 'pythonpath')
[11.582s] INFO:colcon.colcon_core.shell:Creating environment hook '/home/coche/coche_ws/install/joy_teleop/share/joy_teleop/hook/pythonpath.ps1'
[11.588s] INFO:colcon.colcon_core.shell:Creating environment descriptor '/home/coche/coche_ws/install/joy_teleop/share/joy_teleop/hook/pythonpath.dsv'
[11.590s] INFO:colcon.colcon_core.shell:Creating environment hook '/home/coche/coche_ws/install/joy_teleop/share/joy_teleop/hook/pythonpath.sh'
[11.595s] Level 1:colcon.colcon_core.environment:checking '/home/coche/coche_ws/install/joy_teleop/bin'
[11.595s] Level 1:colcon.colcon_core.environment:create_environment_scripts_only(joy_teleop)
[11.597s] INFO:colcon.colcon_core.shell:Creating package script '/home/coche/coche_ws/install/joy_teleop/share/joy_teleop/package.ps1'
[11.601s] INFO:colcon.colcon_core.shell:Creating package descriptor '/home/coche/coche_ws/install/joy_teleop/share/joy_teleop/package.dsv'
[11.610s] INFO:colcon.colcon_core.shell:Creating package script '/home/coche/coche_ws/install/joy_teleop/share/joy_teleop/package.sh'
[11.614s] INFO:colcon.colcon_core.shell:Creating package script '/home/coche/coche_ws/install/joy_teleop/share/joy_teleop/package.bash'
[11.616s] INFO:colcon.colcon_core.shell:Creating package script '/home/coche/coche_ws/install/joy_teleop/share/joy_teleop/package.zsh'
[11.618s] Level 1:colcon.colcon_core.environment:create_file_with_runtime_dependencies(/home/coche/coche_ws/install/joy_teleop/share/colcon-core/packages/joy_teleop)
[11.621s] INFO:colcon.colcon_ros.task.ament_cmake.build:Building ROS package in '/home/coche/coche_ws/src/f1tenth_system/pure_pursuit' with build type 'ament_cmake'
[11.624s] INFO:colcon.colcon_cmake.task.cmake.build:Building CMake package in '/home/coche/coche_ws/src/f1tenth_system/pure_pursuit'
[11.625s] INFO:colcon.colcon_core.shell:Skip shell extension 'powershell' for command environment: Not usable outside of PowerShell
[11.625s] DEBUG:colcon.colcon_core.shell:Skip shell extension 'dsv' for command environment
[11.673s] Level 1:colcon.colcon_core.environment:create_environment_scripts_only(vesc)
[11.677s] Level 1:colcon.colcon_core.environment:checking '/home/coche/coche_ws/install/vesc' for CMake module files
[11.681s] DEBUG:colcon.colcon_core.event_handler.log_command:Invoked command in '/home/coche/coche_ws/build/vesc' returned '0': CMAKE_PREFIX_PATH=/home/coche/coche_ws/install/vesc_driver:/home/coche/coche_ws/install/vesc_ackermann:/home/coche/coche_ws/install/vesc_msgs:/home/coche/coche_ws/install/waypoint_generator:/home/coche/coche_ws/install/wall_follow:/home/coche/coche_ws/install/vesc:/home/coche/coche_ws/install/teleop_tools:/home/coche/coche_ws/install/teleop_tools_msgs:/home/coche/coche_ws/install/pure_pursuit:/home/coche/coche_ws/install/lqr:/home/coche/coche_ws/install/gap_follow:/home/coche/coche_ws/install/bringup:/home/coche/coche_ws/install/ackermann_mux:/home/coche/coche_ws/install/f1tenth_stack:/home/coche/coche_ws/install/ver_trayectoria:/home/coche/coche_ws/install/joy_teleop:/home/coche/coche_ws/install/stanley_avoidance:/home/coche/coche_ws/install/particle_filter:/home/coche/coche_ws/install/mouse_teleop:/home/coche/coche_ws/install/key_teleop:/opt/ros/foxy PYTHONPATH=/home/coche/coche_ws/install/vesc_msgs/lib/python3.8/site-packages:/home/coche/coche_ws/install/wall_follow/lib/python3.8/site-packages:/home/coche/coche_ws/install/f1tenth_stack/lib/python3.8/site-packages:/home/coche/coche_ws/install/ver_trayectoria/lib/python3.8/site-packages:/home/coche/coche_ws/install/joy_teleop/lib/python3.8/site-packages:/home/coche/coche_ws/install/teleop_tools_msgs/lib/python3.8/site-packages:/home/coche/coche_ws/install/stanley_avoidance/lib/python3.8/site-packages:/home/coche/coche_ws/install/pure_pursuit/lib/python3.8/site-packages:/home/coche/coche_ws/install/particle_filter/lib/python3.8/site-packages:/home/coche/coche_ws/install/mouse_teleop/lib/python3.8/site-packages:/home/coche/coche_ws/install/lqr/lib/python3.8/site-packages:/home/coche/coche_ws/install/key_teleop/lib/python3.8/site-packages:/home/coche/coche_ws/install/gap_follow/lib/python3.8/site-packages:/opt/ros/foxy/lib/python3.8/site-packages /usr/bin/cmake --install /home/coche/coche_ws/build/vesc
[11.684s] Level 1:colcon.colcon_core.environment:checking '/home/coche/coche_ws/install/vesc' for CMake config files
[11.686s] Level 1:colcon.colcon_core.shell:create_environment_hook('vesc', 'cmake_prefix_path')
[11.688s] INFO:colcon.colcon_core.shell:Creating environment hook '/home/coche/coche_ws/install/vesc/share/vesc/hook/cmake_prefix_path.ps1'
[11.693s] INFO:colcon.colcon_core.shell:Creating environment descriptor '/home/coche/coche_ws/install/vesc/share/vesc/hook/cmake_prefix_path.dsv'
[11.695s] INFO:colcon.colcon_core.shell:Creating environment hook '/home/coche/coche_ws/install/vesc/share/vesc/hook/cmake_prefix_path.sh'
[11.698s] Level 1:colcon.colcon_core.environment:checking '/home/coche/coche_ws/install/vesc/bin'
[11.699s] Level 1:colcon.colcon_core.environment:checking '/home/coche/coche_ws/install/vesc/lib/pkgconfig/vesc.pc'
[11.700s] Level 1:colcon.colcon_core.environment:checking '/home/coche/coche_ws/install/vesc/lib/python3.8/site-packages'
[11.701s] Level 1:colcon.colcon_core.environment:checking '/home/coche/coche_ws/install/vesc/bin'
[11.702s] INFO:colcon.colcon_core.shell:Creating package script '/home/coche/coche_ws/install/vesc/share/vesc/package.ps1'
[11.707s] INFO:colcon.colcon_core.shell:Creating package descriptor '/home/coche/coche_ws/install/vesc/share/vesc/package.dsv'
[11.710s] INFO:colcon.colcon_core.shell:Creating package script '/home/coche/coche_ws/install/vesc/share/vesc/package.sh'
[11.714s] INFO:colcon.colcon_core.shell:Creating package script '/home/coche/coche_ws/install/vesc/share/vesc/package.bash'
[11.717s] INFO:colcon.colcon_core.shell:Creating package script '/home/coche/coche_ws/install/vesc/share/vesc/package.zsh'
[11.719s] Level 1:colcon.colcon_core.environment:create_file_with_runtime_dependencies(/home/coche/coche_ws/install/vesc/share/colcon-core/packages/vesc)
[11.778s] DEBUG:colcon.colcon_core.event_handler.log_command:Invoking command in '/home/coche/coche_ws/build/pure_pursuit': CMAKE_PREFIX_PATH=${CMAKE_PREFIX_PATH}:/home/coche/coche_ws/install/f1tenth_stack:/home/coche/coche_ws/install/ver_trayectoria:/home/coche/coche_ws/install/joy_teleop:/home/coche/coche_ws/install/stanley_avoidance:/home/coche/coche_ws/install/particle_filter:/home/coche/coche_ws/install/mouse_teleop:/home/coche/coche_ws/install/key_teleop:/opt/ros/foxy /usr/bin/cmake --build /home/coche/coche_ws/build/pure_pursuit -- -j4 -l4
[11.866s] Level 1:colcon.colcon_core.environment:create_environment_scripts_only(vesc)
[11.869s] Level 1:colcon.colcon_core.environment:checking '/home/coche/coche_ws/install/vesc' for CMake module files
[11.873s] Level 1:colcon.colcon_core.environment:checking '/home/coche/coche_ws/install/vesc' for CMake config files
[11.874s] Level 1:colcon.colcon_core.shell:create_environment_hook('vesc', 'cmake_prefix_path')
[11.876s] INFO:colcon.colcon_core.shell:Creating environment hook '/home/coche/coche_ws/install/vesc/share/vesc/hook/cmake_prefix_path.ps1'
[11.879s] INFO:colcon.colcon_core.shell:Creating environment descriptor '/home/coche/coche_ws/install/vesc/share/vesc/hook/cmake_prefix_path.dsv'
[11.882s] INFO:colcon.colcon_core.shell:Creating environment hook '/home/coche/coche_ws/install/vesc/share/vesc/hook/cmake_prefix_path.sh'
[11.888s] Level 1:colcon.colcon_core.environment:checking '/home/coche/coche_ws/install/vesc/bin'
[11.888s] Level 1:colcon.colcon_core.environment:checking '/home/coche/coche_ws/install/vesc/lib/pkgconfig/vesc.pc'
[11.890s] Level 1:colcon.colcon_core.environment:checking '/home/coche/coche_ws/install/vesc/lib/python3.8/site-packages'
[11.891s] Level 1:colcon.colcon_core.environment:checking '/home/coche/coche_ws/install/vesc/bin'
[11.893s] INFO:colcon.colcon_core.shell:Creating package script '/home/coche/coche_ws/install/vesc/share/vesc/package.ps1'
[11.896s] INFO:colcon.colcon_core.shell:Creating package descriptor '/home/coche/coche_ws/install/vesc/share/vesc/package.dsv'
[11.898s] INFO:colcon.colcon_core.shell:Creating package script '/home/coche/coche_ws/install/vesc/share/vesc/package.sh'
[11.900s] INFO:colcon.colcon_core.shell:Creating package script '/home/coche/coche_ws/install/vesc/share/vesc/package.bash'
[11.902s] INFO:colcon.colcon_core.shell:Creating package script '/home/coche/coche_ws/install/vesc/share/vesc/package.zsh'
[11.908s] Level 1:colcon.colcon_core.environment:create_file_with_runtime_dependencies(/home/coche/coche_ws/install/vesc/share/colcon-core/packages/vesc)
[11.912s] INFO:colcon.colcon_ros.task.ament_python.build:Building ROS package in '/home/coche/coche_ws/src/f1tenth_system/stanley_avoidance' with build type 'ament_python'
[11.916s] Level 1:colcon.colcon_core.shell:create_environment_hook('stanley_avoidance', 'ament_prefix_path')
[11.917s] INFO:colcon.colcon_core.shell:Creating environment hook '/home/coche/coche_ws/install/stanley_avoidance/share/stanley_avoidance/hook/ament_prefix_path.ps1'
[11.921s] INFO:colcon.colcon_core.shell:Creating environment descriptor '/home/coche/coche_ws/install/stanley_avoidance/share/stanley_avoidance/hook/ament_prefix_path.dsv'
[11.924s] INFO:colcon.colcon_core.shell:Creating environment hook '/home/coche/coche_ws/install/stanley_avoidance/share/stanley_avoidance/hook/ament_prefix_path.sh'
[11.931s] INFO:colcon.colcon_core.shell:Skip shell extension 'powershell' for command environment: Not usable outside of PowerShell
[11.932s] DEBUG:colcon.colcon_core.shell:Skip shell extension 'dsv' for command environment
[13.077s] INFO:colcon.colcon_core.task.python.build:Building Python package in '/home/coche/coche_ws/src/f1tenth_system/stanley_avoidance'
[13.082s] INFO:colcon.colcon_core.shell:Skip shell extension 'powershell' for command environment: Not usable outside of PowerShell
[13.082s] DEBUG:colcon.colcon_core.shell:Skip shell extension 'dsv' for command environment
[13.146s] DEBUG:colcon.colcon_core.event_handler.log_command:Invoking command in '/home/coche/coche_ws/src/f1tenth_system/teleop_tools/mouse_teleop': PYTHONPATH=/home/coche/coche_ws/build/mouse_teleop/prefix_override:/usr/lib/python3/dist-packages/colcon_core/task/python/colcon_distutils_commands:/home/coche/coche_ws/install/mouse_teleop/lib/python3.8/site-packages:${PYTHONPATH} /usr/bin/python3 -W ignore:setup.py install is deprecated -W ignore:easy_install command is deprecated setup.py egg_info --egg-base ../../../../build/mouse_teleop build --build-base /home/coche/coche_ws/build/mouse_teleop/build install --record /home/coche/coche_ws/build/mouse_teleop/install.log --install-scripts $base/lib/mouse_teleop --single-version-externally-managed install_data
[13.154s] DEBUG:colcon.colcon_core.event_handler.log_command:Invoked command in '/home/coche/coche_ws/build/pure_pursuit' returned '0': CMAKE_PREFIX_PATH=${CMAKE_PREFIX_PATH}:/home/coche/coche_ws/install/f1tenth_stack:/home/coche/coche_ws/install/ver_trayectoria:/home/coche/coche_ws/install/joy_teleop:/home/coche/coche_ws/install/stanley_avoidance:/home/coche/coche_ws/install/particle_filter:/home/coche/coche_ws/install/mouse_teleop:/home/coche/coche_ws/install/key_teleop:/opt/ros/foxy /usr/bin/cmake --build /home/coche/coche_ws/build/pure_pursuit -- -j4 -l4
[13.169s] DEBUG:colcon.colcon_core.event_handler.log_command:Invoking command in '/home/coche/coche_ws/build/pure_pursuit': CMAKE_PREFIX_PATH=${CMAKE_PREFIX_PATH}:/home/coche/coche_ws/install/f1tenth_stack:/home/coche/coche_ws/install/ver_trayectoria:/home/coche/coche_ws/install/joy_teleop:/home/coche/coche_ws/install/stanley_avoidance:/home/coche/coche_ws/install/particle_filter:/home/coche/coche_ws/install/mouse_teleop:/home/coche/coche_ws/install/key_teleop:/opt/ros/foxy /usr/bin/cmake --install /home/coche/coche_ws/build/pure_pursuit
[13.312s] DEBUG:colcon.colcon_core.event_handler.log_command:Invoking command in '/home/coche/coche_ws/src/f1tenth_system/particle filter': PYTHONPATH=/home/coche/coche_ws/build/particle_filter/prefix_override:/usr/lib/python3/dist-packages/colcon_core/task/python/colcon_distutils_commands:/home/coche/coche_ws/install/particle_filter/lib/python3.8/site-packages:${PYTHONPATH} /usr/bin/python3 -W ignore:setup.py install is deprecated -W ignore:easy_install command is deprecated setup.py egg_info --egg-base ../../../build/particle_filter build --build-base /home/coche/coche_ws/build/particle_filter/build install --record /home/coche/coche_ws/build/particle_filter/install.log --install-scripts $base/lib/particle_filter --single-version-externally-managed install_data
[13.492s] Level 1:colcon.colcon_core.environment:create_environment_scripts_only(pure_pursuit)
[13.495s] Level 1:colcon.colcon_core.environment:checking '/home/coche/coche_ws/install/pure_pursuit' for CMake module files
[13.498s] DEBUG:colcon.colcon_core.event_handler.log_command:Invoked command in '/home/coche/coche_ws/build/pure_pursuit' returned '0': CMAKE_PREFIX_PATH=${CMAKE_PREFIX_PATH}:/home/coche/coche_ws/install/f1tenth_stack:/home/coche/coche_ws/install/ver_trayectoria:/home/coche/coche_ws/install/joy_teleop:/home/coche/coche_ws/install/stanley_avoidance:/home/coche/coche_ws/install/particle_filter:/home/coche/coche_ws/install/mouse_teleop:/home/coche/coche_ws/install/key_teleop:/opt/ros/foxy /usr/bin/cmake --install /home/coche/coche_ws/build/pure_pursuit
[13.500s] Level 1:colcon.colcon_core.environment:checking '/home/coche/coche_ws/install/pure_pursuit' for CMake config files
[13.502s] Level 1:colcon.colcon_core.shell:create_environment_hook('pure_pursuit', 'cmake_prefix_path')
[13.503s] INFO:colcon.colcon_core.shell:Creating environment hook '/home/coche/coche_ws/install/pure_pursuit/share/pure_pursuit/hook/cmake_prefix_path.ps1'
[13.508s] INFO:colcon.colcon_core.shell:Creating environment descriptor '/home/coche/coche_ws/install/pure_pursuit/share/pure_pursuit/hook/cmake_prefix_path.dsv'
[13.510s] INFO:colcon.colcon_core.shell:Creating environment hook '/home/coche/coche_ws/install/pure_pursuit/share/pure_pursuit/hook/cmake_prefix_path.sh'
[13.515s] Level 1:colcon.colcon_core.environment:checking '/home/coche/coche_ws/install/pure_pursuit/lib'
[13.516s] Level 1:colcon.colcon_core.environment:checking '/home/coche/coche_ws/install/pure_pursuit/bin'
[13.517s] Level 1:colcon.colcon_core.environment:checking '/home/coche/coche_ws/install/pure_pursuit/lib/pkgconfig/pure_pursuit.pc'
[13.518s] Level 1:colcon.colcon_core.environment:checking '/home/coche/coche_ws/install/pure_pursuit/lib/python3.8/site-packages'
[13.519s] Level 1:colcon.colcon_core.shell:create_environment_hook('pure_pursuit', 'pythonpath')
[13.520s] INFO:colcon.colcon_core.shell:Creating environment hook '/home/coche/coche_ws/install/pure_pursuit/share/pure_pursuit/hook/pythonpath.ps1'
[13.522s] INFO:colcon.colcon_core.shell:Creating environment descriptor '/home/coche/coche_ws/install/pure_pursuit/share/pure_pursuit/hook/pythonpath.dsv'
[13.525s] INFO:colcon.colcon_core.shell:Creating environment hook '/home/coche/coche_ws/install/pure_pursuit/share/pure_pursuit/hook/pythonpath.sh'
[13.528s] Level 1:colcon.colcon_core.environment:checking '/home/coche/coche_ws/install/pure_pursuit/bin'
[13.530s] INFO:colcon.colcon_core.shell:Creating package script '/home/coche/coche_ws/install/pure_pursuit/share/pure_pursuit/package.ps1'
[13.532s] INFO:colcon.colcon_core.shell:Creating package descriptor '/home/coche/coche_ws/install/pure_pursuit/share/pure_pursuit/package.dsv'
[13.534s] INFO:colcon.colcon_core.shell:Creating package script '/home/coche/coche_ws/install/pure_pursuit/share/pure_pursuit/package.sh'
[13.537s] INFO:colcon.colcon_core.shell:Creating package script '/home/coche/coche_ws/install/pure_pursuit/share/pure_pursuit/package.bash'
[13.538s] INFO:colcon.colcon_core.shell:Creating package script '/home/coche/coche_ws/install/pure_pursuit/share/pure_pursuit/package.zsh'
[13.540s] Level 1:colcon.colcon_core.environment:create_file_with_runtime_dependencies(/home/coche/coche_ws/install/pure_pursuit/share/colcon-core/packages/pure_pursuit)
[13.543s] Level 1:colcon.colcon_core.environment:create_environment_scripts_only(pure_pursuit)
[13.544s] Level 1:colcon.colcon_core.environment:checking '/home/coche/coche_ws/install/pure_pursuit' for CMake module files
[13.548s] Level 1:colcon.colcon_core.environment:checking '/home/coche/coche_ws/install/pure_pursuit' for CMake config files
[13.550s] Level 1:colcon.colcon_core.shell:create_environment_hook('pure_pursuit', 'cmake_prefix_path')
[13.551s] INFO:colcon.colcon_core.shell:Creating environment hook '/home/coche/coche_ws/install/pure_pursuit/share/pure_pursuit/hook/cmake_prefix_path.ps1'
[13.554s] INFO:colcon.colcon_core.shell:Creating environment descriptor '/home/coche/coche_ws/install/pure_pursuit/share/pure_pursuit/hook/cmake_prefix_path.dsv'
[13.556s] INFO:colcon.colcon_core.shell:Creating environment hook '/home/coche/coche_ws/install/pure_pursuit/share/pure_pursuit/hook/cmake_prefix_path.sh'
[13.558s] Level 1:colcon.colcon_core.environment:checking '/home/coche/coche_ws/install/pure_pursuit/lib'
[13.559s] Level 1:colcon.colcon_core.environment:checking '/home/coche/coche_ws/install/pure_pursuit/bin'
[13.559s] Level 1:colcon.colcon_core.environment:checking '/home/coche/coche_ws/install/pure_pursuit/lib/pkgconfig/pure_pursuit.pc'
[13.560s] Level 1:colcon.colcon_core.environment:checking '/home/coche/coche_ws/install/pure_pursuit/lib/python3.8/site-packages'
[13.560s] Level 1:colcon.colcon_core.shell:create_environment_hook('pure_pursuit', 'pythonpath')
[13.561s] INFO:colcon.colcon_core.shell:Creating environment hook '/home/coche/coche_ws/install/pure_pursuit/share/pure_pursuit/hook/pythonpath.ps1'
[13.563s] INFO:colcon.colcon_core.shell:Creating environment descriptor '/home/coche/coche_ws/install/pure_pursuit/share/pure_pursuit/hook/pythonpath.dsv'
[13.565s] INFO:colcon.colcon_core.shell:Creating environment hook '/home/coche/coche_ws/install/pure_pursuit/share/pure_pursuit/hook/pythonpath.sh'
[13.567s] Level 1:colcon.colcon_core.environment:checking '/home/coche/coche_ws/install/pure_pursuit/bin'
[13.568s] INFO:colcon.colcon_core.shell:Creating package script '/home/coche/coche_ws/install/pure_pursuit/share/pure_pursuit/package.ps1'
[13.572s] INFO:colcon.colcon_core.shell:Creating package descriptor '/home/coche/coche_ws/install/pure_pursuit/share/pure_pursuit/package.dsv'
[13.575s] INFO:colcon.colcon_core.shell:Creating package script '/home/coche/coche_ws/install/pure_pursuit/share/pure_pursuit/package.sh'
[13.577s] INFO:colcon.colcon_core.shell:Creating package script '/home/coche/coche_ws/install/pure_pursuit/share/pure_pursuit/package.bash'
[13.579s] INFO:colcon.colcon_core.shell:Creating package script '/home/coche/coche_ws/install/pure_pursuit/share/pure_pursuit/package.zsh'
[13.581s] Level 1:colcon.colcon_core.environment:create_file_with_runtime_dependencies(/home/coche/coche_ws/install/pure_pursuit/share/colcon-core/packages/pure_pursuit)
[13.583s] INFO:colcon.colcon_ros.task.ament_python.build:Building ROS package in '/home/coche/coche_ws/src/f1tenth_system/ver_trayectoria' with build type 'ament_python'
[13.584s] Level 1:colcon.colcon_core.shell:create_environment_hook('ver_trayectoria', 'ament_prefix_path')
[13.585s] INFO:colcon.colcon_core.shell:Creating environment hook '/home/coche/coche_ws/install/ver_trayectoria/share/ver_trayectoria/hook/ament_prefix_path.ps1'
[13.589s] INFO:colcon.colcon_core.shell:Creating environment descriptor '/home/coche/coche_ws/install/ver_trayectoria/share/ver_trayectoria/hook/ament_prefix_path.dsv'
[13.591s] INFO:colcon.colcon_core.shell:Creating environment hook '/home/coche/coche_ws/install/ver_trayectoria/share/ver_trayectoria/hook/ament_prefix_path.sh'
[13.596s] INFO:colcon.colcon_core.shell:Skip shell extension 'powershell' for command environment: Not usable outside of PowerShell
[13.596s] DEBUG:colcon.colcon_core.shell:Skip shell extension 'dsv' for command environment
[14.858s] INFO:colcon.colcon_core.task.python.build:Building Python package in '/home/coche/coche_ws/src/f1tenth_system/ver_trayectoria'
[14.864s] INFO:colcon.colcon_core.shell:Skip shell extension 'powershell' for command environment: Not usable outside of PowerShell
[14.866s] DEBUG:colcon.colcon_core.shell:Skip shell extension 'dsv' for command environment
[14.932s] Level 1:colcon.colcon_core.environment:checking '/home/coche/coche_ws/install/mouse_teleop' for CMake module files
[14.937s] DEBUG:colcon.colcon_core.event_handler.log_command:Invoked command in '/home/coche/coche_ws/src/f1tenth_system/teleop_tools/mouse_teleop' returned '0': PYTHONPATH=/home/coche/coche_ws/build/mouse_teleop/prefix_override:/usr/lib/python3/dist-packages/colcon_core/task/python/colcon_distutils_commands:/home/coche/coche_ws/install/mouse_teleop/lib/python3.8/site-packages:${PYTHONPATH} /usr/bin/python3 -W ignore:setup.py install is deprecated -W ignore:easy_install command is deprecated setup.py egg_info --egg-base ../../../../build/mouse_teleop build --build-base /home/coche/coche_ws/build/mouse_teleop/build install --record /home/coche/coche_ws/build/mouse_teleop/install.log --install-scripts $base/lib/mouse_teleop --single-version-externally-managed install_data
[14.939s] Level 1:colcon.colcon_core.environment:checking '/home/coche/coche_ws/install/mouse_teleop' for CMake config files
[14.944s] Level 1:colcon.colcon_core.environment:checking '/home/coche/coche_ws/install/mouse_teleop/lib'
[14.945s] Level 1:colcon.colcon_core.environment:checking '/home/coche/coche_ws/install/mouse_teleop/bin'
[14.945s] Level 1:colcon.colcon_core.environment:checking '/home/coche/coche_ws/install/mouse_teleop/lib/pkgconfig/mouse_teleop.pc'
[14.947s] Level 1:colcon.colcon_core.environment:checking '/home/coche/coche_ws/install/mouse_teleop/lib/python3.8/site-packages'
[14.947s] Level 1:colcon.colcon_core.shell:create_environment_hook('mouse_teleop', 'pythonpath')
[14.949s] INFO:colcon.colcon_core.shell:Creating environment hook '/home/coche/coche_ws/install/mouse_teleop/share/mouse_teleop/hook/pythonpath.ps1'
[14.953s] INFO:colcon.colcon_core.shell:Creating environment descriptor '/home/coche/coche_ws/install/mouse_teleop/share/mouse_teleop/hook/pythonpath.dsv'
[14.958s] INFO:colcon.colcon_core.shell:Creating environment hook '/home/coche/coche_ws/install/mouse_teleop/share/mouse_teleop/hook/pythonpath.sh'
[14.962s] Level 1:colcon.colcon_core.environment:checking '/home/coche/coche_ws/install/mouse_teleop/bin'
[14.962s] Level 1:colcon.colcon_core.environment:create_environment_scripts_only(mouse_teleop)
[14.964s] INFO:colcon.colcon_core.shell:Creating package script '/home/coche/coche_ws/install/mouse_teleop/share/mouse_teleop/package.ps1'
[14.970s] INFO:colcon.colcon_core.shell:Creating package descriptor '/home/coche/coche_ws/install/mouse_teleop/share/mouse_teleop/package.dsv'
[14.973s] INFO:colcon.colcon_core.shell:Creating package script '/home/coche/coche_ws/install/mouse_teleop/share/mouse_teleop/package.sh'
[14.976s] INFO:colcon.colcon_core.shell:Creating package script '/home/coche/coche_ws/install/mouse_teleop/share/mouse_teleop/package.bash'
[14.979s] INFO:colcon.colcon_core.shell:Creating package script '/home/coche/coche_ws/install/mouse_teleop/share/mouse_teleop/package.zsh'
[14.983s] Level 1:colcon.colcon_core.environment:create_file_with_runtime_dependencies(/home/coche/coche_ws/install/mouse_teleop/share/colcon-core/packages/mouse_teleop)
[15.014s] INFO:colcon.colcon_ros.task.ament_cmake.build:Building ROS package in '/home/coche/coche_ws/src/f1tenth_system/wall_follow' with build type 'ament_cmake'
[15.019s] INFO:colcon.colcon_cmake.task.cmake.build:Building CMake package in '/home/coche/coche_ws/src/f1tenth_system/wall_follow'
[15.022s] INFO:colcon.colcon_core.shell:Skip shell extension 'powershell' for command environment: Not usable outside of PowerShell
[15.024s] DEBUG:colcon.colcon_core.shell:Skip shell extension 'dsv' for command environment
[15.115s] DEBUG:colcon.colcon_core.event_handler.log_command:Invoking command in '/home/coche/coche_ws/build/wall_follow': CMAKE_PREFIX_PATH=${CMAKE_PREFIX_PATH}:/home/coche/coche_ws/install/f1tenth_stack:/home/coche/coche_ws/install/ver_trayectoria:/home/coche/coche_ws/install/joy_teleop:/home/coche/coche_ws/install/stanley_avoidance:/home/coche/coche_ws/install/particle_filter:/home/coche/coche_ws/install/mouse_teleop:/home/coche/coche_ws/install/key_teleop:/opt/ros/foxy /usr/bin/cmake --build /home/coche/coche_ws/build/wall_follow -- -j4 -l4
[15.147s] DEBUG:colcon.colcon_core.event_handler.log_command:Invoked command in '/home/coche/coche_ws/src/f1tenth_system/particle filter' returned '0': PYTHONPATH=/home/coche/coche_ws/build/particle_filter/prefix_override:/usr/lib/python3/dist-packages/colcon_core/task/python/colcon_distutils_commands:/home/coche/coche_ws/install/particle_filter/lib/python3.8/site-packages:${PYTHONPATH} /usr/bin/python3 -W ignore:setup.py install is deprecated -W ignore:easy_install command is deprecated setup.py egg_info --egg-base ../../../build/particle_filter build --build-base /home/coche/coche_ws/build/particle_filter/build install --record /home/coche/coche_ws/build/particle_filter/install.log --install-scripts $base/lib/particle_filter --single-version-externally-managed install_data
[15.141s] Level 1:colcon.colcon_core.environment:checking '/home/coche/coche_ws/install/particle_filter' for CMake module files
[15.151s] Level 1:colcon.colcon_core.environment:checking '/home/coche/coche_ws/install/particle_filter' for CMake config files
[15.156s] Level 1:colcon.colcon_core.environment:checking '/home/coche/coche_ws/install/particle_filter/lib'
[15.157s] Level 1:colcon.colcon_core.environment:checking '/home/coche/coche_ws/install/particle_filter/bin'
[15.158s] Level 1:colcon.colcon_core.environment:checking '/home/coche/coche_ws/install/particle_filter/lib/pkgconfig/particle_filter.pc'
[15.165s] Level 1:colcon.colcon_core.environment:checking '/home/coche/coche_ws/install/particle_filter/lib/python3.8/site-packages'
[15.166s] Level 1:colcon.colcon_core.shell:create_environment_hook('particle_filter', 'pythonpath')
[15.168s] INFO:colcon.colcon_core.shell:Creating environment hook '/home/coche/coche_ws/install/particle_filter/share/particle_filter/hook/pythonpath.ps1'
[15.173s] INFO:colcon.colcon_core.shell:Creating environment descriptor '/home/coche/coche_ws/install/particle_filter/share/particle_filter/hook/pythonpath.dsv'
[15.176s] INFO:colcon.colcon_core.shell:Creating environment hook '/home/coche/coche_ws/install/particle_filter/share/particle_filter/hook/pythonpath.sh'
[15.179s] Level 1:colcon.colcon_core.environment:checking '/home/coche/coche_ws/install/particle_filter/bin'
[15.179s] Level 1:colcon.colcon_core.environment:create_environment_scripts_only(particle_filter)
[15.181s] INFO:colcon.colcon_core.shell:Creating package script '/home/coche/coche_ws/install/particle_filter/share/particle_filter/package.ps1'
[15.186s] INFO:colcon.colcon_core.shell:Creating package descriptor '/home/coche/coche_ws/install/particle_filter/share/particle_filter/package.dsv'
[15.191s] INFO:colcon.colcon_core.shell:Creating package script '/home/coche/coche_ws/install/particle_filter/share/particle_filter/package.sh'
[15.194s] INFO:colcon.colcon_core.shell:Creating package script '/home/coche/coche_ws/install/particle_filter/share/particle_filter/package.bash'
[15.196s] INFO:colcon.colcon_core.shell:Creating package script '/home/coche/coche_ws/install/particle_filter/share/particle_filter/package.zsh'
[15.198s] Level 1:colcon.colcon_core.environment:create_file_with_runtime_dependencies(/home/coche/coche_ws/install/particle_filter/share/colcon-core/packages/particle_filter)
[15.204s] INFO:colcon.colcon_ros.task.ament_cmake.build:Building ROS package in '/home/coche/coche_ws/src/f1tenth_system/waypoint_generator' with build type 'ament_cmake'
[15.205s] INFO:colcon.colcon_cmake.task.cmake.build:Building CMake package in '/home/coche/coche_ws/src/f1tenth_system/waypoint_generator'
[15.206s] INFO:colcon.colcon_core.shell:Skip shell extension 'powershell' for command environment: Not usable outside of PowerShell
[15.206s] DEBUG:colcon.colcon_core.shell:Skip shell extension 'dsv' for command environment
[15.274s] DEBUG:colcon.colcon_core.event_handler.log_command:Invoking command in '/home/coche/coche_ws/src/f1tenth_system/stanley_avoidance': PYTHONPATH=/home/coche/coche_ws/build/stanley_avoidance/prefix_override:/usr/lib/python3/dist-packages/colcon_core/task/python/colcon_distutils_commands:/home/coche/coche_ws/install/stanley_avoidance/lib/python3.8/site-packages:${PYTHONPATH} /usr/bin/python3 -W ignore:setup.py install is deprecated -W ignore:easy_install command is deprecated setup.py egg_info --egg-base ../../../build/stanley_avoidance build --build-base /home/coche/coche_ws/build/stanley_avoidance/build install --record /home/coche/coche_ws/build/stanley_avoidance/install.log --install-scripts $base/lib/stanley_avoidance --single-version-externally-managed install_data
[15.310s] DEBUG:colcon.colcon_core.event_handler.log_command:Invoking command in '/home/coche/coche_ws/build/waypoint_generator': CMAKE_PREFIX_PATH=${CMAKE_PREFIX_PATH}:/home/coche/coche_ws/install/f1tenth_stack:/home/coche/coche_ws/install/ver_trayectoria:/home/coche/coche_ws/install/joy_teleop:/home/coche/coche_ws/install/stanley_avoidance:/home/coche/coche_ws/install/particle_filter:/home/coche/coche_ws/install/mouse_teleop:/home/coche/coche_ws/install/key_teleop:/opt/ros/foxy /usr/bin/cmake --build /home/coche/coche_ws/build/waypoint_generator -- -j4 -l4
[15.402s] DEBUG:colcon.colcon_core.event_handler.log_command:Invoked command in '/home/coche/coche_ws/build/wall_follow' returned '0': CMAKE_PREFIX_PATH=${CMAKE_PREFIX_PATH}:/home/coche/coche_ws/install/f1tenth_stack:/home/coche/coche_ws/install/ver_trayectoria:/home/coche/coche_ws/install/joy_teleop:/home/coche/coche_ws/install/stanley_avoidance:/home/coche/coche_ws/install/particle_filter:/home/coche/coche_ws/install/mouse_teleop:/home/coche/coche_ws/install/key_teleop:/opt/ros/foxy /usr/bin/cmake --build /home/coche/coche_ws/build/wall_follow -- -j4 -l4
[15.419s] DEBUG:colcon.colcon_core.event_handler.log_command:Invoking command in '/home/coche/coche_ws/build/wall_follow': CMAKE_PREFIX_PATH=${CMAKE_PREFIX_PATH}:/home/coche/coche_ws/install/f1tenth_stack:/home/coche/coche_ws/install/ver_trayectoria:/home/coche/coche_ws/install/joy_teleop:/home/coche/coche_ws/install/stanley_avoidance:/home/coche/coche_ws/install/particle_filter:/home/coche/coche_ws/install/mouse_teleop:/home/coche/coche_ws/install/key_teleop:/opt/ros/foxy /usr/bin/cmake --install /home/coche/coche_ws/build/wall_follow
[15.696s] Level 1:colcon.colcon_core.environment:create_environment_scripts_only(wall_follow)
[15.699s] Level 1:colcon.colcon_core.environment:checking '/home/coche/coche_ws/install/wall_follow' for CMake module files
[15.702s] DEBUG:colcon.colcon_core.event_handler.log_command:Invoked command in '/home/coche/coche_ws/build/wall_follow' returned '0': CMAKE_PREFIX_PATH=${CMAKE_PREFIX_PATH}:/home/coche/coche_ws/install/f1tenth_stack:/home/coche/coche_ws/install/ver_trayectoria:/home/coche/coche_ws/install/joy_teleop:/home/coche/coche_ws/install/stanley_avoidance:/home/coche/coche_ws/install/particle_filter:/home/coche/coche_ws/install/mouse_teleop:/home/coche/coche_ws/install/key_teleop:/opt/ros/foxy /usr/bin/cmake --install /home/coche/coche_ws/build/wall_follow
[15.705s] Level 1:colcon.colcon_core.environment:checking '/home/coche/coche_ws/install/wall_follow' for CMake config files
[15.707s] Level 1:colcon.colcon_core.shell:create_environment_hook('wall_follow', 'cmake_prefix_path')
[15.709s] INFO:colcon.colcon_core.shell:Creating environment hook '/home/coche/coche_ws/install/wall_follow/share/wall_follow/hook/cmake_prefix_path.ps1'
[15.713s] INFO:colcon.colcon_core.shell:Creating environment descriptor '/home/coche/coche_ws/install/wall_follow/share/wall_follow/hook/cmake_prefix_path.dsv'
[15.715s] INFO:colcon.colcon_core.shell:Creating environment hook '/home/coche/coche_ws/install/wall_follow/share/wall_follow/hook/cmake_prefix_path.sh'
[15.719s] Level 1:colcon.colcon_core.environment:checking '/home/coche/coche_ws/install/wall_follow/lib'
[15.720s] Level 1:colcon.colcon_core.environment:checking '/home/coche/coche_ws/install/wall_follow/bin'
[15.720s] Level 1:colcon.colcon_core.environment:checking '/home/coche/coche_ws/install/wall_follow/lib/pkgconfig/wall_follow.pc'
[15.722s] Level 1:colcon.colcon_core.environment:checking '/home/coche/coche_ws/install/wall_follow/lib/python3.8/site-packages'
[15.722s] Level 1:colcon.colcon_core.shell:create_environment_hook('wall_follow', 'pythonpath')
[15.725s] INFO:colcon.colcon_core.shell:Creating environment hook '/home/coche/coche_ws/install/wall_follow/share/wall_follow/hook/pythonpath.ps1'
[15.727s] INFO:colcon.colcon_core.shell:Creating environment descriptor '/home/coche/coche_ws/install/wall_follow/share/wall_follow/hook/pythonpath.dsv'
[15.730s] INFO:colcon.colcon_core.shell:Creating environment hook '/home/coche/coche_ws/install/wall_follow/share/wall_follow/hook/pythonpath.sh'
[15.732s] Level 1:colcon.colcon_core.environment:checking '/home/coche/coche_ws/install/wall_follow/bin'
[15.734s] INFO:colcon.colcon_core.shell:Creating package script '/home/coche/coche_ws/install/wall_follow/share/wall_follow/package.ps1'
[15.737s] INFO:colcon.colcon_core.shell:Creating package descriptor '/home/coche/coche_ws/install/wall_follow/share/wall_follow/package.dsv'
[15.739s] INFO:colcon.colcon_core.shell:Creating package script '/home/coche/coche_ws/install/wall_follow/share/wall_follow/package.sh'
[15.743s] INFO:colcon.colcon_core.shell:Creating package script '/home/coche/coche_ws/install/wall_follow/share/wall_follow/package.bash'
[15.745s] INFO:colcon.colcon_core.shell:Creating package script '/home/coche/coche_ws/install/wall_follow/share/wall_follow/package.zsh'
[15.749s] Level 1:colcon.colcon_core.environment:create_file_with_runtime_dependencies(/home/coche/coche_ws/install/wall_follow/share/colcon-core/packages/wall_follow)
[15.753s] Level 1:colcon.colcon_core.environment:create_environment_scripts_only(wall_follow)
[15.754s] Level 1:colcon.colcon_core.environment:checking '/home/coche/coche_ws/install/wall_follow' for CMake module files
[15.756s] Level 1:colcon.colcon_core.environment:checking '/home/coche/coche_ws/install/wall_follow' for CMake config files
[15.758s] Level 1:colcon.colcon_core.shell:create_environment_hook('wall_follow', 'cmake_prefix_path')
[15.760s] INFO:colcon.colcon_core.shell:Creating environment hook '/home/coche/coche_ws/install/wall_follow/share/wall_follow/hook/cmake_prefix_path.ps1'
[15.764s] INFO:colcon.colcon_core.shell:Creating environment descriptor '/home/coche/coche_ws/install/wall_follow/share/wall_follow/hook/cmake_prefix_path.dsv'
[15.766s] INFO:colcon.colcon_core.shell:Creating environment hook '/home/coche/coche_ws/install/wall_follow/share/wall_follow/hook/cmake_prefix_path.sh'
[15.769s] Level 1:colcon.colcon_core.environment:checking '/home/coche/coche_ws/install/wall_follow/lib'
[15.770s] Level 1:colcon.colcon_core.environment:checking '/home/coche/coche_ws/install/wall_follow/bin'
[15.770s] Level 1:colcon.colcon_core.environment:checking '/home/coche/coche_ws/install/wall_follow/lib/pkgconfig/wall_follow.pc'
[15.771s] Level 1:colcon.colcon_core.environment:checking '/home/coche/coche_ws/install/wall_follow/lib/python3.8/site-packages'
[15.771s] Level 1:colcon.colcon_core.shell:create_environment_hook('wall_follow', 'pythonpath')
[15.772s] INFO:colcon.colcon_core.shell:Creating environment hook '/home/coche/coche_ws/install/wall_follow/share/wall_follow/hook/pythonpath.ps1'
[15.777s] INFO:colcon.colcon_core.shell:Creating environment descriptor '/home/coche/coche_ws/install/wall_follow/share/wall_follow/hook/pythonpath.dsv'
[15.779s] INFO:colcon.colcon_core.shell:Creating environment hook '/home/coche/coche_ws/install/wall_follow/share/wall_follow/hook/pythonpath.sh'
[15.782s] Level 1:colcon.colcon_core.environment:checking '/home/coche/coche_ws/install/wall_follow/bin'
[15.786s] INFO:colcon.colcon_core.shell:Creating package script '/home/coche/coche_ws/install/wall_follow/share/wall_follow/package.ps1'
[15.789s] INFO:colcon.colcon_core.shell:Creating package descriptor '/home/coche/coche_ws/install/wall_follow/share/wall_follow/package.dsv'
[15.793s] INFO:colcon.colcon_core.shell:Creating package script '/home/coche/coche_ws/install/wall_follow/share/wall_follow/package.sh'
[15.795s] INFO:colcon.colcon_core.shell:Creating package script '/home/coche/coche_ws/install/wall_follow/share/wall_follow/package.bash'
[15.797s] INFO:colcon.colcon_core.shell:Creating package script '/home/coche/coche_ws/install/wall_follow/share/wall_follow/package.zsh'
[15.799s] Level 1:colcon.colcon_core.environment:create_file_with_runtime_dependencies(/home/coche/coche_ws/install/wall_follow/share/colcon-core/packages/wall_follow)
[15.805s] INFO:colcon.colcon_ros.task.ament_cmake.build:Building ROS package in '/home/coche/coche_ws/src/f1tenth_system/teleop_tools/teleop_tools' with build type 'ament_cmake'
[15.806s] INFO:colcon.colcon_cmake.task.cmake.build:Building CMake package in '/home/coche/coche_ws/src/f1tenth_system/teleop_tools/teleop_tools'
[15.810s] INFO:colcon.colcon_core.shell:Skip shell extension 'powershell' for command environment: Not usable outside of PowerShell
[15.811s] DEBUG:colcon.colcon_core.shell:Skip shell extension 'dsv' for command environment
[15.865s] DEBUG:colcon.colcon_core.event_handler.log_command:Invoked command in '/home/coche/coche_ws/build/waypoint_generator' returned '0': CMAKE_PREFIX_PATH=${CMAKE_PREFIX_PATH}:/home/coche/coche_ws/install/f1tenth_stack:/home/coche/coche_ws/install/ver_trayectoria:/home/coche/coche_ws/install/joy_teleop:/home/coche/coche_ws/install/stanley_avoidance:/home/coche/coche_ws/install/particle_filter:/home/coche/coche_ws/install/mouse_teleop:/home/coche/coche_ws/install/key_teleop:/opt/ros/foxy /usr/bin/cmake --build /home/coche/coche_ws/build/waypoint_generator -- -j4 -l4
[15.892s] DEBUG:colcon.colcon_core.event_handler.log_command:Invoking command in '/home/coche/coche_ws/build/waypoint_generator': CMAKE_PREFIX_PATH=${CMAKE_PREFIX_PATH}:/home/coche/coche_ws/install/f1tenth_stack:/home/coche/coche_ws/install/ver_trayectoria:/home/coche/coche_ws/install/joy_teleop:/home/coche/coche_ws/install/stanley_avoidance:/home/coche/coche_ws/install/particle_filter:/home/coche/coche_ws/install/mouse_teleop:/home/coche/coche_ws/install/key_teleop:/opt/ros/foxy /usr/bin/cmake --install /home/coche/coche_ws/build/waypoint_generator
[15.950s] DEBUG:colcon.colcon_core.event_handler.log_command:Invoking command in '/home/coche/coche_ws/build/teleop_tools': AMENT_PREFIX_PATH=/home/coche/coche_ws/install/joy_teleop:/home/coche/coche_ws/install/key_teleop:/home/coche/coche_ws/install/waypoint_generator:/home/coche/coche_ws/install/wall_follow:/home/coche/coche_ws/install/f1tenth_stack:/home/coche/coche_ws/install/vesc:/home/coche/coche_ws/install/vesc_driver:/home/coche/coche_ws/install/vesc_ackermann:/home/coche/coche_ws/install/vesc_msgs:/home/coche/coche_ws/install/ver_trayectoria:/home/coche/coche_ws/install/teleop_tools:/home/coche/coche_ws/install/teleop_tools_msgs:/home/coche/coche_ws/install/stanley_avoidance:/home/coche/coche_ws/install/pure_pursuit:/home/coche/coche_ws/install/particle_filter:/home/coche/coche_ws/install/mouse_teleop:/home/coche/coche_ws/install/lqr:/home/coche/coche_ws/install/gap_follow:/home/coche/coche_ws/install/bringup:/home/coche/coche_ws/install/ackermann_mux:/opt/ros/foxy CMAKE_PREFIX_PATH=/home/coche/coche_ws/install/teleop_tools_msgs:/home/coche/coche_ws/install/waypoint_generator:/home/coche/coche_ws/install/wall_follow:/home/coche/coche_ws/install/vesc:/home/coche/coche_ws/install/vesc_driver:/home/coche/coche_ws/install/vesc_ackermann:/home/coche/coche_ws/install/vesc_msgs:/home/coche/coche_ws/install/teleop_tools:/home/coche/coche_ws/install/pure_pursuit:/home/coche/coche_ws/install/lqr:/home/coche/coche_ws/install/gap_follow:/home/coche/coche_ws/install/bringup:/home/coche/coche_ws/install/ackermann_mux:/home/coche/coche_ws/install/f1tenth_stack:/home/coche/coche_ws/install/ver_trayectoria:/home/coche/coche_ws/install/joy_teleop:/home/coche/coche_ws/install/stanley_avoidance:/home/coche/coche_ws/install/particle_filter:/home/coche/coche_ws/install/mouse_teleop:/home/coche/coche_ws/install/key_teleop:/opt/ros/foxy LD_LIBRARY_PATH=/home/coche/coche_ws/install/teleop_tools_msgs/lib:/home/coche/coche_ws/install/vesc_driver/lib:/home/coche/coche_ws/install/vesc_ackermann/lib:/home/coche/coche_ws/install/vesc_msgs/lib:/opt/ros/foxy/opt/yaml_cpp_vendor/lib:/opt/ros/foxy/opt/rviz_ogre_vendor/lib:/opt/ros/foxy/lib/aarch64-linux-gnu:/opt/ros/foxy/lib PYTHONPATH=/home/coche/coche_ws/install/joy_teleop/lib/python3.8/site-packages:/home/coche/coche_ws/install/teleop_tools_msgs/lib/python3.8/site-packages:/home/coche/coche_ws/install/key_teleop/lib/python3.8/site-packages:/home/coche/coche_ws/install/wall_follow/lib/python3.8/site-packages:/home/coche/coche_ws/install/f1tenth_stack/lib/python3.8/site-packages:/home/coche/coche_ws/install/vesc_msgs/lib/python3.8/site-packages:/home/coche/coche_ws/install/ver_trayectoria/lib/python3.8/site-packages:/home/coche/coche_ws/install/stanley_avoidance/lib/python3.8/site-packages:/home/coche/coche_ws/install/pure_pursuit/lib/python3.8/site-packages:/home/coche/coche_ws/install/particle_filter/lib/python3.8/site-packages:/home/coche/coche_ws/install/mouse_teleop/lib/python3.8/site-packages:/home/coche/coche_ws/install/lqr/lib/python3.8/site-packages:/home/coche/coche_ws/install/gap_follow/lib/python3.8/site-packages:/opt/ros/foxy/lib/python3.8/site-packages /usr/bin/cmake --build /home/coche/coche_ws/build/teleop_tools -- -j4 -l4
[15.972s] Level 1:colcon.colcon_core.environment:create_environment_scripts_only(waypoint_generator)
[15.976s] Level 1:colcon.colcon_core.environment:checking '/home/coche/coche_ws/install/waypoint_generator' for CMake module files
[15.979s] Level 1:colcon.colcon_core.environment:checking '/home/coche/coche_ws/install/waypoint_generator' for CMake config files
[15.981s] DEBUG:colcon.colcon_core.event_handler.log_command:Invoked command in '/home/coche/coche_ws/build/waypoint_generator' returned '0': CMAKE_PREFIX_PATH=${CMAKE_PREFIX_PATH}:/home/coche/coche_ws/install/f1tenth_stack:/home/coche/coche_ws/install/ver_trayectoria:/home/coche/coche_ws/install/joy_teleop:/home/coche/coche_ws/install/stanley_avoidance:/home/coche/coche_ws/install/particle_filter:/home/coche/coche_ws/install/mouse_teleop:/home/coche/coche_ws/install/key_teleop:/opt/ros/foxy /usr/bin/cmake --install /home/coche/coche_ws/build/waypoint_generator
[15.983s] Level 1:colcon.colcon_core.shell:create_environment_hook('waypoint_generator', 'cmake_prefix_path')
[15.987s] INFO:colcon.colcon_core.shell:Creating environment hook '/home/coche/coche_ws/install/waypoint_generator/share/waypoint_generator/hook/cmake_prefix_path.ps1'
[15.991s] INFO:colcon.colcon_core.shell:Creating environment descriptor '/home/coche/coche_ws/install/waypoint_generator/share/waypoint_generator/hook/cmake_prefix_path.dsv'
[15.993s] INFO:colcon.colcon_core.shell:Creating environment hook '/home/coche/coche_ws/install/waypoint_generator/share/waypoint_generator/hook/cmake_prefix_path.sh'
[15.997s] Level 1:colcon.colcon_core.environment:checking '/home/coche/coche_ws/install/waypoint_generator/lib'
[15.998s] Level 1:colcon.colcon_core.environment:checking '/home/coche/coche_ws/install/waypoint_generator/bin'
[15.998s] Level 1:colcon.colcon_core.environment:checking '/home/coche/coche_ws/install/waypoint_generator/lib/pkgconfig/waypoint_generator.pc'
[15.999s] Level 1:colcon.colcon_core.environment:checking '/home/coche/coche_ws/install/waypoint_generator/lib/python3.8/site-packages'
[16.000s] Level 1:colcon.colcon_core.environment:checking '/home/coche/coche_ws/install/waypoint_generator/bin'
[16.001s] INFO:colcon.colcon_core.shell:Creating package script '/home/coche/coche_ws/install/waypoint_generator/share/waypoint_generator/package.ps1'
[16.004s] INFO:colcon.colcon_core.shell:Creating package descriptor '/home/coche/coche_ws/install/waypoint_generator/share/waypoint_generator/package.dsv'
[16.007s] INFO:colcon.colcon_core.shell:Creating package script '/home/coche/coche_ws/install/waypoint_generator/share/waypoint_generator/package.sh'
[16.010s] INFO:colcon.colcon_core.shell:Creating package script '/home/coche/coche_ws/install/waypoint_generator/share/waypoint_generator/package.bash'
[16.012s] INFO:colcon.colcon_core.shell:Creating package script '/home/coche/coche_ws/install/waypoint_generator/share/waypoint_generator/package.zsh'
[16.014s] Level 1:colcon.colcon_core.environment:create_file_with_runtime_dependencies(/home/coche/coche_ws/install/waypoint_generator/share/colcon-core/packages/waypoint_generator)
[16.017s] Level 1:colcon.colcon_core.environment:create_environment_scripts_only(waypoint_generator)
[16.018s] Level 1:colcon.colcon_core.environment:checking '/home/coche/coche_ws/install/waypoint_generator' for CMake module files
[16.020s] Level 1:colcon.colcon_core.environment:checking '/home/coche/coche_ws/install/waypoint_generator' for CMake config files
[16.022s] Level 1:colcon.colcon_core.shell:create_environment_hook('waypoint_generator', 'cmake_prefix_path')
[16.023s] INFO:colcon.colcon_core.shell:Creating environment hook '/home/coche/coche_ws/install/waypoint_generator/share/waypoint_generator/hook/cmake_prefix_path.ps1'
[16.027s] INFO:colcon.colcon_core.shell:Creating environment descriptor '/home/coche/coche_ws/install/waypoint_generator/share/waypoint_generator/hook/cmake_prefix_path.dsv'
[16.029s] INFO:colcon.colcon_core.shell:Creating environment hook '/home/coche/coche_ws/install/waypoint_generator/share/waypoint_generator/hook/cmake_prefix_path.sh'
[16.032s] Level 1:colcon.colcon_core.environment:checking '/home/coche/coche_ws/install/waypoint_generator/lib'
[16.033s] Level 1:colcon.colcon_core.environment:checking '/home/coche/coche_ws/install/waypoint_generator/bin'
[16.033s] Level 1:colcon.colcon_core.environment:checking '/home/coche/coche_ws/install/waypoint_generator/lib/pkgconfig/waypoint_generator.pc'
[16.034s] Level 1:colcon.colcon_core.environment:checking '/home/coche/coche_ws/install/waypoint_generator/lib/python3.8/site-packages'
[16.034s] Level 1:colcon.colcon_core.environment:checking '/home/coche/coche_ws/install/waypoint_generator/bin'
[16.036s] INFO:colcon.colcon_core.shell:Creating package script '/home/coche/coche_ws/install/waypoint_generator/share/waypoint_generator/package.ps1'
[16.038s] INFO:colcon.colcon_core.shell:Creating package descriptor '/home/coche/coche_ws/install/waypoint_generator/share/waypoint_generator/package.dsv'
[16.040s] INFO:colcon.colcon_core.shell:Creating package script '/home/coche/coche_ws/install/waypoint_generator/share/waypoint_generator/package.sh'
[16.042s] INFO:colcon.colcon_core.shell:Creating package script '/home/coche/coche_ws/install/waypoint_generator/share/waypoint_generator/package.bash'
[16.046s] INFO:colcon.colcon_core.shell:Creating package script '/home/coche/coche_ws/install/waypoint_generator/share/waypoint_generator/package.zsh'
[16.048s] Level 1:colcon.colcon_core.environment:create_file_with_runtime_dependencies(/home/coche/coche_ws/install/waypoint_generator/share/colcon-core/packages/waypoint_generator)
[16.054s] INFO:colcon.colcon_ros.task.ament_python.build:Building ROS package in '/home/coche/coche_ws/src/f1tenth_system/f1tenth_stack' with build type 'ament_python'
[16.055s] Level 1:colcon.colcon_core.shell:create_environment_hook('f1tenth_stack', 'ament_prefix_path')
[16.056s] INFO:colcon.colcon_core.shell:Creating environment hook '/home/coche/coche_ws/install/f1tenth_stack/share/f1tenth_stack/hook/ament_prefix_path.ps1'
[16.058s] INFO:colcon.colcon_core.shell:Creating environment descriptor '/home/coche/coche_ws/install/f1tenth_stack/share/f1tenth_stack/hook/ament_prefix_path.dsv'
[16.060s] INFO:colcon.colcon_core.shell:Creating environment hook '/home/coche/coche_ws/install/f1tenth_stack/share/f1tenth_stack/hook/ament_prefix_path.sh'
[16.063s] INFO:colcon.colcon_core.shell:Skip shell extension 'powershell' for command environment: Not usable outside of PowerShell
[16.064s] DEBUG:colcon.colcon_core.shell:Skip shell extension 'dsv' for command environment
[16.219s] DEBUG:colcon.colcon_core.event_handler.log_command:Invoked command in '/home/coche/coche_ws/build/teleop_tools' returned '0': AMENT_PREFIX_PATH=/home/coche/coche_ws/install/joy_teleop:/home/coche/coche_ws/install/key_teleop:/home/coche/coche_ws/install/waypoint_generator:/home/coche/coche_ws/install/wall_follow:/home/coche/coche_ws/install/f1tenth_stack:/home/coche/coche_ws/install/vesc:/home/coche/coche_ws/install/vesc_driver:/home/coche/coche_ws/install/vesc_ackermann:/home/coche/coche_ws/install/vesc_msgs:/home/coche/coche_ws/install/ver_trayectoria:/home/coche/coche_ws/install/teleop_tools:/home/coche/coche_ws/install/teleop_tools_msgs:/home/coche/coche_ws/install/stanley_avoidance:/home/coche/coche_ws/install/pure_pursuit:/home/coche/coche_ws/install/particle_filter:/home/coche/coche_ws/install/mouse_teleop:/home/coche/coche_ws/install/lqr:/home/coche/coche_ws/install/gap_follow:/home/coche/coche_ws/install/bringup:/home/coche/coche_ws/install/ackermann_mux:/opt/ros/foxy CMAKE_PREFIX_PATH=/home/coche/coche_ws/install/teleop_tools_msgs:/home/coche/coche_ws/install/waypoint_generator:/home/coche/coche_ws/install/wall_follow:/home/coche/coche_ws/install/vesc:/home/coche/coche_ws/install/vesc_driver:/home/coche/coche_ws/install/vesc_ackermann:/home/coche/coche_ws/install/vesc_msgs:/home/coche/coche_ws/install/teleop_tools:/home/coche/coche_ws/install/pure_pursuit:/home/coche/coche_ws/install/lqr:/home/coche/coche_ws/install/gap_follow:/home/coche/coche_ws/install/bringup:/home/coche/coche_ws/install/ackermann_mux:/home/coche/coche_ws/install/f1tenth_stack:/home/coche/coche_ws/install/ver_trayectoria:/home/coche/coche_ws/install/joy_teleop:/home/coche/coche_ws/install/stanley_avoidance:/home/coche/coche_ws/install/particle_filter:/home/coche/coche_ws/install/mouse_teleop:/home/coche/coche_ws/install/key_teleop:/opt/ros/foxy LD_LIBRARY_PATH=/home/coche/coche_ws/install/teleop_tools_msgs/lib:/home/coche/coche_ws/install/vesc_driver/lib:/home/coche/coche_ws/install/vesc_ackermann/lib:/home/coche/coche_ws/install/vesc_msgs/lib:/opt/ros/foxy/opt/yaml_cpp_vendor/lib:/opt/ros/foxy/opt/rviz_ogre_vendor/lib:/opt/ros/foxy/lib/aarch64-linux-gnu:/opt/ros/foxy/lib PYTHONPATH=/home/coche/coche_ws/install/joy_teleop/lib/python3.8/site-packages:/home/coche/coche_ws/install/teleop_tools_msgs/lib/python3.8/site-packages:/home/coche/coche_ws/install/key_teleop/lib/python3.8/site-packages:/home/coche/coche_ws/install/wall_follow/lib/python3.8/site-packages:/home/coche/coche_ws/install/f1tenth_stack/lib/python3.8/site-packages:/home/coche/coche_ws/install/vesc_msgs/lib/python3.8/site-packages:/home/coche/coche_ws/install/ver_trayectoria/lib/python3.8/site-packages:/home/coche/coche_ws/install/stanley_avoidance/lib/python3.8/site-packages:/home/coche/coche_ws/install/pure_pursuit/lib/python3.8/site-packages:/home/coche/coche_ws/install/particle_filter/lib/python3.8/site-packages:/home/coche/coche_ws/install/mouse_teleop/lib/python3.8/site-packages:/home/coche/coche_ws/install/lqr/lib/python3.8/site-packages:/home/coche/coche_ws/install/gap_follow/lib/python3.8/site-packages:/opt/ros/foxy/lib/python3.8/site-packages /usr/bin/cmake --build /home/coche/coche_ws/build/teleop_tools -- -j4 -l4
[17.347s] INFO:colcon.colcon_core.task.python.build:Building Python package in '/home/coche/coche_ws/src/f1tenth_system/f1tenth_stack'
[17.352s] INFO:colcon.colcon_core.shell:Skip shell extension 'powershell' for command environment: Not usable outside of PowerShell
[17.352s] DEBUG:colcon.colcon_core.shell:Skip shell extension 'dsv' for command environment
[17.406s] Level 1:colcon.colcon_core.environment:checking '/home/coche/coche_ws/install/stanley_avoidance' for CMake module files
[17.411s] DEBUG:colcon.colcon_core.event_handler.log_command:Invoked command in '/home/coche/coche_ws/src/f1tenth_system/stanley_avoidance' returned '0': PYTHONPATH=/home/coche/coche_ws/build/stanley_avoidance/prefix_override:/usr/lib/python3/dist-packages/colcon_core/task/python/colcon_distutils_commands:/home/coche/coche_ws/install/stanley_avoidance/lib/python3.8/site-packages:${PYTHONPATH} /usr/bin/python3 -W ignore:setup.py install is deprecated -W ignore:easy_install command is deprecated setup.py egg_info --egg-base ../../../build/stanley_avoidance build --build-base /home/coche/coche_ws/build/stanley_avoidance/build install --record /home/coche/coche_ws/build/stanley_avoidance/install.log --install-scripts $base/lib/stanley_avoidance --single-version-externally-managed install_data
[17.413s] Level 1:colcon.colcon_core.environment:checking '/home/coche/coche_ws/install/stanley_avoidance' for CMake config files
[17.417s] Level 1:colcon.colcon_core.environment:checking '/home/coche/coche_ws/install/stanley_avoidance/lib'
[17.418s] Level 1:colcon.colcon_core.environment:checking '/home/coche/coche_ws/install/stanley_avoidance/bin'
[17.418s] Level 1:colcon.colcon_core.environment:checking '/home/coche/coche_ws/install/stanley_avoidance/lib/pkgconfig/stanley_avoidance.pc'
[17.419s] Level 1:colcon.colcon_core.environment:checking '/home/coche/coche_ws/install/stanley_avoidance/lib/python3.8/site-packages'
[17.420s] Level 1:colcon.colcon_core.shell:create_environment_hook('stanley_avoidance', 'pythonpath')
[17.421s] INFO:colcon.colcon_core.shell:Creating environment hook '/home/coche/coche_ws/install/stanley_avoidance/share/stanley_avoidance/hook/pythonpath.ps1'
[17.425s] INFO:colcon.colcon_core.shell:Creating environment descriptor '/home/coche/coche_ws/install/stanley_avoidance/share/stanley_avoidance/hook/pythonpath.dsv'
[17.427s] INFO:colcon.colcon_core.shell:Creating environment hook '/home/coche/coche_ws/install/stanley_avoidance/share/stanley_avoidance/hook/pythonpath.sh'
[17.429s] Level 1:colcon.colcon_core.environment:checking '/home/coche/coche_ws/install/stanley_avoidance/bin'
[17.429s] Level 1:colcon.colcon_core.environment:create_environment_scripts_only(stanley_avoidance)
[17.431s] INFO:colcon.colcon_core.shell:Creating package script '/home/coche/coche_ws/install/stanley_avoidance/share/stanley_avoidance/package.ps1'
[17.434s] INFO:colcon.colcon_core.shell:Creating package descriptor '/home/coche/coche_ws/install/stanley_avoidance/share/stanley_avoidance/package.dsv'
[17.436s] INFO:colcon.colcon_core.shell:Creating package script '/home/coche/coche_ws/install/stanley_avoidance/share/stanley_avoidance/package.sh'
[17.440s] INFO:colcon.colcon_core.shell:Creating package script '/home/coche/coche_ws/install/stanley_avoidance/share/stanley_avoidance/package.bash'
[17.442s] INFO:colcon.colcon_core.shell:Creating package script '/home/coche/coche_ws/install/stanley_avoidance/share/stanley_avoidance/package.zsh'
[17.444s] Level 1:colcon.colcon_core.environment:create_file_with_runtime_dependencies(/home/coche/coche_ws/install/stanley_avoidance/share/colcon-core/packages/stanley_avoidance)
[17.464s] DEBUG:colcon.colcon_core.event_handler.log_command:Invoking command in '/home/coche/coche_ws/build/teleop_tools': AMENT_PREFIX_PATH=/home/coche/coche_ws/install/joy_teleop:/home/coche/coche_ws/install/key_teleop:/home/coche/coche_ws/install/waypoint_generator:/home/coche/coche_ws/install/wall_follow:/home/coche/coche_ws/install/f1tenth_stack:/home/coche/coche_ws/install/vesc:/home/coche/coche_ws/install/vesc_driver:/home/coche/coche_ws/install/vesc_ackermann:/home/coche/coche_ws/install/vesc_msgs:/home/coche/coche_ws/install/ver_trayectoria:/home/coche/coche_ws/install/teleop_tools:/home/coche/coche_ws/install/teleop_tools_msgs:/home/coche/coche_ws/install/stanley_avoidance:/home/coche/coche_ws/install/pure_pursuit:/home/coche/coche_ws/install/particle_filter:/home/coche/coche_ws/install/mouse_teleop:/home/coche/coche_ws/install/lqr:/home/coche/coche_ws/install/gap_follow:/home/coche/coche_ws/install/bringup:/home/coche/coche_ws/install/ackermann_mux:/opt/ros/foxy CMAKE_PREFIX_PATH=/home/coche/coche_ws/install/teleop_tools_msgs:/home/coche/coche_ws/install/waypoint_generator:/home/coche/coche_ws/install/wall_follow:/home/coche/coche_ws/install/vesc:/home/coche/coche_ws/install/vesc_driver:/home/coche/coche_ws/install/vesc_ackermann:/home/coche/coche_ws/install/vesc_msgs:/home/coche/coche_ws/install/teleop_tools:/home/coche/coche_ws/install/pure_pursuit:/home/coche/coche_ws/install/lqr:/home/coche/coche_ws/install/gap_follow:/home/coche/coche_ws/install/bringup:/home/coche/coche_ws/install/ackermann_mux:/home/coche/coche_ws/install/f1tenth_stack:/home/coche/coche_ws/install/ver_trayectoria:/home/coche/coche_ws/install/joy_teleop:/home/coche/coche_ws/install/stanley_avoidance:/home/coche/coche_ws/install/particle_filter:/home/coche/coche_ws/install/mouse_teleop:/home/coche/coche_ws/install/key_teleop:/opt/ros/foxy LD_LIBRARY_PATH=/home/coche/coche_ws/install/teleop_tools_msgs/lib:/home/coche/coche_ws/install/vesc_driver/lib:/home/coche/coche_ws/install/vesc_ackermann/lib:/home/coche/coche_ws/install/vesc_msgs/lib:/opt/ros/foxy/opt/yaml_cpp_vendor/lib:/opt/ros/foxy/opt/rviz_ogre_vendor/lib:/opt/ros/foxy/lib/aarch64-linux-gnu:/opt/ros/foxy/lib PYTHONPATH=/home/coche/coche_ws/install/joy_teleop/lib/python3.8/site-packages:/home/coche/coche_ws/install/teleop_tools_msgs/lib/python3.8/site-packages:/home/coche/coche_ws/install/key_teleop/lib/python3.8/site-packages:/home/coche/coche_ws/install/wall_follow/lib/python3.8/site-packages:/home/coche/coche_ws/install/f1tenth_stack/lib/python3.8/site-packages:/home/coche/coche_ws/install/vesc_msgs/lib/python3.8/site-packages:/home/coche/coche_ws/install/ver_trayectoria/lib/python3.8/site-packages:/home/coche/coche_ws/install/stanley_avoidance/lib/python3.8/site-packages:/home/coche/coche_ws/install/pure_pursuit/lib/python3.8/site-packages:/home/coche/coche_ws/install/particle_filter/lib/python3.8/site-packages:/home/coche/coche_ws/install/mouse_teleop/lib/python3.8/site-packages:/home/coche/coche_ws/install/lqr/lib/python3.8/site-packages:/home/coche/coche_ws/install/gap_follow/lib/python3.8/site-packages:/opt/ros/foxy/lib/python3.8/site-packages /usr/bin/cmake --install /home/coche/coche_ws/build/teleop_tools
[17.489s] DEBUG:colcon.colcon_core.event_handler.log_command:Invoking command in '/home/coche/coche_ws/src/f1tenth_system/ver_trayectoria': PYTHONPATH=/home/coche/coche_ws/build/ver_trayectoria/prefix_override:/usr/lib/python3/dist-packages/colcon_core/task/python/colcon_distutils_commands:/home/coche/coche_ws/install/ver_trayectoria/lib/python3.8/site-packages:${PYTHONPATH} /usr/bin/python3 -W ignore:setup.py install is deprecated -W ignore:easy_install command is deprecated setup.py egg_info --egg-base ../../../build/ver_trayectoria build --build-base /home/coche/coche_ws/build/ver_trayectoria/build install --record /home/coche/coche_ws/build/ver_trayectoria/install.log --install-scripts $base/lib/ver_trayectoria --single-version-externally-managed install_data
[17.541s] Level 1:colcon.colcon_core.environment:create_environment_scripts_only(teleop_tools)
[17.544s] DEBUG:colcon.colcon_core.event_handler.log_command:Invoked command in '/home/coche/coche_ws/build/teleop_tools' returned '0': AMENT_PREFIX_PATH=/home/coche/coche_ws/install/joy_teleop:/home/coche/coche_ws/install/key_teleop:/home/coche/coche_ws/install/waypoint_generator:/home/coche/coche_ws/install/wall_follow:/home/coche/coche_ws/install/f1tenth_stack:/home/coche/coche_ws/install/vesc:/home/coche/coche_ws/install/vesc_driver:/home/coche/coche_ws/install/vesc_ackermann:/home/coche/coche_ws/install/vesc_msgs:/home/coche/coche_ws/install/ver_trayectoria:/home/coche/coche_ws/install/teleop_tools:/home/coche/coche_ws/install/teleop_tools_msgs:/home/coche/coche_ws/install/stanley_avoidance:/home/coche/coche_ws/install/pure_pursuit:/home/coche/coche_ws/install/particle_filter:/home/coche/coche_ws/install/mouse_teleop:/home/coche/coche_ws/install/lqr:/home/coche/coche_ws/install/gap_follow:/home/coche/coche_ws/install/bringup:/home/coche/coche_ws/install/ackermann_mux:/opt/ros/foxy CMAKE_PREFIX_PATH=/home/coche/coche_ws/install/teleop_tools_msgs:/home/coche/coche_ws/install/waypoint_generator:/home/coche/coche_ws/install/wall_follow:/home/coche/coche_ws/install/vesc:/home/coche/coche_ws/install/vesc_driver:/home/coche/coche_ws/install/vesc_ackermann:/home/coche/coche_ws/install/vesc_msgs:/home/coche/coche_ws/install/teleop_tools:/home/coche/coche_ws/install/pure_pursuit:/home/coche/coche_ws/install/lqr:/home/coche/coche_ws/install/gap_follow:/home/coche/coche_ws/install/bringup:/home/coche/coche_ws/install/ackermann_mux:/home/coche/coche_ws/install/f1tenth_stack:/home/coche/coche_ws/install/ver_trayectoria:/home/coche/coche_ws/install/joy_teleop:/home/coche/coche_ws/install/stanley_avoidance:/home/coche/coche_ws/install/particle_filter:/home/coche/coche_ws/install/mouse_teleop:/home/coche/coche_ws/install/key_teleop:/opt/ros/foxy LD_LIBRARY_PATH=/home/coche/coche_ws/install/teleop_tools_msgs/lib:/home/coche/coche_ws/install/vesc_driver/lib:/home/coche/coche_ws/install/vesc_ackermann/lib:/home/coche/coche_ws/install/vesc_msgs/lib:/opt/ros/foxy/opt/yaml_cpp_vendor/lib:/opt/ros/foxy/opt/rviz_ogre_vendor/lib:/opt/ros/foxy/lib/aarch64-linux-gnu:/opt/ros/foxy/lib PYTHONPATH=/home/coche/coche_ws/install/joy_teleop/lib/python3.8/site-packages:/home/coche/coche_ws/install/teleop_tools_msgs/lib/python3.8/site-packages:/home/coche/coche_ws/install/key_teleop/lib/python3.8/site-packages:/home/coche/coche_ws/install/wall_follow/lib/python3.8/site-packages:/home/coche/coche_ws/install/f1tenth_stack/lib/python3.8/site-packages:/home/coche/coche_ws/install/vesc_msgs/lib/python3.8/site-packages:/home/coche/coche_ws/install/ver_trayectoria/lib/python3.8/site-packages:/home/coche/coche_ws/install/stanley_avoidance/lib/python3.8/site-packages:/home/coche/coche_ws/install/pure_pursuit/lib/python3.8/site-packages:/home/coche/coche_ws/install/particle_filter/lib/python3.8/site-packages:/home/coche/coche_ws/install/mouse_teleop/lib/python3.8/site-packages:/home/coche/coche_ws/install/lqr/lib/python3.8/site-packages:/home/coche/coche_ws/install/gap_follow/lib/python3.8/site-packages:/opt/ros/foxy/lib/python3.8/site-packages /usr/bin/cmake --install /home/coche/coche_ws/build/teleop_tools
[17.547s] Level 1:colcon.colcon_core.environment:checking '/home/coche/coche_ws/install/teleop_tools' for CMake module files
[17.551s] Level 1:colcon.colcon_core.environment:checking '/home/coche/coche_ws/install/teleop_tools' for CMake config files
[17.552s] Level 1:colcon.colcon_core.shell:create_environment_hook('teleop_tools', 'cmake_prefix_path')
[17.554s] INFO:colcon.colcon_core.shell:Creating environment hook '/home/coche/coche_ws/install/teleop_tools/share/teleop_tools/hook/cmake_prefix_path.ps1'
[17.557s] INFO:colcon.colcon_core.shell:Creating environment descriptor '/home/coche/coche_ws/install/teleop_tools/share/teleop_tools/hook/cmake_prefix_path.dsv'
[17.559s] INFO:colcon.colcon_core.shell:Creating environment hook '/home/coche/coche_ws/install/teleop_tools/share/teleop_tools/hook/cmake_prefix_path.sh'
[17.562s] Level 1:colcon.colcon_core.environment:checking '/home/coche/coche_ws/install/teleop_tools/bin'
[17.563s] Level 1:colcon.colcon_core.environment:checking '/home/coche/coche_ws/install/teleop_tools/lib/pkgconfig/teleop_tools.pc'
[17.564s] Level 1:colcon.colcon_core.environment:checking '/home/coche/coche_ws/install/teleop_tools/lib/python3.8/site-packages'
[17.565s] Level 1:colcon.colcon_core.environment:checking '/home/coche/coche_ws/install/teleop_tools/bin'
[17.566s] INFO:colcon.colcon_core.shell:Creating package script '/home/coche/coche_ws/install/teleop_tools/share/teleop_tools/package.ps1'
[17.569s] INFO:colcon.colcon_core.shell:Creating package descriptor '/home/coche/coche_ws/install/teleop_tools/share/teleop_tools/package.dsv'
[17.573s] INFO:colcon.colcon_core.shell:Creating package script '/home/coche/coche_ws/install/teleop_tools/share/teleop_tools/package.sh'
[17.575s] INFO:colcon.colcon_core.shell:Creating package script '/home/coche/coche_ws/install/teleop_tools/share/teleop_tools/package.bash'
[17.577s] INFO:colcon.colcon_core.shell:Creating package script '/home/coche/coche_ws/install/teleop_tools/share/teleop_tools/package.zsh'
[17.579s] Level 1:colcon.colcon_core.environment:create_file_with_runtime_dependencies(/home/coche/coche_ws/install/teleop_tools/share/colcon-core/packages/teleop_tools)
[17.703s] Level 1:colcon.colcon_core.environment:create_environment_scripts_only(teleop_tools)
[17.706s] Level 1:colcon.colcon_core.environment:checking '/home/coche/coche_ws/install/teleop_tools' for CMake module files
[17.709s] Level 1:colcon.colcon_core.environment:checking '/home/coche/coche_ws/install/teleop_tools' for CMake config files
[17.711s] Level 1:colcon.colcon_core.shell:create_environment_hook('teleop_tools', 'cmake_prefix_path')
[17.712s] INFO:colcon.colcon_core.shell:Creating environment hook '/home/coche/coche_ws/install/teleop_tools/share/teleop_tools/hook/cmake_prefix_path.ps1'
[17.716s] INFO:colcon.colcon_core.shell:Creating environment descriptor '/home/coche/coche_ws/install/teleop_tools/share/teleop_tools/hook/cmake_prefix_path.dsv'
[17.718s] INFO:colcon.colcon_core.shell:Creating environment hook '/home/coche/coche_ws/install/teleop_tools/share/teleop_tools/hook/cmake_prefix_path.sh'
[17.724s] Level 1:colcon.colcon_core.environment:checking '/home/coche/coche_ws/install/teleop_tools/bin'
[17.724s] Level 1:colcon.colcon_core.environment:checking '/home/coche/coche_ws/install/teleop_tools/lib/pkgconfig/teleop_tools.pc'
[17.725s] Level 1:colcon.colcon_core.environment:checking '/home/coche/coche_ws/install/teleop_tools/lib/python3.8/site-packages'
[17.726s] Level 1:colcon.colcon_core.environment:checking '/home/coche/coche_ws/install/teleop_tools/bin'
[17.727s] INFO:colcon.colcon_core.shell:Creating package script '/home/coche/coche_ws/install/teleop_tools/share/teleop_tools/package.ps1'
[17.730s] INFO:colcon.colcon_core.shell:Creating package descriptor '/home/coche/coche_ws/install/teleop_tools/share/teleop_tools/package.dsv'
[17.733s] INFO:colcon.colcon_core.shell:Creating package script '/home/coche/coche_ws/install/teleop_tools/share/teleop_tools/package.sh'
[17.735s] INFO:colcon.colcon_core.shell:Creating package script '/home/coche/coche_ws/install/teleop_tools/share/teleop_tools/package.bash'
[17.737s] INFO:colcon.colcon_core.shell:Creating package script '/home/coche/coche_ws/install/teleop_tools/share/teleop_tools/package.zsh'
[17.740s] Level 1:colcon.colcon_core.environment:create_file_with_runtime_dependencies(/home/coche/coche_ws/install/teleop_tools/share/colcon-core/packages/teleop_tools)
[18.899s] Level 1:colcon.colcon_core.environment:checking '/home/coche/coche_ws/install/ver_trayectoria' for CMake module files
[18.902s] DEBUG:colcon.colcon_core.event_handler.log_command:Invoked command in '/home/coche/coche_ws/src/f1tenth_system/ver_trayectoria' returned '0': PYTHONPATH=/home/coche/coche_ws/build/ver_trayectoria/prefix_override:/usr/lib/python3/dist-packages/colcon_core/task/python/colcon_distutils_commands:/home/coche/coche_ws/install/ver_trayectoria/lib/python3.8/site-packages:${PYTHONPATH} /usr/bin/python3 -W ignore:setup.py install is deprecated -W ignore:easy_install command is deprecated setup.py egg_info --egg-base ../../../build/ver_trayectoria build --build-base /home/coche/coche_ws/build/ver_trayectoria/build install --record /home/coche/coche_ws/build/ver_trayectoria/install.log --install-scripts $base/lib/ver_trayectoria --single-version-externally-managed install_data
[18.904s] Level 1:colcon.colcon_core.environment:checking '/home/coche/coche_ws/install/ver_trayectoria' for CMake config files
[18.907s] Level 1:colcon.colcon_core.environment:checking '/home/coche/coche_ws/install/ver_trayectoria/lib'
[18.907s] Level 1:colcon.colcon_core.environment:checking '/home/coche/coche_ws/install/ver_trayectoria/bin'
[18.908s] Level 1:colcon.colcon_core.environment:checking '/home/coche/coche_ws/install/ver_trayectoria/lib/pkgconfig/ver_trayectoria.pc'
[18.908s] Level 1:colcon.colcon_core.environment:checking '/home/coche/coche_ws/install/ver_trayectoria/lib/python3.8/site-packages'
[18.909s] Level 1:colcon.colcon_core.shell:create_environment_hook('ver_trayectoria', 'pythonpath')
[18.909s] INFO:colcon.colcon_core.shell:Creating environment hook '/home/coche/coche_ws/install/ver_trayectoria/share/ver_trayectoria/hook/pythonpath.ps1'
[18.911s] INFO:colcon.colcon_core.shell:Creating environment descriptor '/home/coche/coche_ws/install/ver_trayectoria/share/ver_trayectoria/hook/pythonpath.dsv'
[18.913s] INFO:colcon.colcon_core.shell:Creating environment hook '/home/coche/coche_ws/install/ver_trayectoria/share/ver_trayectoria/hook/pythonpath.sh'
[18.916s] Level 1:colcon.colcon_core.environment:checking '/home/coche/coche_ws/install/ver_trayectoria/bin'
[18.916s] Level 1:colcon.colcon_core.environment:create_environment_scripts_only(ver_trayectoria)
[18.918s] INFO:colcon.colcon_core.shell:Creating package script '/home/coche/coche_ws/install/ver_trayectoria/share/ver_trayectoria/package.ps1'
[18.920s] INFO:colcon.colcon_core.shell:Creating package descriptor '/home/coche/coche_ws/install/ver_trayectoria/share/ver_trayectoria/package.dsv'
[18.922s] INFO:colcon.colcon_core.shell:Creating package script '/home/coche/coche_ws/install/ver_trayectoria/share/ver_trayectoria/package.sh'
[18.925s] INFO:colcon.colcon_core.shell:Creating package script '/home/coche/coche_ws/install/ver_trayectoria/share/ver_trayectoria/package.bash'
[18.927s] INFO:colcon.colcon_core.shell:Creating package script '/home/coche/coche_ws/install/ver_trayectoria/share/ver_trayectoria/package.zsh'
[18.928s] Level 1:colcon.colcon_core.environment:create_file_with_runtime_dependencies(/home/coche/coche_ws/install/ver_trayectoria/share/colcon-core/packages/ver_trayectoria)
[19.231s] DEBUG:colcon.colcon_core.event_handler.log_command:Invoking command in '/home/coche/coche_ws/src/f1tenth_system/f1tenth_stack': AMENT_PREFIX_PATH=/home/coche/coche_ws/install/joy_teleop:/home/coche/coche_ws/install/waypoint_generator:/home/coche/coche_ws/install/wall_follow:/home/coche/coche_ws/install/f1tenth_stack:/home/coche/coche_ws/install/vesc:/home/coche/coche_ws/install/vesc_driver:/home/coche/coche_ws/install/vesc_ackermann:/home/coche/coche_ws/install/vesc_msgs:/home/coche/coche_ws/install/ver_trayectoria:/home/coche/coche_ws/install/teleop_tools:/home/coche/coche_ws/install/teleop_tools_msgs:/home/coche/coche_ws/install/stanley_avoidance:/home/coche/coche_ws/install/pure_pursuit:/home/coche/coche_ws/install/particle_filter:/home/coche/coche_ws/install/mouse_teleop:/home/coche/coche_ws/install/lqr:/home/coche/coche_ws/install/key_teleop:/home/coche/coche_ws/install/gap_follow:/home/coche/coche_ws/install/bringup:/home/coche/coche_ws/install/ackermann_mux:/opt/ros/foxy CMAKE_PREFIX_PATH=/home/coche/coche_ws/install/vesc:/home/coche/coche_ws/install/vesc_driver:/home/coche/coche_ws/install/vesc_ackermann:/home/coche/coche_ws/install/vesc_msgs:/home/coche/coche_ws/install/teleop_tools_msgs:/home/coche/coche_ws/install/ackermann_mux:/home/coche/coche_ws/install/waypoint_generator:/home/coche/coche_ws/install/wall_follow:/home/coche/coche_ws/install/teleop_tools:/home/coche/coche_ws/install/pure_pursuit:/home/coche/coche_ws/install/lqr:/home/coche/coche_ws/install/gap_follow:/home/coche/coche_ws/install/bringup PYTHONPATH=/home/coche/coche_ws/build/f1tenth_stack/prefix_override:/usr/lib/python3/dist-packages/colcon_core/task/python/colcon_distutils_commands:/home/coche/coche_ws/install/f1tenth_stack/lib/python3.8/site-packages:/home/coche/coche_ws/install/joy_teleop/lib/python3.8/site-packages:/home/coche/coche_ws/install/vesc_msgs/lib/python3.8/site-packages:/home/coche/coche_ws/install/teleop_tools_msgs/lib/python3.8/site-packages:/home/coche/coche_ws/install/wall_follow/lib/python3.8/site-packages:/home/coche/coche_ws/install/f1tenth_stack/lib/python3.8/site-packages:/home/coche/coche_ws/install/ver_trayectoria/lib/python3.8/site-packages:/home/coche/coche_ws/install/stanley_avoidance/lib/python3.8/site-packages:/home/coche/coche_ws/install/pure_pursuit/lib/python3.8/site-packages:/home/coche/coche_ws/install/particle_filter/lib/python3.8/site-packages:/home/coche/coche_ws/install/mouse_teleop/lib/python3.8/site-packages:/home/coche/coche_ws/install/lqr/lib/python3.8/site-packages:/home/coche/coche_ws/install/key_teleop/lib/python3.8/site-packages:/home/coche/coche_ws/install/gap_follow/lib/python3.8/site-packages:/opt/ros/foxy/lib/python3.8/site-packages /usr/bin/python3 -W ignore:setup.py install is deprecated -W ignore:easy_install command is deprecated setup.py egg_info --egg-base ../../../build/f1tenth_stack build --build-base /home/coche/coche_ws/build/f1tenth_stack/build install --record /home/coche/coche_ws/build/f1tenth_stack/install.log --install-scripts $base/lib/f1tenth_stack --single-version-externally-managed install_data
[20.451s] Level 1:colcon.colcon_core.environment:checking '/home/coche/coche_ws/install/f1tenth_stack' for CMake module files
[20.455s] DEBUG:colcon.colcon_core.event_handler.log_command:Invoked command in '/home/coche/coche_ws/src/f1tenth_system/f1tenth_stack' returned '0': AMENT_PREFIX_PATH=/home/coche/coche_ws/install/joy_teleop:/home/coche/coche_ws/install/waypoint_generator:/home/coche/coche_ws/install/wall_follow:/home/coche/coche_ws/install/f1tenth_stack:/home/coche/coche_ws/install/vesc:/home/coche/coche_ws/install/vesc_driver:/home/coche/coche_ws/install/vesc_ackermann:/home/coche/coche_ws/install/vesc_msgs:/home/coche/coche_ws/install/ver_trayectoria:/home/coche/coche_ws/install/teleop_tools:/home/coche/coche_ws/install/teleop_tools_msgs:/home/coche/coche_ws/install/stanley_avoidance:/home/coche/coche_ws/install/pure_pursuit:/home/coche/coche_ws/install/particle_filter:/home/coche/coche_ws/install/mouse_teleop:/home/coche/coche_ws/install/lqr:/home/coche/coche_ws/install/key_teleop:/home/coche/coche_ws/install/gap_follow:/home/coche/coche_ws/install/bringup:/home/coche/coche_ws/install/ackermann_mux:/opt/ros/foxy CMAKE_PREFIX_PATH=/home/coche/coche_ws/install/vesc:/home/coche/coche_ws/install/vesc_driver:/home/coche/coche_ws/install/vesc_ackermann:/home/coche/coche_ws/install/vesc_msgs:/home/coche/coche_ws/install/teleop_tools_msgs:/home/coche/coche_ws/install/ackermann_mux:/home/coche/coche_ws/install/waypoint_generator:/home/coche/coche_ws/install/wall_follow:/home/coche/coche_ws/install/teleop_tools:/home/coche/coche_ws/install/pure_pursuit:/home/coche/coche_ws/install/lqr:/home/coche/coche_ws/install/gap_follow:/home/coche/coche_ws/install/bringup PYTHONPATH=/home/coche/coche_ws/build/f1tenth_stack/prefix_override:/usr/lib/python3/dist-packages/colcon_core/task/python/colcon_distutils_commands:/home/coche/coche_ws/install/f1tenth_stack/lib/python3.8/site-packages:/home/coche/coche_ws/install/joy_teleop/lib/python3.8/site-packages:/home/coche/coche_ws/install/vesc_msgs/lib/python3.8/site-packages:/home/coche/coche_ws/install/teleop_tools_msgs/lib/python3.8/site-packages:/home/coche/coche_ws/install/wall_follow/lib/python3.8/site-packages:/home/coche/coche_ws/install/f1tenth_stack/lib/python3.8/site-packages:/home/coche/coche_ws/install/ver_trayectoria/lib/python3.8/site-packages:/home/coche/coche_ws/install/stanley_avoidance/lib/python3.8/site-packages:/home/coche/coche_ws/install/pure_pursuit/lib/python3.8/site-packages:/home/coche/coche_ws/install/particle_filter/lib/python3.8/site-packages:/home/coche/coche_ws/install/mouse_teleop/lib/python3.8/site-packages:/home/coche/coche_ws/install/lqr/lib/python3.8/site-packages:/home/coche/coche_ws/install/key_teleop/lib/python3.8/site-packages:/home/coche/coche_ws/install/gap_follow/lib/python3.8/site-packages:/opt/ros/foxy/lib/python3.8/site-packages /usr/bin/python3 -W ignore:setup.py install is deprecated -W ignore:easy_install command is deprecated setup.py egg_info --egg-base ../../../build/f1tenth_stack build --build-base /home/coche/coche_ws/build/f1tenth_stack/build install --record /home/coche/coche_ws/build/f1tenth_stack/install.log --install-scripts $base/lib/f1tenth_stack --single-version-externally-managed install_data
[20.457s] Level 1:colcon.colcon_core.environment:checking '/home/coche/coche_ws/install/f1tenth_stack' for CMake config files
[20.463s] Level 1:colcon.colcon_core.environment:checking '/home/coche/coche_ws/install/f1tenth_stack/lib'
[20.464s] Level 1:colcon.colcon_core.environment:checking '/home/coche/coche_ws/install/f1tenth_stack/bin'
[20.464s] Level 1:colcon.colcon_core.environment:checking '/home/coche/coche_ws/install/f1tenth_stack/lib/pkgconfig/f1tenth_stack.pc'
[20.466s] Level 1:colcon.colcon_core.environment:checking '/home/coche/coche_ws/install/f1tenth_stack/lib/python3.8/site-packages'
[20.466s] Level 1:colcon.colcon_core.shell:create_environment_hook('f1tenth_stack', 'pythonpath')
[20.468s] INFO:colcon.colcon_core.shell:Creating environment hook '/home/coche/coche_ws/install/f1tenth_stack/share/f1tenth_stack/hook/pythonpath.ps1'
[20.473s] INFO:colcon.colcon_core.shell:Creating environment descriptor '/home/coche/coche_ws/install/f1tenth_stack/share/f1tenth_stack/hook/pythonpath.dsv'
[20.476s] INFO:colcon.colcon_core.shell:Creating environment hook '/home/coche/coche_ws/install/f1tenth_stack/share/f1tenth_stack/hook/pythonpath.sh'
[20.479s] Level 1:colcon.colcon_core.environment:checking '/home/coche/coche_ws/install/f1tenth_stack/bin'
[20.480s] Level 1:colcon.colcon_core.environment:create_environment_scripts_only(f1tenth_stack)
[20.481s] INFO:colcon.colcon_core.shell:Creating package script '/home/coche/coche_ws/install/f1tenth_stack/share/f1tenth_stack/package.ps1'
[20.484s] INFO:colcon.colcon_core.shell:Creating package descriptor '/home/coche/coche_ws/install/f1tenth_stack/share/f1tenth_stack/package.dsv'
[20.487s] INFO:colcon.colcon_core.shell:Creating package script '/home/coche/coche_ws/install/f1tenth_stack/share/f1tenth_stack/package.sh'
[20.489s] INFO:colcon.colcon_core.shell:Creating package script '/home/coche/coche_ws/install/f1tenth_stack/share/f1tenth_stack/package.bash'
[20.491s] INFO:colcon.colcon_core.shell:Creating package script '/home/coche/coche_ws/install/f1tenth_stack/share/f1tenth_stack/package.zsh'
[20.492s] Level 1:colcon.colcon_core.environment:create_file_with_runtime_dependencies(/home/coche/coche_ws/install/f1tenth_stack/share/colcon-core/packages/f1tenth_stack)
[20.494s] DEBUG:colcon.colcon_parallel_executor.executor.parallel:closing loop
[20.496s] DEBUG:colcon.colcon_parallel_executor.executor.parallel:loop closed
[20.496s] DEBUG:colcon.colcon_parallel_executor.executor.parallel:run_until_complete finished with '0'
[20.497s] DEBUG:colcon.colcon_core.event_reactor:joining thread
[20.538s] INFO:colcon.colcon_core.plugin_system:Skipping extension 'colcon_notification.desktop_notification.terminal_notifier': Not used on non-Darwin systems
[20.539s] INFO:colcon.colcon_core.plugin_system:Skipping extension 'colcon_notification.desktop_notification.win32': Not used on non-Windows systems
[20.539s] INFO:colcon.colcon_notification.desktop_notification:Sending desktop notification using 'notify2'
[20.597s] DEBUG:colcon.colcon_core.event_reactor:joined thread
[20.599s] INFO:colcon.colcon_core.shell:Creating prefix script '/home/coche/coche_ws/install/local_setup.ps1'
[20.603s] INFO:colcon.colcon_core.shell:Creating prefix util module '/home/coche/coche_ws/install/_local_setup_util_ps1.py'
[20.608s] INFO:colcon.colcon_core.shell:Creating prefix chain script '/home/coche/coche_ws/install/setup.ps1'
[20.618s] INFO:colcon.colcon_core.shell:Creating prefix script '/home/coche/coche_ws/install/local_setup.sh'
[20.621s] INFO:colcon.colcon_core.shell:Creating prefix util module '/home/coche/coche_ws/install/_local_setup_util_sh.py'
[20.623s] INFO:colcon.colcon_core.shell:Creating prefix chain script '/home/coche/coche_ws/install/setup.sh'
[20.636s] INFO:colcon.colcon_core.shell:Creating prefix script '/home/coche/coche_ws/install/local_setup.bash'
[20.638s] INFO:colcon.colcon_core.shell:Creating prefix chain script '/home/coche/coche_ws/install/setup.bash'
[20.647s] INFO:colcon.colcon_core.shell:Creating prefix script '/home/coche/coche_ws/install/local_setup.zsh'
[20.649s] INFO:colcon.colcon_core.shell:Creating prefix chain script '/home/coche/coche_ws/install/setup.zsh'
