[0.000000] (-) TimerEvent: {}
[0.000740] (ackermann_mux) JobQueued: {'identifier': 'ackermann_mux', 'dependencies': OrderedDict()}
[0.001324] (key_teleop) JobQueued: {'identifier': 'key_teleop', 'dependencies': OrderedDict()}
[0.001432] (mouse_teleop) JobQueued: {'identifier': 'mouse_teleop', 'dependencies': OrderedDict()}
[0.002746] (teleop_tools_msgs) JobQueued: {'identifier': 'teleop_tools_msgs', 'dependencies': OrderedDict()}
[0.003377] (vesc_msgs) JobQueued: {'identifier': 'vesc_msgs', 'dependencies': OrderedDict()}
[0.003992] (joy_teleop) JobQueued: {'identifier': 'joy_teleop', 'dependencies': OrderedDict([('teleop_tools_msgs', '/home/coche/coche_ws/install/teleop_tools_msgs')])}
[0.004228] (vesc_ackermann) JobQueued: {'identifier': 'vesc_ackermann', 'dependencies': OrderedDict([('vesc_msgs', '/home/coche/coche_ws/install/vesc_msgs')])}
[0.004443] (vesc_driver) JobQueued: {'identifier': 'vesc_driver', 'dependencies': OrderedDict([('vesc_msgs', '/home/coche/coche_ws/install/vesc_msgs')])}
[0.004640] (teleop_tools) JobQueued: {'identifier': 'teleop_tools', 'dependencies': OrderedDict([('key_teleop', '/home/coche/coche_ws/install/key_teleop'), ('teleop_tools_msgs', '/home/coche/coche_ws/install/teleop_tools_msgs'), ('joy_teleop', '/home/coche/coche_ws/install/joy_teleop')])}
[0.004855] (vesc) JobQueued: {'identifier': 'vesc', 'dependencies': OrderedDict([('vesc_msgs', '/home/coche/coche_ws/install/vesc_msgs'), ('vesc_ackermann', '/home/coche/coche_ws/install/vesc_ackermann'), ('vesc_driver', '/home/coche/coche_ws/install/vesc_driver')])}
[0.005036] (f1tenth_stack) JobQueued: {'identifier': 'f1tenth_stack', 'dependencies': OrderedDict([('ackermann_mux', '/home/coche/coche_ws/install/ackermann_mux'), ('teleop_tools_msgs', '/home/coche/coche_ws/install/teleop_tools_msgs'), ('vesc_msgs', '/home/coche/coche_ws/install/vesc_msgs'), ('joy_teleop', '/home/coche/coche_ws/install/joy_teleop'), ('vesc_ackermann', '/home/coche/coche_ws/install/vesc_ackermann'), ('vesc_driver', '/home/coche/coche_ws/install/vesc_driver'), ('vesc', '/home/coche/coche_ws/install/vesc')])}
[0.005342] (vesc_msgs) JobStarted: {'identifier': 'vesc_msgs'}
[0.040415] (teleop_tools_msgs) JobStarted: {'identifier': 'teleop_tools_msgs'}
[0.073473] (ackermann_mux) JobStarted: {'identifier': 'ackermann_mux'}
[0.100499] (-) TimerEvent: {}
[0.106532] (key_teleop) JobStarted: {'identifier': 'key_teleop'}
[0.158978] (vesc_msgs) JobProgress: {'identifier': 'vesc_msgs', 'progress': 'cmake'}
[0.162143] (vesc_msgs) JobProgress: {'identifier': 'vesc_msgs', 'progress': 'build'}
[0.164687] (vesc_msgs) Command: {'cmd': ['/usr/bin/cmake', '--build', '/home/coche/coche_ws/build/vesc_msgs', '--', '-j4', '-l4'], 'cwd': '/home/coche/coche_ws/build/vesc_msgs', 'env': OrderedDict([('LESSOPEN', '| /usr/bin/lesspipe %s'), ('USER', 'coche'), ('SSH_CLIENT', '192.168.119.214 33380 22'), ('LC_TIME', 'C.UTF-8'), ('XDG_SESSION_TYPE', 'tty'), ('SHLVL', '1'), ('LD_LIBRARY_PATH', '/home/coche/coche_ws/install/vesc_driver/lib:/home/coche/coche_ws/install/vesc_ackermann/lib:/home/coche/coche_ws/install/vesc_msgs/lib:/home/coche/coche_ws/install/teleop_tools_msgs/lib:/opt/ros/foxy/opt/yaml_cpp_vendor/lib:/opt/ros/foxy/opt/rviz_ogre_vendor/lib:/opt/ros/foxy/lib/aarch64-linux-gnu:/opt/ros/foxy/lib'), ('MOTD_SHOWN', 'pam'), ('HOME', '/home/coche'), ('OLDPWD', '/home/coche'), ('SSH_TTY', '/dev/pts/0'), ('ROS_PYTHON_VERSION', '3'), ('LC_MONETARY', 'C.UTF-8'), ('DBUS_SESSION_BUS_ADDRESS', 'unix:path=/run/user/1000/bus'), ('COLCON_PREFIX_PATH', '/home/coche/coche_ws/install'), ('ROS_DISTRO', 'foxy'), ('LOGNAME', 'coche'), ('_', '/usr/bin/colcon'), ('ROS_VERSION', '2'), ('XDG_SESSION_CLASS', 'user'), ('TERM', 'xterm-256color'), ('XDG_SESSION_ID', '2'), ('ROS_LOCALHOST_ONLY', '0'), ('PATH', '/opt/ros/foxy/bin:/usr/local/sbin:/usr/local/bin:/usr/sbin:/usr/bin:/sbin:/bin:/usr/games:/usr/local/games:/snap/bin'), ('LC_ADDRESS', 'C.UTF-8'), ('XDG_RUNTIME_DIR', '/run/user/1000'), ('DISPLAY', 'localhost:10.0'), ('LANG', 'C.UTF-8'), ('LC_TELEPHONE', 'C.UTF-8'), ('LS_COLORS', 'rs=0:di=01;34:ln=01;36:mh=00:pi=40;33:so=01;35:do=01;35:bd=40;33;01:cd=40;33;01:or=40;31;01:mi=00:su=37;41:sg=30;43:ca=30;41:tw=30;42:ow=34;42:st=37;44:ex=01;32:*.tar=01;31:*.tgz=01;31:*.arc=01;31:*.arj=01;31:*.taz=01;31:*.lha=01;31:*.lz4=01;31:*.lzh=01;31:*.lzma=01;31:*.tlz=01;31:*.txz=01;31:*.tzo=01;31:*.t7z=01;31:*.zip=01;31:*.z=01;31:*.dz=01;31:*.gz=01;31:*.lrz=01;31:*.lz=01;31:*.lzo=01;31:*.xz=01;31:*.zst=01;31:*.tzst=01;31:*.bz2=01;31:*.bz=01;31:*.tbz=01;31:*.tbz2=01;31:*.tz=01;31:*.deb=01;31:*.rpm=01;31:*.jar=01;31:*.war=01;31:*.ear=01;31:*.sar=01;31:*.rar=01;31:*.alz=01;31:*.ace=01;31:*.zoo=01;31:*.cpio=01;31:*.7z=01;31:*.rz=01;31:*.cab=01;31:*.wim=01;31:*.swm=01;31:*.dwm=01;31:*.esd=01;31:*.jpg=01;35:*.jpeg=01;35:*.mjpg=01;35:*.mjpeg=01;35:*.gif=01;35:*.bmp=01;35:*.pbm=01;35:*.pgm=01;35:*.ppm=01;35:*.tga=01;35:*.xbm=01;35:*.xpm=01;35:*.tif=01;35:*.tiff=01;35:*.png=01;35:*.svg=01;35:*.svgz=01;35:*.mng=01;35:*.pcx=01;35:*.mov=01;35:*.mpg=01;35:*.mpeg=01;35:*.m2v=01;35:*.mkv=01;35:*.webm=01;35:*.ogm=01;35:*.mp4=01;35:*.m4v=01;35:*.mp4v=01;35:*.vob=01;35:*.qt=01;35:*.nuv=01;35:*.wmv=01;35:*.asf=01;35:*.rm=01;35:*.rmvb=01;35:*.flc=01;35:*.avi=01;35:*.fli=01;35:*.flv=01;35:*.gl=01;35:*.dl=01;35:*.xcf=01;35:*.xwd=01;35:*.yuv=01;35:*.cgm=01;35:*.emf=01;35:*.ogv=01;35:*.ogx=01;35:*.aac=00;36:*.au=00;36:*.flac=00;36:*.m4a=00;36:*.mid=00;36:*.midi=00;36:*.mka=00;36:*.mp3=00;36:*.mpc=00;36:*.ogg=00;36:*.ra=00;36:*.wav=00;36:*.oga=00;36:*.opus=00;36:*.spx=00;36:*.xspf=00;36:'), ('AMENT_PREFIX_PATH', '/home/coche/coche_ws/install/f1tenth_stack:/home/coche/coche_ws/install/vesc:/home/coche/coche_ws/install/vesc_driver:/home/coche/coche_ws/install/vesc_ackermann:/home/coche/coche_ws/install/vesc_msgs:/home/coche/coche_ws/install/teleop_tools:/home/coche/coche_ws/install/joy_teleop:/home/coche/coche_ws/install/teleop_tools_msgs:/home/coche/coche_ws/install/mouse_teleop:/home/coche/coche_ws/install/key_teleop:/home/coche/coche_ws/install/ackermann_mux:/opt/ros/foxy'), ('SHELL', '/bin/bash'), ('LC_NAME', 'C.UTF-8'), ('LESSCLOSE', '/usr/bin/lesspipe %s %s'), ('LC_MEASUREMENT', 'C.UTF-8'), ('LC_IDENTIFICATION', 'C.UTF-8'), ('PWD', '/home/coche/coche_ws/build/vesc_msgs'), ('SSH_CONNECTION', '192.168.119.214 33380 192.168.119.61 22'), ('XDG_DATA_DIRS', '/home/coche/.local/share/flatpak/exports/share:/var/lib/flatpak/exports/share:/usr/local/share:/usr/share:/var/lib/snapd/desktop'), ('PYTHONPATH', '/home/coche/coche_ws/install/f1tenth_stack/lib/python3.8/site-packages:/home/coche/coche_ws/install/vesc_msgs/lib/python3.8/site-packages:/home/coche/coche_ws/install/joy_teleop/lib/python3.8/site-packages:/home/coche/coche_ws/install/teleop_tools_msgs/lib/python3.8/site-packages:/home/coche/coche_ws/install/mouse_teleop/lib/python3.8/site-packages:/home/coche/coche_ws/install/key_teleop/lib/python3.8/site-packages:/opt/ros/foxy/lib/python3.8/site-packages'), ('LC_NUMERIC', 'C.UTF-8'), ('LC_PAPER', 'C.UTF-8'), ('COLCON', '1'), ('CMAKE_PREFIX_PATH', '/home/coche/coche_ws/install/vesc:/home/coche/coche_ws/install/vesc_driver:/home/coche/coche_ws/install/vesc_ackermann:/home/coche/coche_ws/install/vesc_msgs:/home/coche/coche_ws/install/teleop_tools:/home/coche/coche_ws/install/teleop_tools_msgs:/home/coche/coche_ws/install/ackermann_mux:/home/coche/coche_ws/install/f1tenth_stack:/home/coche/coche_ws/install/joy_teleop:/home/coche/coche_ws/install/mouse_teleop:/home/coche/coche_ws/install/key_teleop:/opt/ros/foxy')]), 'shell': False}
[0.189968] (teleop_tools_msgs) JobProgress: {'identifier': 'teleop_tools_msgs', 'progress': 'cmake'}
[0.193644] (teleop_tools_msgs) JobProgress: {'identifier': 'teleop_tools_msgs', 'progress': 'build'}
[0.196044] (teleop_tools_msgs) Command: {'cmd': ['/usr/bin/cmake', '--build', '/home/coche/coche_ws/build/teleop_tools_msgs', '--', '-j4', '-l4'], 'cwd': '/home/coche/coche_ws/build/teleop_tools_msgs', 'env': OrderedDict([('LESSOPEN', '| /usr/bin/lesspipe %s'), ('USER', 'coche'), ('SSH_CLIENT', '192.168.119.214 33380 22'), ('LC_TIME', 'C.UTF-8'), ('XDG_SESSION_TYPE', 'tty'), ('SHLVL', '1'), ('LD_LIBRARY_PATH', '/home/coche/coche_ws/install/vesc_driver/lib:/home/coche/coche_ws/install/vesc_ackermann/lib:/home/coche/coche_ws/install/vesc_msgs/lib:/home/coche/coche_ws/install/teleop_tools_msgs/lib:/opt/ros/foxy/opt/yaml_cpp_vendor/lib:/opt/ros/foxy/opt/rviz_ogre_vendor/lib:/opt/ros/foxy/lib/aarch64-linux-gnu:/opt/ros/foxy/lib'), ('MOTD_SHOWN', 'pam'), ('HOME', '/home/coche'), ('OLDPWD', '/home/coche'), ('SSH_TTY', '/dev/pts/0'), ('ROS_PYTHON_VERSION', '3'), ('LC_MONETARY', 'C.UTF-8'), ('DBUS_SESSION_BUS_ADDRESS', 'unix:path=/run/user/1000/bus'), ('COLCON_PREFIX_PATH', '/home/coche/coche_ws/install'), ('ROS_DISTRO', 'foxy'), ('LOGNAME', 'coche'), ('_', '/usr/bin/colcon'), ('ROS_VERSION', '2'), ('XDG_SESSION_CLASS', 'user'), ('TERM', 'xterm-256color'), ('XDG_SESSION_ID', '2'), ('ROS_LOCALHOST_ONLY', '0'), ('PATH', '/opt/ros/foxy/bin:/usr/local/sbin:/usr/local/bin:/usr/sbin:/usr/bin:/sbin:/bin:/usr/games:/usr/local/games:/snap/bin'), ('LC_ADDRESS', 'C.UTF-8'), ('XDG_RUNTIME_DIR', '/run/user/1000'), ('DISPLAY', 'localhost:10.0'), ('LANG', 'C.UTF-8'), ('LC_TELEPHONE', 'C.UTF-8'), ('LS_COLORS', 'rs=0:di=01;34:ln=01;36:mh=00:pi=40;33:so=01;35:do=01;35:bd=40;33;01:cd=40;33;01:or=40;31;01:mi=00:su=37;41:sg=30;43:ca=30;41:tw=30;42:ow=34;42:st=37;44:ex=01;32:*.tar=01;31:*.tgz=01;31:*.arc=01;31:*.arj=01;31:*.taz=01;31:*.lha=01;31:*.lz4=01;31:*.lzh=01;31:*.lzma=01;31:*.tlz=01;31:*.txz=01;31:*.tzo=01;31:*.t7z=01;31:*.zip=01;31:*.z=01;31:*.dz=01;31:*.gz=01;31:*.lrz=01;31:*.lz=01;31:*.lzo=01;31:*.xz=01;31:*.zst=01;31:*.tzst=01;31:*.bz2=01;31:*.bz=01;31:*.tbz=01;31:*.tbz2=01;31:*.tz=01;31:*.deb=01;31:*.rpm=01;31:*.jar=01;31:*.war=01;31:*.ear=01;31:*.sar=01;31:*.rar=01;31:*.alz=01;31:*.ace=01;31:*.zoo=01;31:*.cpio=01;31:*.7z=01;31:*.rz=01;31:*.cab=01;31:*.wim=01;31:*.swm=01;31:*.dwm=01;31:*.esd=01;31:*.jpg=01;35:*.jpeg=01;35:*.mjpg=01;35:*.mjpeg=01;35:*.gif=01;35:*.bmp=01;35:*.pbm=01;35:*.pgm=01;35:*.ppm=01;35:*.tga=01;35:*.xbm=01;35:*.xpm=01;35:*.tif=01;35:*.tiff=01;35:*.png=01;35:*.svg=01;35:*.svgz=01;35:*.mng=01;35:*.pcx=01;35:*.mov=01;35:*.mpg=01;35:*.mpeg=01;35:*.m2v=01;35:*.mkv=01;35:*.webm=01;35:*.ogm=01;35:*.mp4=01;35:*.m4v=01;35:*.mp4v=01;35:*.vob=01;35:*.qt=01;35:*.nuv=01;35:*.wmv=01;35:*.asf=01;35:*.rm=01;35:*.rmvb=01;35:*.flc=01;35:*.avi=01;35:*.fli=01;35:*.flv=01;35:*.gl=01;35:*.dl=01;35:*.xcf=01;35:*.xwd=01;35:*.yuv=01;35:*.cgm=01;35:*.emf=01;35:*.ogv=01;35:*.ogx=01;35:*.aac=00;36:*.au=00;36:*.flac=00;36:*.m4a=00;36:*.mid=00;36:*.midi=00;36:*.mka=00;36:*.mp3=00;36:*.mpc=00;36:*.ogg=00;36:*.ra=00;36:*.wav=00;36:*.oga=00;36:*.opus=00;36:*.spx=00;36:*.xspf=00;36:'), ('AMENT_PREFIX_PATH', '/home/coche/coche_ws/install/f1tenth_stack:/home/coche/coche_ws/install/vesc:/home/coche/coche_ws/install/vesc_driver:/home/coche/coche_ws/install/vesc_ackermann:/home/coche/coche_ws/install/vesc_msgs:/home/coche/coche_ws/install/teleop_tools:/home/coche/coche_ws/install/joy_teleop:/home/coche/coche_ws/install/teleop_tools_msgs:/home/coche/coche_ws/install/mouse_teleop:/home/coche/coche_ws/install/key_teleop:/home/coche/coche_ws/install/ackermann_mux:/opt/ros/foxy'), ('SHELL', '/bin/bash'), ('LC_NAME', 'C.UTF-8'), ('LESSCLOSE', '/usr/bin/lesspipe %s %s'), ('LC_MEASUREMENT', 'C.UTF-8'), ('LC_IDENTIFICATION', 'C.UTF-8'), ('PWD', '/home/coche/coche_ws/build/teleop_tools_msgs'), ('SSH_CONNECTION', '192.168.119.214 33380 192.168.119.61 22'), ('XDG_DATA_DIRS', '/home/coche/.local/share/flatpak/exports/share:/var/lib/flatpak/exports/share:/usr/local/share:/usr/share:/var/lib/snapd/desktop'), ('PYTHONPATH', '/home/coche/coche_ws/install/f1tenth_stack/lib/python3.8/site-packages:/home/coche/coche_ws/install/vesc_msgs/lib/python3.8/site-packages:/home/coche/coche_ws/install/joy_teleop/lib/python3.8/site-packages:/home/coche/coche_ws/install/teleop_tools_msgs/lib/python3.8/site-packages:/home/coche/coche_ws/install/mouse_teleop/lib/python3.8/site-packages:/home/coche/coche_ws/install/key_teleop/lib/python3.8/site-packages:/opt/ros/foxy/lib/python3.8/site-packages'), ('LC_NUMERIC', 'C.UTF-8'), ('LC_PAPER', 'C.UTF-8'), ('COLCON', '1'), ('CMAKE_PREFIX_PATH', '/home/coche/coche_ws/install/vesc:/home/coche/coche_ws/install/vesc_driver:/home/coche/coche_ws/install/vesc_ackermann:/home/coche/coche_ws/install/vesc_msgs:/home/coche/coche_ws/install/teleop_tools:/home/coche/coche_ws/install/teleop_tools_msgs:/home/coche/coche_ws/install/ackermann_mux:/home/coche/coche_ws/install/f1tenth_stack:/home/coche/coche_ws/install/joy_teleop:/home/coche/coche_ws/install/mouse_teleop:/home/coche/coche_ws/install/key_teleop:/opt/ros/foxy')]), 'shell': False}
[0.213142] (-) TimerEvent: {}
[0.216167] (ackermann_mux) JobProgress: {'identifier': 'ackermann_mux', 'progress': 'cmake'}
[0.219708] (ackermann_mux) JobProgress: {'identifier': 'ackermann_mux', 'progress': 'build'}
[0.220908] (ackermann_mux) Command: {'cmd': ['/usr/bin/cmake', '--build', '/home/coche/coche_ws/build/ackermann_mux', '--', '-j4', '-l4'], 'cwd': '/home/coche/coche_ws/build/ackermann_mux', 'env': OrderedDict([('LESSOPEN', '| /usr/bin/lesspipe %s'), ('USER', 'coche'), ('SSH_CLIENT', '192.168.119.214 33380 22'), ('LC_TIME', 'C.UTF-8'), ('XDG_SESSION_TYPE', 'tty'), ('SHLVL', '1'), ('LD_LIBRARY_PATH', '/home/coche/coche_ws/install/vesc_driver/lib:/home/coche/coche_ws/install/vesc_ackermann/lib:/home/coche/coche_ws/install/vesc_msgs/lib:/home/coche/coche_ws/install/teleop_tools_msgs/lib:/opt/ros/foxy/opt/yaml_cpp_vendor/lib:/opt/ros/foxy/opt/rviz_ogre_vendor/lib:/opt/ros/foxy/lib/aarch64-linux-gnu:/opt/ros/foxy/lib'), ('MOTD_SHOWN', 'pam'), ('HOME', '/home/coche'), ('OLDPWD', '/home/coche'), ('SSH_TTY', '/dev/pts/0'), ('ROS_PYTHON_VERSION', '3'), ('LC_MONETARY', 'C.UTF-8'), ('DBUS_SESSION_BUS_ADDRESS', 'unix:path=/run/user/1000/bus'), ('COLCON_PREFIX_PATH', '/home/coche/coche_ws/install'), ('ROS_DISTRO', 'foxy'), ('LOGNAME', 'coche'), ('_', '/usr/bin/colcon'), ('ROS_VERSION', '2'), ('XDG_SESSION_CLASS', 'user'), ('TERM', 'xterm-256color'), ('XDG_SESSION_ID', '2'), ('ROS_LOCALHOST_ONLY', '0'), ('PATH', '/opt/ros/foxy/bin:/usr/local/sbin:/usr/local/bin:/usr/sbin:/usr/bin:/sbin:/bin:/usr/games:/usr/local/games:/snap/bin'), ('LC_ADDRESS', 'C.UTF-8'), ('XDG_RUNTIME_DIR', '/run/user/1000'), ('DISPLAY', 'localhost:10.0'), ('LANG', 'C.UTF-8'), ('LC_TELEPHONE', 'C.UTF-8'), ('LS_COLORS', 'rs=0:di=01;34:ln=01;36:mh=00:pi=40;33:so=01;35:do=01;35:bd=40;33;01:cd=40;33;01:or=40;31;01:mi=00:su=37;41:sg=30;43:ca=30;41:tw=30;42:ow=34;42:st=37;44:ex=01;32:*.tar=01;31:*.tgz=01;31:*.arc=01;31:*.arj=01;31:*.taz=01;31:*.lha=01;31:*.lz4=01;31:*.lzh=01;31:*.lzma=01;31:*.tlz=01;31:*.txz=01;31:*.tzo=01;31:*.t7z=01;31:*.zip=01;31:*.z=01;31:*.dz=01;31:*.gz=01;31:*.lrz=01;31:*.lz=01;31:*.lzo=01;31:*.xz=01;31:*.zst=01;31:*.tzst=01;31:*.bz2=01;31:*.bz=01;31:*.tbz=01;31:*.tbz2=01;31:*.tz=01;31:*.deb=01;31:*.rpm=01;31:*.jar=01;31:*.war=01;31:*.ear=01;31:*.sar=01;31:*.rar=01;31:*.alz=01;31:*.ace=01;31:*.zoo=01;31:*.cpio=01;31:*.7z=01;31:*.rz=01;31:*.cab=01;31:*.wim=01;31:*.swm=01;31:*.dwm=01;31:*.esd=01;31:*.jpg=01;35:*.jpeg=01;35:*.mjpg=01;35:*.mjpeg=01;35:*.gif=01;35:*.bmp=01;35:*.pbm=01;35:*.pgm=01;35:*.ppm=01;35:*.tga=01;35:*.xbm=01;35:*.xpm=01;35:*.tif=01;35:*.tiff=01;35:*.png=01;35:*.svg=01;35:*.svgz=01;35:*.mng=01;35:*.pcx=01;35:*.mov=01;35:*.mpg=01;35:*.mpeg=01;35:*.m2v=01;35:*.mkv=01;35:*.webm=01;35:*.ogm=01;35:*.mp4=01;35:*.m4v=01;35:*.mp4v=01;35:*.vob=01;35:*.qt=01;35:*.nuv=01;35:*.wmv=01;35:*.asf=01;35:*.rm=01;35:*.rmvb=01;35:*.flc=01;35:*.avi=01;35:*.fli=01;35:*.flv=01;35:*.gl=01;35:*.dl=01;35:*.xcf=01;35:*.xwd=01;35:*.yuv=01;35:*.cgm=01;35:*.emf=01;35:*.ogv=01;35:*.ogx=01;35:*.aac=00;36:*.au=00;36:*.flac=00;36:*.m4a=00;36:*.mid=00;36:*.midi=00;36:*.mka=00;36:*.mp3=00;36:*.mpc=00;36:*.ogg=00;36:*.ra=00;36:*.wav=00;36:*.oga=00;36:*.opus=00;36:*.spx=00;36:*.xspf=00;36:'), ('AMENT_PREFIX_PATH', '/home/coche/coche_ws/install/f1tenth_stack:/home/coche/coche_ws/install/vesc:/home/coche/coche_ws/install/vesc_driver:/home/coche/coche_ws/install/vesc_ackermann:/home/coche/coche_ws/install/vesc_msgs:/home/coche/coche_ws/install/teleop_tools:/home/coche/coche_ws/install/joy_teleop:/home/coche/coche_ws/install/teleop_tools_msgs:/home/coche/coche_ws/install/mouse_teleop:/home/coche/coche_ws/install/key_teleop:/home/coche/coche_ws/install/ackermann_mux:/opt/ros/foxy'), ('SHELL', '/bin/bash'), ('LC_NAME', 'C.UTF-8'), ('LESSCLOSE', '/usr/bin/lesspipe %s %s'), ('LC_MEASUREMENT', 'C.UTF-8'), ('LC_IDENTIFICATION', 'C.UTF-8'), ('PWD', '/home/coche/coche_ws/build/ackermann_mux'), ('SSH_CONNECTION', '192.168.119.214 33380 192.168.119.61 22'), ('XDG_DATA_DIRS', '/home/coche/.local/share/flatpak/exports/share:/var/lib/flatpak/exports/share:/usr/local/share:/usr/share:/var/lib/snapd/desktop'), ('PYTHONPATH', '/home/coche/coche_ws/install/f1tenth_stack/lib/python3.8/site-packages:/home/coche/coche_ws/install/vesc_msgs/lib/python3.8/site-packages:/home/coche/coche_ws/install/joy_teleop/lib/python3.8/site-packages:/home/coche/coche_ws/install/teleop_tools_msgs/lib/python3.8/site-packages:/home/coche/coche_ws/install/mouse_teleop/lib/python3.8/site-packages:/home/coche/coche_ws/install/key_teleop/lib/python3.8/site-packages:/opt/ros/foxy/lib/python3.8/site-packages'), ('LC_NUMERIC', 'C.UTF-8'), ('LC_PAPER', 'C.UTF-8'), ('COLCON', '1'), ('CMAKE_PREFIX_PATH', '/home/coche/coche_ws/install/vesc:/home/coche/coche_ws/install/vesc_driver:/home/coche/coche_ws/install/vesc_ackermann:/home/coche/coche_ws/install/vesc_msgs:/home/coche/coche_ws/install/teleop_tools:/home/coche/coche_ws/install/teleop_tools_msgs:/home/coche/coche_ws/install/ackermann_mux:/home/coche/coche_ws/install/f1tenth_stack:/home/coche/coche_ws/install/joy_teleop:/home/coche/coche_ws/install/mouse_teleop:/home/coche/coche_ws/install/key_teleop:/opt/ros/foxy')]), 'shell': False}
[0.313940] (-) TimerEvent: {}
[0.416123] (-) TimerEvent: {}
[0.517085] (-) TimerEvent: {}
[0.618017] (-) TimerEvent: {}
[0.719053] (-) TimerEvent: {}
[0.820042] (-) TimerEvent: {}
[0.922448] (-) TimerEvent: {}
[1.023560] (-) TimerEvent: {}
[1.124444] (-) TimerEvent: {}
[1.225396] (-) TimerEvent: {}
[1.326352] (-) TimerEvent: {}
[1.427296] (-) TimerEvent: {}
[1.528226] (-) TimerEvent: {}
[1.630985] (-) TimerEvent: {}
[1.713662] (vesc_msgs) StdoutLine: {'line': b'[  1%] Built target vesc_msgs__cpp\n'}
[1.715743] (vesc_msgs) StdoutLine: {'line': b'[ 12%] Built target vesc_msgs__rosidl_generator_c\n'}
[1.716236] (vesc_msgs) StdoutLine: {'line': b'[ 23%] Built target vesc_msgs__rosidl_typesupport_cpp\n'}
[1.716634] (vesc_msgs) StdoutLine: {'line': b'[ 34%] Built target vesc_msgs__rosidl_typesupport_fastrtps_cpp\n'}
[1.716983] (vesc_msgs) StdoutLine: {'line': b'[ 45%] Built target vesc_msgs__rosidl_typesupport_introspection_cpp\n'}
[1.717337] (vesc_msgs) StdoutLine: {'line': b'[ 56%] Built target vesc_msgs__rosidl_typesupport_introspection_c\n'}
[1.717703] (vesc_msgs) StdoutLine: {'line': b'[ 67%] Built target vesc_msgs__rosidl_typesupport_c\n'}
[1.718037] (vesc_msgs) StdoutLine: {'line': b'[ 78%] Built target vesc_msgs__rosidl_typesupport_fastrtps_c\n'}
[1.718400] (vesc_msgs) StdoutLine: {'line': b'[ 78%] Built target vesc_msgs\n'}
[1.718861] (vesc_msgs) StdoutLine: {'line': b'[ 80%] Built target vesc_msgs__py\n'}
[1.719177] (vesc_msgs) StdoutLine: {'line': b'[ 89%] Built target vesc_msgs__python\n'}
[1.719495] (vesc_msgs) StdoutLine: {'line': b'[ 92%] Built target vesc_msgs__rosidl_typesupport_fastrtps_c__pyext\n'}
[1.719781] (vesc_msgs) StdoutLine: {'line': b'[ 96%] Built target vesc_msgs__rosidl_typesupport_c__pyext\n'}
[1.720076] (vesc_msgs) StdoutLine: {'line': b'[100%] Built target vesc_msgs__rosidl_typesupport_introspection_c__pyext\n'}
[1.723283] (teleop_tools_msgs) StdoutLine: {'line': b'[  3%] Built target teleop_tools_msgs__cpp\n'}
[1.724000] (teleop_tools_msgs) StdoutLine: {'line': b'[ 12%] Built target teleop_tools_msgs__rosidl_generator_c\n'}
[1.724335] (teleop_tools_msgs) StdoutLine: {'line': b'[ 22%] Built target teleop_tools_msgs__rosidl_typesupport_introspection_cpp\n'}
[1.724664] (teleop_tools_msgs) StdoutLine: {'line': b'[ 32%] Built target teleop_tools_msgs__rosidl_typesupport_cpp\n'}
[1.724994] (teleop_tools_msgs) StdoutLine: {'line': b'[ 41%] Built target teleop_tools_msgs__rosidl_typesupport_fastrtps_cpp\n'}
[1.725289] (teleop_tools_msgs) StdoutLine: {'line': b'[ 51%] Built target teleop_tools_msgs__rosidl_typesupport_introspection_c\n'}
[1.725633] (teleop_tools_msgs) StdoutLine: {'line': b'[ 61%] Built target teleop_tools_msgs__rosidl_typesupport_c\n'}
[1.725929] (teleop_tools_msgs) StdoutLine: {'line': b'[ 70%] Built target teleop_tools_msgs__rosidl_typesupport_fastrtps_c\n'}
[1.726244] (teleop_tools_msgs) StdoutLine: {'line': b'[ 70%] Built target teleop_tools_msgs\n'}
[1.727165] (teleop_tools_msgs) StdoutLine: {'line': b'[ 74%] Built target teleop_tools_msgs__py\n'}
[1.727519] (teleop_tools_msgs) StdoutLine: {'line': b'[ 80%] Built target teleop_tools_msgs__python\n'}
[1.727882] (teleop_tools_msgs) StdoutLine: {'line': b'[ 87%] Built target teleop_tools_msgs__rosidl_typesupport_fastrtps_c__pyext\n'}
[1.729140] (teleop_tools_msgs) StdoutLine: {'line': b'[100%] Built target teleop_tools_msgs__rosidl_typesupport_introspection_c__pyext\n'}
[1.729942] (teleop_tools_msgs) StdoutLine: {'line': b'[100%] Built target teleop_tools_msgs__rosidl_typesupport_c__pyext\n'}
[1.732082] (ackermann_mux) StdoutLine: {'line': b'[100%] Built target ackermann_mux\n'}
[1.733418] (-) TimerEvent: {}
[1.745116] (ackermann_mux) CommandEnded: {'returncode': 0}
[1.795405] (vesc_msgs) CommandEnded: {'returncode': 0}
[1.815244] (teleop_tools_msgs) CommandEnded: {'returncode': 0}
[1.833978] (-) TimerEvent: {}
[1.937843] (-) TimerEvent: {}
[1.945809] (ackermann_mux) JobProgress: {'identifier': 'ackermann_mux', 'progress': 'install'}
[2.009518] (ackermann_mux) Command: {'cmd': ['/usr/bin/cmake', '--install', '/home/coche/coche_ws/build/ackermann_mux'], 'cwd': '/home/coche/coche_ws/build/ackermann_mux', 'env': OrderedDict([('LESSOPEN', '| /usr/bin/lesspipe %s'), ('USER', 'coche'), ('SSH_CLIENT', '192.168.119.214 33380 22'), ('LC_TIME', 'C.UTF-8'), ('XDG_SESSION_TYPE', 'tty'), ('SHLVL', '1'), ('LD_LIBRARY_PATH', '/home/coche/coche_ws/install/vesc_driver/lib:/home/coche/coche_ws/install/vesc_ackermann/lib:/home/coche/coche_ws/install/vesc_msgs/lib:/home/coche/coche_ws/install/teleop_tools_msgs/lib:/opt/ros/foxy/opt/yaml_cpp_vendor/lib:/opt/ros/foxy/opt/rviz_ogre_vendor/lib:/opt/ros/foxy/lib/aarch64-linux-gnu:/opt/ros/foxy/lib'), ('MOTD_SHOWN', 'pam'), ('HOME', '/home/coche'), ('OLDPWD', '/home/coche'), ('SSH_TTY', '/dev/pts/0'), ('ROS_PYTHON_VERSION', '3'), ('LC_MONETARY', 'C.UTF-8'), ('DBUS_SESSION_BUS_ADDRESS', 'unix:path=/run/user/1000/bus'), ('COLCON_PREFIX_PATH', '/home/coche/coche_ws/install'), ('ROS_DISTRO', 'foxy'), ('LOGNAME', 'coche'), ('_', '/usr/bin/colcon'), ('ROS_VERSION', '2'), ('XDG_SESSION_CLASS', 'user'), ('TERM', 'xterm-256color'), ('XDG_SESSION_ID', '2'), ('ROS_LOCALHOST_ONLY', '0'), ('PATH', '/opt/ros/foxy/bin:/usr/local/sbin:/usr/local/bin:/usr/sbin:/usr/bin:/sbin:/bin:/usr/games:/usr/local/games:/snap/bin'), ('LC_ADDRESS', 'C.UTF-8'), ('XDG_RUNTIME_DIR', '/run/user/1000'), ('DISPLAY', 'localhost:10.0'), ('LANG', 'C.UTF-8'), ('LC_TELEPHONE', 'C.UTF-8'), ('LS_COLORS', 'rs=0:di=01;34:ln=01;36:mh=00:pi=40;33:so=01;35:do=01;35:bd=40;33;01:cd=40;33;01:or=40;31;01:mi=00:su=37;41:sg=30;43:ca=30;41:tw=30;42:ow=34;42:st=37;44:ex=01;32:*.tar=01;31:*.tgz=01;31:*.arc=01;31:*.arj=01;31:*.taz=01;31:*.lha=01;31:*.lz4=01;31:*.lzh=01;31:*.lzma=01;31:*.tlz=01;31:*.txz=01;31:*.tzo=01;31:*.t7z=01;31:*.zip=01;31:*.z=01;31:*.dz=01;31:*.gz=01;31:*.lrz=01;31:*.lz=01;31:*.lzo=01;31:*.xz=01;31:*.zst=01;31:*.tzst=01;31:*.bz2=01;31:*.bz=01;31:*.tbz=01;31:*.tbz2=01;31:*.tz=01;31:*.deb=01;31:*.rpm=01;31:*.jar=01;31:*.war=01;31:*.ear=01;31:*.sar=01;31:*.rar=01;31:*.alz=01;31:*.ace=01;31:*.zoo=01;31:*.cpio=01;31:*.7z=01;31:*.rz=01;31:*.cab=01;31:*.wim=01;31:*.swm=01;31:*.dwm=01;31:*.esd=01;31:*.jpg=01;35:*.jpeg=01;35:*.mjpg=01;35:*.mjpeg=01;35:*.gif=01;35:*.bmp=01;35:*.pbm=01;35:*.pgm=01;35:*.ppm=01;35:*.tga=01;35:*.xbm=01;35:*.xpm=01;35:*.tif=01;35:*.tiff=01;35:*.png=01;35:*.svg=01;35:*.svgz=01;35:*.mng=01;35:*.pcx=01;35:*.mov=01;35:*.mpg=01;35:*.mpeg=01;35:*.m2v=01;35:*.mkv=01;35:*.webm=01;35:*.ogm=01;35:*.mp4=01;35:*.m4v=01;35:*.mp4v=01;35:*.vob=01;35:*.qt=01;35:*.nuv=01;35:*.wmv=01;35:*.asf=01;35:*.rm=01;35:*.rmvb=01;35:*.flc=01;35:*.avi=01;35:*.fli=01;35:*.flv=01;35:*.gl=01;35:*.dl=01;35:*.xcf=01;35:*.xwd=01;35:*.yuv=01;35:*.cgm=01;35:*.emf=01;35:*.ogv=01;35:*.ogx=01;35:*.aac=00;36:*.au=00;36:*.flac=00;36:*.m4a=00;36:*.mid=00;36:*.midi=00;36:*.mka=00;36:*.mp3=00;36:*.mpc=00;36:*.ogg=00;36:*.ra=00;36:*.wav=00;36:*.oga=00;36:*.opus=00;36:*.spx=00;36:*.xspf=00;36:'), ('AMENT_PREFIX_PATH', '/home/coche/coche_ws/install/f1tenth_stack:/home/coche/coche_ws/install/vesc:/home/coche/coche_ws/install/vesc_driver:/home/coche/coche_ws/install/vesc_ackermann:/home/coche/coche_ws/install/vesc_msgs:/home/coche/coche_ws/install/teleop_tools:/home/coche/coche_ws/install/joy_teleop:/home/coche/coche_ws/install/teleop_tools_msgs:/home/coche/coche_ws/install/mouse_teleop:/home/coche/coche_ws/install/key_teleop:/home/coche/coche_ws/install/ackermann_mux:/opt/ros/foxy'), ('SHELL', '/bin/bash'), ('LC_NAME', 'C.UTF-8'), ('LESSCLOSE', '/usr/bin/lesspipe %s %s'), ('LC_MEASUREMENT', 'C.UTF-8'), ('LC_IDENTIFICATION', 'C.UTF-8'), ('PWD', '/home/coche/coche_ws/build/ackermann_mux'), ('SSH_CONNECTION', '192.168.119.214 33380 192.168.119.61 22'), ('XDG_DATA_DIRS', '/home/coche/.local/share/flatpak/exports/share:/var/lib/flatpak/exports/share:/usr/local/share:/usr/share:/var/lib/snapd/desktop'), ('PYTHONPATH', '/home/coche/coche_ws/install/f1tenth_stack/lib/python3.8/site-packages:/home/coche/coche_ws/install/vesc_msgs/lib/python3.8/site-packages:/home/coche/coche_ws/install/joy_teleop/lib/python3.8/site-packages:/home/coche/coche_ws/install/teleop_tools_msgs/lib/python3.8/site-packages:/home/coche/coche_ws/install/mouse_teleop/lib/python3.8/site-packages:/home/coche/coche_ws/install/key_teleop/lib/python3.8/site-packages:/opt/ros/foxy/lib/python3.8/site-packages'), ('LC_NUMERIC', 'C.UTF-8'), ('LC_PAPER', 'C.UTF-8'), ('COLCON', '1'), ('CMAKE_PREFIX_PATH', '/home/coche/coche_ws/install/vesc:/home/coche/coche_ws/install/vesc_driver:/home/coche/coche_ws/install/vesc_ackermann:/home/coche/coche_ws/install/vesc_msgs:/home/coche/coche_ws/install/teleop_tools:/home/coche/coche_ws/install/teleop_tools_msgs:/home/coche/coche_ws/install/ackermann_mux:/home/coche/coche_ws/install/f1tenth_stack:/home/coche/coche_ws/install/joy_teleop:/home/coche/coche_ws/install/mouse_teleop:/home/coche/coche_ws/install/key_teleop:/opt/ros/foxy')]), 'shell': False}
[2.038070] (-) TimerEvent: {}
[2.065502] (ackermann_mux) StdoutLine: {'line': b'-- Install configuration: ""\n'}
[2.067114] (ackermann_mux) StdoutLine: {'line': b'-- Up-to-date: /home/coche/coche_ws/install/ackermann_mux/lib/ackermann_mux/ackermann_mux\n'}
[2.068819] (ackermann_mux) StdoutLine: {'line': b'-- Up-to-date: /home/coche/coche_ws/install/ackermann_mux/share/ackermann_mux/launch\n'}
[2.069386] (ackermann_mux) StdoutLine: {'line': b'-- Up-to-date: /home/coche/coche_ws/install/ackermann_mux/share/ackermann_mux/launch/ackermann_mux_launch.py\n'}
[2.070413] (ackermann_mux) StdoutLine: {'line': b'-- Up-to-date: /home/coche/coche_ws/install/ackermann_mux/share/ackermann_mux/config\n'}
[2.070893] (ackermann_mux) StdoutLine: {'line': b'-- Up-to-date: /home/coche/coche_ws/install/ackermann_mux/share/ackermann_mux/config/ackermann_mux_topics.yaml\n'}
[2.072344] (ackermann_mux) StdoutLine: {'line': b'-- Up-to-date: /home/coche/coche_ws/install/ackermann_mux/share/ackermann_mux/config/joystick.yaml\n'}
[2.072681] (ackermann_mux) StdoutLine: {'line': b'-- Up-to-date: /home/coche/coche_ws/install/ackermann_mux/share/ackermann_mux/config/ackermann_mux_locks.yaml\n'}
[2.073029] (ackermann_mux) StdoutLine: {'line': b'-- Up-to-date: /home/coche/coche_ws/install/ackermann_mux/include\n'}
[2.073710] (ackermann_mux) StdoutLine: {'line': b'-- Up-to-date: /home/coche/coche_ws/install/ackermann_mux/include/ackermann_mux\n'}
[2.075156] (ackermann_mux) StdoutLine: {'line': b'-- Up-to-date: /home/coche/coche_ws/install/ackermann_mux/include/ackermann_mux/ackermann_mux_diagnostics_status.hpp\n'}
[2.076334] (ackermann_mux) StdoutLine: {'line': b'-- Up-to-date: /home/coche/coche_ws/install/ackermann_mux/include/ackermann_mux/ackermann_mux.hpp\n'}
[2.077322] (ackermann_mux) StdoutLine: {'line': b'-- Up-to-date: /home/coche/coche_ws/install/ackermann_mux/include/ackermann_mux/topic_handle.hpp\n'}
[2.078171] (ackermann_mux) StdoutLine: {'line': b'-- Up-to-date: /home/coche/coche_ws/install/ackermann_mux/include/ackermann_mux/params_helpers.hpp\n'}
[2.079017] (ackermann_mux) StdoutLine: {'line': b'-- Up-to-date: /home/coche/coche_ws/install/ackermann_mux/include/ackermann_mux/ackermann_mux_diagnostics.hpp\n'}
[2.079496] (ackermann_mux) StdoutLine: {'line': b'-- Up-to-date: /home/coche/coche_ws/install/ackermann_mux/include/ackermann_mux/utils.hpp\n'}
[2.079860] (ackermann_mux) StdoutLine: {'line': b'-- Up-to-date: /home/coche/coche_ws/install/ackermann_mux/share/ament_index/resource_index/package_run_dependencies/ackermann_mux\n'}
[2.080506] (ackermann_mux) StdoutLine: {'line': b'-- Up-to-date: /home/coche/coche_ws/install/ackermann_mux/share/ament_index/resource_index/parent_prefix_path/ackermann_mux\n'}
[2.082193] (ackermann_mux) StdoutLine: {'line': b'-- Up-to-date: /home/coche/coche_ws/install/ackermann_mux/share/ackermann_mux/environment/ament_prefix_path.sh\n'}
[2.083296] (ackermann_mux) StdoutLine: {'line': b'-- Up-to-date: /home/coche/coche_ws/install/ackermann_mux/share/ackermann_mux/environment/ament_prefix_path.dsv\n'}
[2.083662] (ackermann_mux) StdoutLine: {'line': b'-- Up-to-date: /home/coche/coche_ws/install/ackermann_mux/share/ackermann_mux/environment/path.sh\n'}
[2.083967] (ackermann_mux) StdoutLine: {'line': b'-- Up-to-date: /home/coche/coche_ws/install/ackermann_mux/share/ackermann_mux/environment/path.dsv\n'}
[2.084287] (ackermann_mux) StdoutLine: {'line': b'-- Up-to-date: /home/coche/coche_ws/install/ackermann_mux/share/ackermann_mux/local_setup.bash\n'}
[2.084573] (ackermann_mux) StdoutLine: {'line': b'-- Up-to-date: /home/coche/coche_ws/install/ackermann_mux/share/ackermann_mux/local_setup.sh\n'}
[2.084877] (ackermann_mux) StdoutLine: {'line': b'-- Up-to-date: /home/coche/coche_ws/install/ackermann_mux/share/ackermann_mux/local_setup.zsh\n'}
[2.103604] (ackermann_mux) StdoutLine: {'line': b'-- Up-to-date: /home/coche/coche_ws/install/ackermann_mux/share/ackermann_mux/local_setup.dsv\n'}
[2.103996] (ackermann_mux) StdoutLine: {'line': b'-- Installing: /home/coche/coche_ws/install/ackermann_mux/share/ackermann_mux/package.dsv\n'}
[2.104323] (ackermann_mux) StdoutLine: {'line': b'-- Up-to-date: /home/coche/coche_ws/install/ackermann_mux/share/ament_index/resource_index/packages/ackermann_mux\n'}
[2.104661] (ackermann_mux) StdoutLine: {'line': b'-- Up-to-date: /home/coche/coche_ws/install/ackermann_mux/share/ackermann_mux/cmake/ament_cmake_export_include_directories-extras.cmake\n'}
[2.104962] (ackermann_mux) StdoutLine: {'line': b'-- Up-to-date: /home/coche/coche_ws/install/ackermann_mux/share/ackermann_mux/cmake/ament_cmake_export_dependencies-extras.cmake\n'}
[2.105277] (ackermann_mux) StdoutLine: {'line': b'-- Up-to-date: /home/coche/coche_ws/install/ackermann_mux/share/ackermann_mux/cmake/ackermann_muxConfig.cmake\n'}
[2.105549] (ackermann_mux) StdoutLine: {'line': b'-- Up-to-date: /home/coche/coche_ws/install/ackermann_mux/share/ackermann_mux/cmake/ackermann_muxConfig-version.cmake\n'}
[2.105825] (ackermann_mux) StdoutLine: {'line': b'-- Up-to-date: /home/coche/coche_ws/install/ackermann_mux/share/ackermann_mux/package.xml\n'}
[2.106102] (ackermann_mux) CommandEnded: {'returncode': 0}
[2.138364] (-) TimerEvent: {}
[2.185723] (teleop_tools_msgs) JobProgress: {'identifier': 'teleop_tools_msgs', 'progress': 'install'}
[2.189360] (teleop_tools_msgs) Command: {'cmd': ['/usr/bin/cmake', '--install', '/home/coche/coche_ws/build/teleop_tools_msgs'], 'cwd': '/home/coche/coche_ws/build/teleop_tools_msgs', 'env': OrderedDict([('LESSOPEN', '| /usr/bin/lesspipe %s'), ('USER', 'coche'), ('SSH_CLIENT', '192.168.119.214 33380 22'), ('LC_TIME', 'C.UTF-8'), ('XDG_SESSION_TYPE', 'tty'), ('SHLVL', '1'), ('LD_LIBRARY_PATH', '/home/coche/coche_ws/install/vesc_driver/lib:/home/coche/coche_ws/install/vesc_ackermann/lib:/home/coche/coche_ws/install/vesc_msgs/lib:/home/coche/coche_ws/install/teleop_tools_msgs/lib:/opt/ros/foxy/opt/yaml_cpp_vendor/lib:/opt/ros/foxy/opt/rviz_ogre_vendor/lib:/opt/ros/foxy/lib/aarch64-linux-gnu:/opt/ros/foxy/lib'), ('MOTD_SHOWN', 'pam'), ('HOME', '/home/coche'), ('OLDPWD', '/home/coche'), ('SSH_TTY', '/dev/pts/0'), ('ROS_PYTHON_VERSION', '3'), ('LC_MONETARY', 'C.UTF-8'), ('DBUS_SESSION_BUS_ADDRESS', 'unix:path=/run/user/1000/bus'), ('COLCON_PREFIX_PATH', '/home/coche/coche_ws/install'), ('ROS_DISTRO', 'foxy'), ('LOGNAME', 'coche'), ('_', '/usr/bin/colcon'), ('ROS_VERSION', '2'), ('XDG_SESSION_CLASS', 'user'), ('TERM', 'xterm-256color'), ('XDG_SESSION_ID', '2'), ('ROS_LOCALHOST_ONLY', '0'), ('PATH', '/opt/ros/foxy/bin:/usr/local/sbin:/usr/local/bin:/usr/sbin:/usr/bin:/sbin:/bin:/usr/games:/usr/local/games:/snap/bin'), ('LC_ADDRESS', 'C.UTF-8'), ('XDG_RUNTIME_DIR', '/run/user/1000'), ('DISPLAY', 'localhost:10.0'), ('LANG', 'C.UTF-8'), ('LC_TELEPHONE', 'C.UTF-8'), ('LS_COLORS', 'rs=0:di=01;34:ln=01;36:mh=00:pi=40;33:so=01;35:do=01;35:bd=40;33;01:cd=40;33;01:or=40;31;01:mi=00:su=37;41:sg=30;43:ca=30;41:tw=30;42:ow=34;42:st=37;44:ex=01;32:*.tar=01;31:*.tgz=01;31:*.arc=01;31:*.arj=01;31:*.taz=01;31:*.lha=01;31:*.lz4=01;31:*.lzh=01;31:*.lzma=01;31:*.tlz=01;31:*.txz=01;31:*.tzo=01;31:*.t7z=01;31:*.zip=01;31:*.z=01;31:*.dz=01;31:*.gz=01;31:*.lrz=01;31:*.lz=01;31:*.lzo=01;31:*.xz=01;31:*.zst=01;31:*.tzst=01;31:*.bz2=01;31:*.bz=01;31:*.tbz=01;31:*.tbz2=01;31:*.tz=01;31:*.deb=01;31:*.rpm=01;31:*.jar=01;31:*.war=01;31:*.ear=01;31:*.sar=01;31:*.rar=01;31:*.alz=01;31:*.ace=01;31:*.zoo=01;31:*.cpio=01;31:*.7z=01;31:*.rz=01;31:*.cab=01;31:*.wim=01;31:*.swm=01;31:*.dwm=01;31:*.esd=01;31:*.jpg=01;35:*.jpeg=01;35:*.mjpg=01;35:*.mjpeg=01;35:*.gif=01;35:*.bmp=01;35:*.pbm=01;35:*.pgm=01;35:*.ppm=01;35:*.tga=01;35:*.xbm=01;35:*.xpm=01;35:*.tif=01;35:*.tiff=01;35:*.png=01;35:*.svg=01;35:*.svgz=01;35:*.mng=01;35:*.pcx=01;35:*.mov=01;35:*.mpg=01;35:*.mpeg=01;35:*.m2v=01;35:*.mkv=01;35:*.webm=01;35:*.ogm=01;35:*.mp4=01;35:*.m4v=01;35:*.mp4v=01;35:*.vob=01;35:*.qt=01;35:*.nuv=01;35:*.wmv=01;35:*.asf=01;35:*.rm=01;35:*.rmvb=01;35:*.flc=01;35:*.avi=01;35:*.fli=01;35:*.flv=01;35:*.gl=01;35:*.dl=01;35:*.xcf=01;35:*.xwd=01;35:*.yuv=01;35:*.cgm=01;35:*.emf=01;35:*.ogv=01;35:*.ogx=01;35:*.aac=00;36:*.au=00;36:*.flac=00;36:*.m4a=00;36:*.mid=00;36:*.midi=00;36:*.mka=00;36:*.mp3=00;36:*.mpc=00;36:*.ogg=00;36:*.ra=00;36:*.wav=00;36:*.oga=00;36:*.opus=00;36:*.spx=00;36:*.xspf=00;36:'), ('AMENT_PREFIX_PATH', '/home/coche/coche_ws/install/f1tenth_stack:/home/coche/coche_ws/install/vesc:/home/coche/coche_ws/install/vesc_driver:/home/coche/coche_ws/install/vesc_ackermann:/home/coche/coche_ws/install/vesc_msgs:/home/coche/coche_ws/install/teleop_tools:/home/coche/coche_ws/install/joy_teleop:/home/coche/coche_ws/install/teleop_tools_msgs:/home/coche/coche_ws/install/mouse_teleop:/home/coche/coche_ws/install/key_teleop:/home/coche/coche_ws/install/ackermann_mux:/opt/ros/foxy'), ('SHELL', '/bin/bash'), ('LC_NAME', 'C.UTF-8'), ('LESSCLOSE', '/usr/bin/lesspipe %s %s'), ('LC_MEASUREMENT', 'C.UTF-8'), ('LC_IDENTIFICATION', 'C.UTF-8'), ('PWD', '/home/coche/coche_ws/build/teleop_tools_msgs'), ('SSH_CONNECTION', '192.168.119.214 33380 192.168.119.61 22'), ('XDG_DATA_DIRS', '/home/coche/.local/share/flatpak/exports/share:/var/lib/flatpak/exports/share:/usr/local/share:/usr/share:/var/lib/snapd/desktop'), ('PYTHONPATH', '/home/coche/coche_ws/install/f1tenth_stack/lib/python3.8/site-packages:/home/coche/coche_ws/install/vesc_msgs/lib/python3.8/site-packages:/home/coche/coche_ws/install/joy_teleop/lib/python3.8/site-packages:/home/coche/coche_ws/install/teleop_tools_msgs/lib/python3.8/site-packages:/home/coche/coche_ws/install/mouse_teleop/lib/python3.8/site-packages:/home/coche/coche_ws/install/key_teleop/lib/python3.8/site-packages:/opt/ros/foxy/lib/python3.8/site-packages'), ('LC_NUMERIC', 'C.UTF-8'), ('LC_PAPER', 'C.UTF-8'), ('COLCON', '1'), ('CMAKE_PREFIX_PATH', '/home/coche/coche_ws/install/vesc:/home/coche/coche_ws/install/vesc_driver:/home/coche/coche_ws/install/vesc_ackermann:/home/coche/coche_ws/install/vesc_msgs:/home/coche/coche_ws/install/teleop_tools:/home/coche/coche_ws/install/teleop_tools_msgs:/home/coche/coche_ws/install/ackermann_mux:/home/coche/coche_ws/install/f1tenth_stack:/home/coche/coche_ws/install/joy_teleop:/home/coche/coche_ws/install/mouse_teleop:/home/coche/coche_ws/install/key_teleop:/opt/ros/foxy')]), 'shell': False}
[2.238858] (-) TimerEvent: {}
[2.251846] (teleop_tools_msgs) StdoutLine: {'line': b'-- Install configuration: ""\n'}
[2.254487] (teleop_tools_msgs) StdoutLine: {'line': b'-- Up-to-date: /home/coche/coche_ws/install/teleop_tools_msgs/share/ament_index/resource_index/rosidl_interfaces/teleop_tools_msgs\n'}
[2.255085] (teleop_tools_msgs) StdoutLine: {'line': b'-- Up-to-date: /home/coche/coche_ws/install/teleop_tools_msgs/include/teleop_tools_msgs\n'}
[2.255411] (teleop_tools_msgs) StdoutLine: {'line': b'-- Up-to-date: /home/coche/coche_ws/install/teleop_tools_msgs/include/teleop_tools_msgs/action\n'}
[2.255698] (teleop_tools_msgs) StdoutLine: {'line': b'-- Up-to-date: /home/coche/coche_ws/install/teleop_tools_msgs/include/teleop_tools_msgs/action/detail\n'}
[2.256002] (teleop_tools_msgs) StdoutLine: {'line': b'-- Up-to-date: /home/coche/coche_ws/install/teleop_tools_msgs/include/teleop_tools_msgs/action/detail/increment__type_support.h\n'}
[2.257424] (teleop_tools_msgs) StdoutLine: {'line': b'-- Up-to-date: /home/coche/coche_ws/install/teleop_tools_msgs/include/teleop_tools_msgs/action/detail/increment__functions.c\n'}
[2.257843] (teleop_tools_msgs) StdoutLine: {'line': b'-- Up-to-date: /home/coche/coche_ws/install/teleop_tools_msgs/include/teleop_tools_msgs/action/detail/increment__functions.h\n'}
[2.258188] (teleop_tools_msgs) StdoutLine: {'line': b'-- Up-to-date: /home/coche/coche_ws/install/teleop_tools_msgs/include/teleop_tools_msgs/action/detail/increment__struct.h\n'}
[2.258512] (teleop_tools_msgs) StdoutLine: {'line': b'-- Up-to-date: /home/coche/coche_ws/install/teleop_tools_msgs/include/teleop_tools_msgs/action/increment.h\n'}
[2.259109] (teleop_tools_msgs) StdoutLine: {'line': b'-- Up-to-date: /home/coche/coche_ws/install/teleop_tools_msgs/include/teleop_tools_msgs/msg\n'}
[2.259471] (teleop_tools_msgs) StdoutLine: {'line': b'-- Up-to-date: /home/coche/coche_ws/install/teleop_tools_msgs/include/teleop_tools_msgs/msg/rosidl_generator_c__visibility_control.h\n'}
[2.260071] (teleop_tools_msgs) StdoutLine: {'line': b'-- Up-to-date: /home/coche/coche_ws/install/teleop_tools_msgs/share/teleop_tools_msgs/environment/library_path.sh\n'}
[2.261023] (teleop_tools_msgs) StdoutLine: {'line': b'-- Up-to-date: /home/coche/coche_ws/install/teleop_tools_msgs/share/teleop_tools_msgs/environment/library_path.dsv\n'}
[2.261358] (teleop_tools_msgs) StdoutLine: {'line': b'-- Up-to-date: /home/coche/coche_ws/install/teleop_tools_msgs/lib/libteleop_tools_msgs__rosidl_generator_c.so\n'}
[2.261681] (teleop_tools_msgs) StdoutLine: {'line': b'-- Up-to-date: /home/coche/coche_ws/install/teleop_tools_msgs/include/teleop_tools_msgs\n'}
[2.261981] (teleop_tools_msgs) StdoutLine: {'line': b'-- Up-to-date: /home/coche/coche_ws/install/teleop_tools_msgs/include/teleop_tools_msgs/action\n'}
[2.262257] (teleop_tools_msgs) StdoutLine: {'line': b'-- Up-to-date: /home/coche/coche_ws/install/teleop_tools_msgs/include/teleop_tools_msgs/action/detail\n'}
[2.262679] (teleop_tools_msgs) StdoutLine: {'line': b'-- Up-to-date: /home/coche/coche_ws/install/teleop_tools_msgs/include/teleop_tools_msgs/action/detail/increment__rosidl_typesupport_fastrtps_c.h\n'}
[2.262985] (teleop_tools_msgs) StdoutLine: {'line': b'-- Up-to-date: /home/coche/coche_ws/install/teleop_tools_msgs/include/teleop_tools_msgs/msg\n'}
[2.263499] (teleop_tools_msgs) StdoutLine: {'line': b'-- Up-to-date: /home/coche/coche_ws/install/teleop_tools_msgs/include/teleop_tools_msgs/msg/rosidl_typesupport_fastrtps_c__visibility_control.h\n'}
[2.264586] (teleop_tools_msgs) StdoutLine: {'line': b'-- Up-to-date: /home/coche/coche_ws/install/teleop_tools_msgs/lib/libteleop_tools_msgs__rosidl_typesupport_fastrtps_c.so\n'}
[2.265265] (teleop_tools_msgs) StdoutLine: {'line': b'-- Up-to-date: /home/coche/coche_ws/install/teleop_tools_msgs/include/teleop_tools_msgs\n'}
[2.265636] (teleop_tools_msgs) StdoutLine: {'line': b'-- Up-to-date: /home/coche/coche_ws/install/teleop_tools_msgs/include/teleop_tools_msgs/action\n'}
[2.265955] (teleop_tools_msgs) StdoutLine: {'line': b'-- Up-to-date: /home/coche/coche_ws/install/teleop_tools_msgs/include/teleop_tools_msgs/action/detail\n'}
[2.266230] (teleop_tools_msgs) StdoutLine: {'line': b'-- Up-to-date: /home/coche/coche_ws/install/teleop_tools_msgs/include/teleop_tools_msgs/action/detail/dds_fastrtps\n'}
[2.266901] (teleop_tools_msgs) StdoutLine: {'line': b'-- Up-to-date: /home/coche/coche_ws/install/teleop_tools_msgs/include/teleop_tools_msgs/action/detail/increment__rosidl_typesupport_fastrtps_cpp.hpp\n'}
[2.267231] (teleop_tools_msgs) StdoutLine: {'line': b'-- Up-to-date: /home/coche/coche_ws/install/teleop_tools_msgs/include/teleop_tools_msgs/msg\n'}
[2.267518] (teleop_tools_msgs) StdoutLine: {'line': b'-- Up-to-date: /home/coche/coche_ws/install/teleop_tools_msgs/include/teleop_tools_msgs/msg/rosidl_typesupport_fastrtps_cpp__visibility_control.h\n'}
[2.268500] (teleop_tools_msgs) StdoutLine: {'line': b'-- Up-to-date: /home/coche/coche_ws/install/teleop_tools_msgs/lib/libteleop_tools_msgs__rosidl_typesupport_fastrtps_cpp.so\n'}
[2.269398] (teleop_tools_msgs) StdoutLine: {'line': b'-- Up-to-date: /home/coche/coche_ws/install/teleop_tools_msgs/include/teleop_tools_msgs\n'}
[2.269963] (teleop_tools_msgs) StdoutLine: {'line': b'-- Up-to-date: /home/coche/coche_ws/install/teleop_tools_msgs/include/teleop_tools_msgs/action\n'}
[2.270292] (teleop_tools_msgs) StdoutLine: {'line': b'-- Up-to-date: /home/coche/coche_ws/install/teleop_tools_msgs/include/teleop_tools_msgs/action/detail\n'}
[2.270688] (teleop_tools_msgs) StdoutLine: {'line': b'-- Up-to-date: /home/coche/coche_ws/install/teleop_tools_msgs/include/teleop_tools_msgs/action/detail/increment__rosidl_typesupport_introspection_c.h\n'}
[2.271017] (teleop_tools_msgs) StdoutLine: {'line': b'-- Up-to-date: /home/coche/coche_ws/install/teleop_tools_msgs/include/teleop_tools_msgs/action/detail/increment__type_support.c\n'}
[2.271320] (teleop_tools_msgs) StdoutLine: {'line': b'-- Up-to-date: /home/coche/coche_ws/install/teleop_tools_msgs/include/teleop_tools_msgs/msg\n'}
[2.271612] (teleop_tools_msgs) StdoutLine: {'line': b'-- Up-to-date: /home/coche/coche_ws/install/teleop_tools_msgs/include/teleop_tools_msgs/msg/rosidl_typesupport_introspection_c__visibility_control.h\n'}
[2.274693] (teleop_tools_msgs) StdoutLine: {'line': b'-- Up-to-date: /home/coche/coche_ws/install/teleop_tools_msgs/lib/libteleop_tools_msgs__rosidl_typesupport_introspection_c.so\n'}
[2.275582] (teleop_tools_msgs) StdoutLine: {'line': b'-- Up-to-date: /home/coche/coche_ws/install/teleop_tools_msgs/lib/libteleop_tools_msgs__rosidl_typesupport_c.so\n'}
[2.278169] (teleop_tools_msgs) StdoutLine: {'line': b'-- Up-to-date: /home/coche/coche_ws/install/teleop_tools_msgs/include/teleop_tools_msgs\n'}
[2.279437] (teleop_tools_msgs) StdoutLine: {'line': b'-- Up-to-date: /home/coche/coche_ws/install/teleop_tools_msgs/include/teleop_tools_msgs/action\n'}
[2.281011] (teleop_tools_msgs) StdoutLine: {'line': b'-- Up-to-date: /home/coche/coche_ws/install/teleop_tools_msgs/include/teleop_tools_msgs/action/detail\n'}
[2.281562] (teleop_tools_msgs) StdoutLine: {'line': b'-- Up-to-date: /home/coche/coche_ws/install/teleop_tools_msgs/include/teleop_tools_msgs/action/detail/increment__traits.hpp\n'}
[2.282083] (teleop_tools_msgs) StdoutLine: {'line': b'-- Up-to-date: /home/coche/coche_ws/install/teleop_tools_msgs/include/teleop_tools_msgs/action/detail/increment__type_support.hpp\n'}
[2.282391] (teleop_tools_msgs) StdoutLine: {'line': b'-- Up-to-date: /home/coche/coche_ws/install/teleop_tools_msgs/include/teleop_tools_msgs/action/detail/increment__struct.hpp\n'}
[2.282776] (teleop_tools_msgs) StdoutLine: {'line': b'-- Up-to-date: /home/coche/coche_ws/install/teleop_tools_msgs/include/teleop_tools_msgs/action/detail/increment__builder.hpp\n'}
[2.283086] (teleop_tools_msgs) StdoutLine: {'line': b'-- Up-to-date: /home/coche/coche_ws/install/teleop_tools_msgs/include/teleop_tools_msgs/action/increment.hpp\n'}
[2.283441] (teleop_tools_msgs) StdoutLine: {'line': b'-- Up-to-date: /home/coche/coche_ws/install/teleop_tools_msgs/include/teleop_tools_msgs/msg\n'}
[2.283728] (teleop_tools_msgs) StdoutLine: {'line': b'-- Up-to-date: /home/coche/coche_ws/install/teleop_tools_msgs/include/teleop_tools_msgs/msg/rosidl_generator_cpp__visibility_control.hpp\n'}
[2.284015] (teleop_tools_msgs) StdoutLine: {'line': b'-- Up-to-date: /home/coche/coche_ws/install/teleop_tools_msgs/include/teleop_tools_msgs\n'}
[2.284294] (teleop_tools_msgs) StdoutLine: {'line': b'-- Up-to-date: /home/coche/coche_ws/install/teleop_tools_msgs/include/teleop_tools_msgs/action\n'}
[2.286036] (teleop_tools_msgs) StdoutLine: {'line': b'-- Up-to-date: /home/coche/coche_ws/install/teleop_tools_msgs/include/teleop_tools_msgs/action/detail\n'}
[2.286375] (teleop_tools_msgs) StdoutLine: {'line': b'-- Up-to-date: /home/coche/coche_ws/install/teleop_tools_msgs/include/teleop_tools_msgs/action/detail/increment__rosidl_typesupport_introspection_cpp.hpp\n'}
[2.286715] (teleop_tools_msgs) StdoutLine: {'line': b'-- Up-to-date: /home/coche/coche_ws/install/teleop_tools_msgs/include/teleop_tools_msgs/action/detail/increment__type_support.cpp\n'}
[2.287238] (teleop_tools_msgs) StdoutLine: {'line': b'-- Up-to-date: /home/coche/coche_ws/install/teleop_tools_msgs/lib/libteleop_tools_msgs__rosidl_typesupport_introspection_cpp.so\n'}
[2.287543] (teleop_tools_msgs) StdoutLine: {'line': b'-- Up-to-date: /home/coche/coche_ws/install/teleop_tools_msgs/lib/libteleop_tools_msgs__rosidl_typesupport_cpp.so\n'}
[2.288282] (teleop_tools_msgs) StdoutLine: {'line': b'-- Up-to-date: /home/coche/coche_ws/install/teleop_tools_msgs/share/teleop_tools_msgs/environment/pythonpath.sh\n'}
[2.289485] (teleop_tools_msgs) StdoutLine: {'line': b'-- Up-to-date: /home/coche/coche_ws/install/teleop_tools_msgs/share/teleop_tools_msgs/environment/pythonpath.dsv\n'}
[2.290992] (teleop_tools_msgs) StdoutLine: {'line': b'-- Up-to-date: /home/coche/coche_ws/install/teleop_tools_msgs/lib/python3.8/site-packages/teleop_tools_msgs/__init__.py\n'}
[2.339258] (-) TimerEvent: {}
[2.396515] (ackermann_mux) JobEnded: {'identifier': 'ackermann_mux', 'rc': 0}
[2.403523] (mouse_teleop) JobStarted: {'identifier': 'mouse_teleop'}
[2.440214] (-) TimerEvent: {}
[2.488401] (teleop_tools_msgs) StdoutLine: {'line': b'-- Up-to-date: /home/coche/coche_ws/install/teleop_tools_msgs/lib/python3.8/site-packages/teleop_tools_msgs/action\n'}
[2.490457] (teleop_tools_msgs) StdoutLine: {'line': b'-- Up-to-date: /home/coche/coche_ws/install/teleop_tools_msgs/lib/python3.8/site-packages/teleop_tools_msgs/action/_increment.py\n'}
[2.491020] (teleop_tools_msgs) StdoutLine: {'line': b'-- Up-to-date: /home/coche/coche_ws/install/teleop_tools_msgs/lib/python3.8/site-packages/teleop_tools_msgs/action/__init__.py\n'}
[2.491440] (teleop_tools_msgs) StdoutLine: {'line': b'-- Up-to-date: /home/coche/coche_ws/install/teleop_tools_msgs/lib/python3.8/site-packages/teleop_tools_msgs/action/_increment_s.c\n'}
[2.491785] (teleop_tools_msgs) StdoutLine: {'line': b'-- Up-to-date: /home/coche/coche_ws/install/teleop_tools_msgs/lib/python3.8/site-packages/teleop_tools_msgs/teleop_tools_msgs_s__rosidl_typesupport_fastrtps_c.cpython-38-aarch64-linux-gnu.so\n'}
[2.492144] (teleop_tools_msgs) StdoutLine: {'line': b'-- Up-to-date: /home/coche/coche_ws/install/teleop_tools_msgs/lib/python3.8/site-packages/teleop_tools_msgs/teleop_tools_msgs_s__rosidl_typesupport_introspection_c.cpython-38-aarch64-linux-gnu.so\n'}
[2.492526] (teleop_tools_msgs) StdoutLine: {'line': b'-- Up-to-date: /home/coche/coche_ws/install/teleop_tools_msgs/lib/python3.8/site-packages/teleop_tools_msgs/teleop_tools_msgs_s__rosidl_typesupport_c.cpython-38-aarch64-linux-gnu.so\n'}
[2.494345] (teleop_tools_msgs) StdoutLine: {'line': b'-- Up-to-date: /home/coche/coche_ws/install/teleop_tools_msgs/lib/libteleop_tools_msgs__python.so\n'}
[2.496795] (teleop_tools_msgs) StdoutLine: {'line': b'-- Up-to-date: /home/coche/coche_ws/install/teleop_tools_msgs/share/teleop_tools_msgs/action/Increment.idl\n'}
[2.498300] (teleop_tools_msgs) StdoutLine: {'line': b'-- Up-to-date: /home/coche/coche_ws/install/teleop_tools_msgs/share/teleop_tools_msgs/action/Increment.action\n'}
[2.499697] (teleop_tools_msgs) StdoutLine: {'line': b'-- Up-to-date: /home/coche/coche_ws/install/teleop_tools_msgs/share/ament_index/resource_index/package_run_dependencies/teleop_tools_msgs\n'}
[2.500972] (teleop_tools_msgs) StdoutLine: {'line': b'-- Up-to-date: /home/coche/coche_ws/install/teleop_tools_msgs/share/ament_index/resource_index/parent_prefix_path/teleop_tools_msgs\n'}
[2.502074] (teleop_tools_msgs) StdoutLine: {'line': b'-- Up-to-date: /home/coche/coche_ws/install/teleop_tools_msgs/share/teleop_tools_msgs/environment/ament_prefix_path.sh\n'}
[2.503548] (teleop_tools_msgs) StdoutLine: {'line': b'-- Up-to-date: /home/coche/coche_ws/install/teleop_tools_msgs/share/teleop_tools_msgs/environment/ament_prefix_path.dsv\n'}
[2.504593] (teleop_tools_msgs) StdoutLine: {'line': b'-- Up-to-date: /home/coche/coche_ws/install/teleop_tools_msgs/share/teleop_tools_msgs/environment/path.sh\n'}
[2.506483] (teleop_tools_msgs) StdoutLine: {'line': b'-- Up-to-date: /home/coche/coche_ws/install/teleop_tools_msgs/share/teleop_tools_msgs/environment/path.dsv\n'}
[2.507874] (teleop_tools_msgs) StdoutLine: {'line': b'-- Up-to-date: /home/coche/coche_ws/install/teleop_tools_msgs/share/teleop_tools_msgs/local_setup.bash\n'}
[2.509330] (teleop_tools_msgs) StdoutLine: {'line': b'-- Up-to-date: /home/coche/coche_ws/install/teleop_tools_msgs/share/teleop_tools_msgs/local_setup.sh\n'}
[2.510859] (teleop_tools_msgs) StdoutLine: {'line': b'-- Up-to-date: /home/coche/coche_ws/install/teleop_tools_msgs/share/teleop_tools_msgs/local_setup.zsh\n'}
[2.511786] (teleop_tools_msgs) StdoutLine: {'line': b'-- Up-to-date: /home/coche/coche_ws/install/teleop_tools_msgs/share/teleop_tools_msgs/local_setup.dsv\n'}
[2.512407] (teleop_tools_msgs) StdoutLine: {'line': b'-- Installing: /home/coche/coche_ws/install/teleop_tools_msgs/share/teleop_tools_msgs/package.dsv\n'}
[2.513637] (teleop_tools_msgs) StdoutLine: {'line': b'-- Up-to-date: /home/coche/coche_ws/install/teleop_tools_msgs/share/ament_index/resource_index/packages/teleop_tools_msgs\n'}
[2.515326] (teleop_tools_msgs) StdoutLine: {'line': b'-- Up-to-date: /home/coche/coche_ws/install/teleop_tools_msgs/share/teleop_tools_msgs/cmake/teleop_tools_msgs__rosidl_generator_cExport.cmake\n'}
[2.515930] (teleop_tools_msgs) StdoutLine: {'line': b'-- Up-to-date: /home/coche/coche_ws/install/teleop_tools_msgs/share/teleop_tools_msgs/cmake/teleop_tools_msgs__rosidl_generator_cExport-noconfig.cmake\n'}
[2.517641] (teleop_tools_msgs) StdoutLine: {'line': b'-- Up-to-date: /home/coche/coche_ws/install/teleop_tools_msgs/share/teleop_tools_msgs/cmake/teleop_tools_msgs__rosidl_typesupport_introspection_cExport.cmake\n'}
[2.518300] (teleop_tools_msgs) StdoutLine: {'line': b'-- Up-to-date: /home/coche/coche_ws/install/teleop_tools_msgs/share/teleop_tools_msgs/cmake/teleop_tools_msgs__rosidl_typesupport_introspection_cExport-noconfig.cmake\n'}
[2.519233] (teleop_tools_msgs) StdoutLine: {'line': b'-- Up-to-date: /home/coche/coche_ws/install/teleop_tools_msgs/share/teleop_tools_msgs/cmake/teleop_tools_msgs__rosidl_typesupport_cExport.cmake\n'}
[2.520102] (teleop_tools_msgs) StdoutLine: {'line': b'-- Up-to-date: /home/coche/coche_ws/install/teleop_tools_msgs/share/teleop_tools_msgs/cmake/teleop_tools_msgs__rosidl_typesupport_cExport-noconfig.cmake\n'}
[2.520816] (teleop_tools_msgs) StdoutLine: {'line': b'-- Up-to-date: /home/coche/coche_ws/install/teleop_tools_msgs/share/teleop_tools_msgs/cmake/teleop_tools_msgs__rosidl_generator_cppExport.cmake\n'}
[2.521642] (teleop_tools_msgs) StdoutLine: {'line': b'-- Up-to-date: /home/coche/coche_ws/install/teleop_tools_msgs/share/teleop_tools_msgs/cmake/teleop_tools_msgs__rosidl_typesupport_introspection_cppExport.cmake\n'}
[2.522222] (teleop_tools_msgs) StdoutLine: {'line': b'-- Up-to-date: /home/coche/coche_ws/install/teleop_tools_msgs/share/teleop_tools_msgs/cmake/teleop_tools_msgs__rosidl_typesupport_introspection_cppExport-noconfig.cmake\n'}
[2.523026] (teleop_tools_msgs) StdoutLine: {'line': b'-- Up-to-date: /home/coche/coche_ws/install/teleop_tools_msgs/share/teleop_tools_msgs/cmake/teleop_tools_msgs__rosidl_typesupport_cppExport.cmake\n'}
[2.523643] (teleop_tools_msgs) StdoutLine: {'line': b'-- Up-to-date: /home/coche/coche_ws/install/teleop_tools_msgs/share/teleop_tools_msgs/cmake/teleop_tools_msgs__rosidl_typesupport_cppExport-noconfig.cmake\n'}
[2.524619] (teleop_tools_msgs) StdoutLine: {'line': b'-- Up-to-date: /home/coche/coche_ws/install/teleop_tools_msgs/share/teleop_tools_msgs/cmake/rosidl_cmake-extras.cmake\n'}
[2.525581] (teleop_tools_msgs) StdoutLine: {'line': b'-- Up-to-date: /home/coche/coche_ws/install/teleop_tools_msgs/share/teleop_tools_msgs/cmake/ament_cmake_export_dependencies-extras.cmake\n'}
[2.526239] (teleop_tools_msgs) StdoutLine: {'line': b'-- Up-to-date: /home/coche/coche_ws/install/teleop_tools_msgs/share/teleop_tools_msgs/cmake/ament_cmake_export_libraries-extras.cmake\n'}
[2.526952] (teleop_tools_msgs) StdoutLine: {'line': b'-- Up-to-date: /home/coche/coche_ws/install/teleop_tools_msgs/share/teleop_tools_msgs/cmake/ament_cmake_export_targets-extras.cmake\n'}
[2.527298] (teleop_tools_msgs) StdoutLine: {'line': b'-- Up-to-date: /home/coche/coche_ws/install/teleop_tools_msgs/share/teleop_tools_msgs/cmake/ament_cmake_export_include_directories-extras.cmake\n'}
[2.527605] (teleop_tools_msgs) StdoutLine: {'line': b'-- Up-to-date: /home/coche/coche_ws/install/teleop_tools_msgs/share/teleop_tools_msgs/cmake/rosidl_cmake_export_typesupport_libraries-extras.cmake\n'}
[2.527911] (teleop_tools_msgs) StdoutLine: {'line': b'-- Up-to-date: /home/coche/coche_ws/install/teleop_tools_msgs/share/teleop_tools_msgs/cmake/rosidl_cmake_export_typesupport_targets-extras.cmake\n'}
[2.528222] (teleop_tools_msgs) StdoutLine: {'line': b'-- Up-to-date: /home/coche/coche_ws/install/teleop_tools_msgs/share/teleop_tools_msgs/cmake/teleop_tools_msgsConfig.cmake\n'}
[2.528561] (teleop_tools_msgs) StdoutLine: {'line': b'-- Up-to-date: /home/coche/coche_ws/install/teleop_tools_msgs/share/teleop_tools_msgs/cmake/teleop_tools_msgsConfig-version.cmake\n'}
[2.528917] (teleop_tools_msgs) StdoutLine: {'line': b'-- Up-to-date: /home/coche/coche_ws/install/teleop_tools_msgs/share/teleop_tools_msgs/package.xml\n'}
[2.540148] (-) TimerEvent: {}
[2.643902] (-) TimerEvent: {}
[2.746344] (-) TimerEvent: {}
[2.847304] (-) TimerEvent: {}
[2.948218] (-) TimerEvent: {}
[3.049128] (-) TimerEvent: {}
[3.150059] (-) TimerEvent: {}
[3.251137] (-) TimerEvent: {}
[3.352010] (-) TimerEvent: {}
[3.453048] (-) TimerEvent: {}
[3.508502] (teleop_tools_msgs) CommandEnded: {'returncode': 0}
[3.556925] (-) TimerEvent: {}
[3.565293] (vesc_msgs) JobProgress: {'identifier': 'vesc_msgs', 'progress': 'install'}
[3.567197] (vesc_msgs) Command: {'cmd': ['/usr/bin/cmake', '--install', '/home/coche/coche_ws/build/vesc_msgs'], 'cwd': '/home/coche/coche_ws/build/vesc_msgs', 'env': OrderedDict([('LESSOPEN', '| /usr/bin/lesspipe %s'), ('USER', 'coche'), ('SSH_CLIENT', '192.168.119.214 33380 22'), ('LC_TIME', 'C.UTF-8'), ('XDG_SESSION_TYPE', 'tty'), ('SHLVL', '1'), ('LD_LIBRARY_PATH', '/home/coche/coche_ws/install/vesc_driver/lib:/home/coche/coche_ws/install/vesc_ackermann/lib:/home/coche/coche_ws/install/vesc_msgs/lib:/home/coche/coche_ws/install/teleop_tools_msgs/lib:/opt/ros/foxy/opt/yaml_cpp_vendor/lib:/opt/ros/foxy/opt/rviz_ogre_vendor/lib:/opt/ros/foxy/lib/aarch64-linux-gnu:/opt/ros/foxy/lib'), ('MOTD_SHOWN', 'pam'), ('HOME', '/home/coche'), ('OLDPWD', '/home/coche'), ('SSH_TTY', '/dev/pts/0'), ('ROS_PYTHON_VERSION', '3'), ('LC_MONETARY', 'C.UTF-8'), ('DBUS_SESSION_BUS_ADDRESS', 'unix:path=/run/user/1000/bus'), ('COLCON_PREFIX_PATH', '/home/coche/coche_ws/install'), ('ROS_DISTRO', 'foxy'), ('LOGNAME', 'coche'), ('_', '/usr/bin/colcon'), ('ROS_VERSION', '2'), ('XDG_SESSION_CLASS', 'user'), ('TERM', 'xterm-256color'), ('XDG_SESSION_ID', '2'), ('ROS_LOCALHOST_ONLY', '0'), ('PATH', '/opt/ros/foxy/bin:/usr/local/sbin:/usr/local/bin:/usr/sbin:/usr/bin:/sbin:/bin:/usr/games:/usr/local/games:/snap/bin'), ('LC_ADDRESS', 'C.UTF-8'), ('XDG_RUNTIME_DIR', '/run/user/1000'), ('DISPLAY', 'localhost:10.0'), ('LANG', 'C.UTF-8'), ('LC_TELEPHONE', 'C.UTF-8'), ('LS_COLORS', 'rs=0:di=01;34:ln=01;36:mh=00:pi=40;33:so=01;35:do=01;35:bd=40;33;01:cd=40;33;01:or=40;31;01:mi=00:su=37;41:sg=30;43:ca=30;41:tw=30;42:ow=34;42:st=37;44:ex=01;32:*.tar=01;31:*.tgz=01;31:*.arc=01;31:*.arj=01;31:*.taz=01;31:*.lha=01;31:*.lz4=01;31:*.lzh=01;31:*.lzma=01;31:*.tlz=01;31:*.txz=01;31:*.tzo=01;31:*.t7z=01;31:*.zip=01;31:*.z=01;31:*.dz=01;31:*.gz=01;31:*.lrz=01;31:*.lz=01;31:*.lzo=01;31:*.xz=01;31:*.zst=01;31:*.tzst=01;31:*.bz2=01;31:*.bz=01;31:*.tbz=01;31:*.tbz2=01;31:*.tz=01;31:*.deb=01;31:*.rpm=01;31:*.jar=01;31:*.war=01;31:*.ear=01;31:*.sar=01;31:*.rar=01;31:*.alz=01;31:*.ace=01;31:*.zoo=01;31:*.cpio=01;31:*.7z=01;31:*.rz=01;31:*.cab=01;31:*.wim=01;31:*.swm=01;31:*.dwm=01;31:*.esd=01;31:*.jpg=01;35:*.jpeg=01;35:*.mjpg=01;35:*.mjpeg=01;35:*.gif=01;35:*.bmp=01;35:*.pbm=01;35:*.pgm=01;35:*.ppm=01;35:*.tga=01;35:*.xbm=01;35:*.xpm=01;35:*.tif=01;35:*.tiff=01;35:*.png=01;35:*.svg=01;35:*.svgz=01;35:*.mng=01;35:*.pcx=01;35:*.mov=01;35:*.mpg=01;35:*.mpeg=01;35:*.m2v=01;35:*.mkv=01;35:*.webm=01;35:*.ogm=01;35:*.mp4=01;35:*.m4v=01;35:*.mp4v=01;35:*.vob=01;35:*.qt=01;35:*.nuv=01;35:*.wmv=01;35:*.asf=01;35:*.rm=01;35:*.rmvb=01;35:*.flc=01;35:*.avi=01;35:*.fli=01;35:*.flv=01;35:*.gl=01;35:*.dl=01;35:*.xcf=01;35:*.xwd=01;35:*.yuv=01;35:*.cgm=01;35:*.emf=01;35:*.ogv=01;35:*.ogx=01;35:*.aac=00;36:*.au=00;36:*.flac=00;36:*.m4a=00;36:*.mid=00;36:*.midi=00;36:*.mka=00;36:*.mp3=00;36:*.mpc=00;36:*.ogg=00;36:*.ra=00;36:*.wav=00;36:*.oga=00;36:*.opus=00;36:*.spx=00;36:*.xspf=00;36:'), ('AMENT_PREFIX_PATH', '/home/coche/coche_ws/install/f1tenth_stack:/home/coche/coche_ws/install/vesc:/home/coche/coche_ws/install/vesc_driver:/home/coche/coche_ws/install/vesc_ackermann:/home/coche/coche_ws/install/vesc_msgs:/home/coche/coche_ws/install/teleop_tools:/home/coche/coche_ws/install/joy_teleop:/home/coche/coche_ws/install/teleop_tools_msgs:/home/coche/coche_ws/install/mouse_teleop:/home/coche/coche_ws/install/key_teleop:/home/coche/coche_ws/install/ackermann_mux:/opt/ros/foxy'), ('SHELL', '/bin/bash'), ('LC_NAME', 'C.UTF-8'), ('LESSCLOSE', '/usr/bin/lesspipe %s %s'), ('LC_MEASUREMENT', 'C.UTF-8'), ('LC_IDENTIFICATION', 'C.UTF-8'), ('PWD', '/home/coche/coche_ws/build/vesc_msgs'), ('SSH_CONNECTION', '192.168.119.214 33380 192.168.119.61 22'), ('XDG_DATA_DIRS', '/home/coche/.local/share/flatpak/exports/share:/var/lib/flatpak/exports/share:/usr/local/share:/usr/share:/var/lib/snapd/desktop'), ('PYTHONPATH', '/home/coche/coche_ws/install/f1tenth_stack/lib/python3.8/site-packages:/home/coche/coche_ws/install/vesc_msgs/lib/python3.8/site-packages:/home/coche/coche_ws/install/joy_teleop/lib/python3.8/site-packages:/home/coche/coche_ws/install/teleop_tools_msgs/lib/python3.8/site-packages:/home/coche/coche_ws/install/mouse_teleop/lib/python3.8/site-packages:/home/coche/coche_ws/install/key_teleop/lib/python3.8/site-packages:/opt/ros/foxy/lib/python3.8/site-packages'), ('LC_NUMERIC', 'C.UTF-8'), ('LC_PAPER', 'C.UTF-8'), ('COLCON', '1'), ('CMAKE_PREFIX_PATH', '/home/coche/coche_ws/install/vesc:/home/coche/coche_ws/install/vesc_driver:/home/coche/coche_ws/install/vesc_ackermann:/home/coche/coche_ws/install/vesc_msgs:/home/coche/coche_ws/install/teleop_tools:/home/coche/coche_ws/install/teleop_tools_msgs:/home/coche/coche_ws/install/ackermann_mux:/home/coche/coche_ws/install/f1tenth_stack:/home/coche/coche_ws/install/joy_teleop:/home/coche/coche_ws/install/mouse_teleop:/home/coche/coche_ws/install/key_teleop:/opt/ros/foxy')]), 'shell': False}
[3.590457] (key_teleop) Command: {'cmd': ['/usr/bin/python3', '-W', 'ignore:setup.py install is deprecated', 'setup.py', 'egg_info', '--egg-base', '../../../../build/key_teleop', 'build', '--build-base', '/home/coche/coche_ws/build/key_teleop/build', 'install', '--record', '/home/coche/coche_ws/build/key_teleop/install.log', '--install-scripts', '$base/lib/key_teleop', '--single-version-externally-managed', 'install_data'], 'cwd': '/home/coche/coche_ws/src/f1tenth_system/teleop_tools/key_teleop', 'env': {'LESSOPEN': '| /usr/bin/lesspipe %s', 'USER': 'coche', 'SSH_CLIENT': '192.168.119.214 33380 22', 'LC_TIME': 'C.UTF-8', 'XDG_SESSION_TYPE': 'tty', 'SHLVL': '1', 'LD_LIBRARY_PATH': '/home/coche/coche_ws/install/vesc_driver/lib:/home/coche/coche_ws/install/vesc_ackermann/lib:/home/coche/coche_ws/install/vesc_msgs/lib:/home/coche/coche_ws/install/teleop_tools_msgs/lib:/opt/ros/foxy/opt/yaml_cpp_vendor/lib:/opt/ros/foxy/opt/rviz_ogre_vendor/lib:/opt/ros/foxy/lib/aarch64-linux-gnu:/opt/ros/foxy/lib', 'MOTD_SHOWN': 'pam', 'HOME': '/home/coche', 'OLDPWD': '/home/coche', 'SSH_TTY': '/dev/pts/0', 'ROS_PYTHON_VERSION': '3', 'LC_MONETARY': 'C.UTF-8', 'DBUS_SESSION_BUS_ADDRESS': 'unix:path=/run/user/1000/bus', 'COLCON_PREFIX_PATH': '/home/coche/coche_ws/install', 'ROS_DISTRO': 'foxy', 'LOGNAME': 'coche', '_': '/usr/bin/colcon', 'ROS_VERSION': '2', 'XDG_SESSION_CLASS': 'user', 'TERM': 'xterm-256color', 'XDG_SESSION_ID': '2', 'ROS_LOCALHOST_ONLY': '0', 'PATH': '/opt/ros/foxy/bin:/usr/local/sbin:/usr/local/bin:/usr/sbin:/usr/bin:/sbin:/bin:/usr/games:/usr/local/games:/snap/bin', 'LC_ADDRESS': 'C.UTF-8', 'XDG_RUNTIME_DIR': '/run/user/1000', 'DISPLAY': 'localhost:10.0', 'LANG': 'C.UTF-8', 'LC_TELEPHONE': 'C.UTF-8', 'LS_COLORS': 'rs=0:di=01;34:ln=01;36:mh=00:pi=40;33:so=01;35:do=01;35:bd=40;33;01:cd=40;33;01:or=40;31;01:mi=00:su=37;41:sg=30;43:ca=30;41:tw=30;42:ow=34;42:st=37;44:ex=01;32:*.tar=01;31:*.tgz=01;31:*.arc=01;31:*.arj=01;31:*.taz=01;31:*.lha=01;31:*.lz4=01;31:*.lzh=01;31:*.lzma=01;31:*.tlz=01;31:*.txz=01;31:*.tzo=01;31:*.t7z=01;31:*.zip=01;31:*.z=01;31:*.dz=01;31:*.gz=01;31:*.lrz=01;31:*.lz=01;31:*.lzo=01;31:*.xz=01;31:*.zst=01;31:*.tzst=01;31:*.bz2=01;31:*.bz=01;31:*.tbz=01;31:*.tbz2=01;31:*.tz=01;31:*.deb=01;31:*.rpm=01;31:*.jar=01;31:*.war=01;31:*.ear=01;31:*.sar=01;31:*.rar=01;31:*.alz=01;31:*.ace=01;31:*.zoo=01;31:*.cpio=01;31:*.7z=01;31:*.rz=01;31:*.cab=01;31:*.wim=01;31:*.swm=01;31:*.dwm=01;31:*.esd=01;31:*.jpg=01;35:*.jpeg=01;35:*.mjpg=01;35:*.mjpeg=01;35:*.gif=01;35:*.bmp=01;35:*.pbm=01;35:*.pgm=01;35:*.ppm=01;35:*.tga=01;35:*.xbm=01;35:*.xpm=01;35:*.tif=01;35:*.tiff=01;35:*.png=01;35:*.svg=01;35:*.svgz=01;35:*.mng=01;35:*.pcx=01;35:*.mov=01;35:*.mpg=01;35:*.mpeg=01;35:*.m2v=01;35:*.mkv=01;35:*.webm=01;35:*.ogm=01;35:*.mp4=01;35:*.m4v=01;35:*.mp4v=01;35:*.vob=01;35:*.qt=01;35:*.nuv=01;35:*.wmv=01;35:*.asf=01;35:*.rm=01;35:*.rmvb=01;35:*.flc=01;35:*.avi=01;35:*.fli=01;35:*.flv=01;35:*.gl=01;35:*.dl=01;35:*.xcf=01;35:*.xwd=01;35:*.yuv=01;35:*.cgm=01;35:*.emf=01;35:*.ogv=01;35:*.ogx=01;35:*.aac=00;36:*.au=00;36:*.flac=00;36:*.m4a=00;36:*.mid=00;36:*.midi=00;36:*.mka=00;36:*.mp3=00;36:*.mpc=00;36:*.ogg=00;36:*.ra=00;36:*.wav=00;36:*.oga=00;36:*.opus=00;36:*.spx=00;36:*.xspf=00;36:', 'AMENT_PREFIX_PATH': '/home/coche/coche_ws/install/f1tenth_stack:/home/coche/coche_ws/install/vesc:/home/coche/coche_ws/install/vesc_driver:/home/coche/coche_ws/install/vesc_ackermann:/home/coche/coche_ws/install/vesc_msgs:/home/coche/coche_ws/install/teleop_tools:/home/coche/coche_ws/install/joy_teleop:/home/coche/coche_ws/install/teleop_tools_msgs:/home/coche/coche_ws/install/mouse_teleop:/home/coche/coche_ws/install/key_teleop:/home/coche/coche_ws/install/ackermann_mux:/opt/ros/foxy', 'SHELL': '/bin/bash', 'LC_NAME': 'C.UTF-8', 'LESSCLOSE': '/usr/bin/lesspipe %s %s', 'LC_MEASUREMENT': 'C.UTF-8', 'LC_IDENTIFICATION': 'C.UTF-8', 'PWD': '/home/coche/coche_ws/build/key_teleop', 'SSH_CONNECTION': '192.168.119.214 33380 192.168.119.61 22', 'XDG_DATA_DIRS': '/home/coche/.local/share/flatpak/exports/share:/var/lib/flatpak/exports/share:/usr/local/share:/usr/share:/var/lib/snapd/desktop', 'PYTHONPATH': '/home/coche/coche_ws/build/key_teleop/prefix_override:/usr/lib/python3/dist-packages/colcon_core/task/python/colcon_distutils_commands:/home/coche/coche_ws/install/key_teleop/lib/python3.8/site-packages:/home/coche/coche_ws/install/f1tenth_stack/lib/python3.8/site-packages:/home/coche/coche_ws/install/vesc_msgs/lib/python3.8/site-packages:/home/coche/coche_ws/install/joy_teleop/lib/python3.8/site-packages:/home/coche/coche_ws/install/teleop_tools_msgs/lib/python3.8/site-packages:/home/coche/coche_ws/install/mouse_teleop/lib/python3.8/site-packages:/home/coche/coche_ws/install/key_teleop/lib/python3.8/site-packages:/opt/ros/foxy/lib/python3.8/site-packages', 'LC_NUMERIC': 'C.UTF-8', 'LC_PAPER': 'C.UTF-8', 'COLCON': '1', 'CMAKE_PREFIX_PATH': '/home/coche/coche_ws/install/vesc:/home/coche/coche_ws/install/vesc_driver:/home/coche/coche_ws/install/vesc_ackermann:/home/coche/coche_ws/install/vesc_msgs:/home/coche/coche_ws/install/teleop_tools:/home/coche/coche_ws/install/teleop_tools_msgs:/home/coche/coche_ws/install/ackermann_mux'}, 'shell': False}
[3.648517] (vesc_msgs) StdoutLine: {'line': b'-- Install configuration: ""\n'}
[3.650205] (vesc_msgs) StdoutLine: {'line': b'-- Up-to-date: /home/coche/coche_ws/install/vesc_msgs/share/ament_index/resource_index/rosidl_interfaces/vesc_msgs\n'}
[3.650699] (vesc_msgs) StdoutLine: {'line': b'-- Up-to-date: /home/coche/coche_ws/install/vesc_msgs/include/vesc_msgs\n'}
[3.651062] (vesc_msgs) StdoutLine: {'line': b'-- Up-to-date: /home/coche/coche_ws/install/vesc_msgs/include/vesc_msgs/msg\n'}
[3.651356] (vesc_msgs) StdoutLine: {'line': b'-- Up-to-date: /home/coche/coche_ws/install/vesc_msgs/include/vesc_msgs/msg/vesc_state_stamped.h\n'}
[3.651692] (vesc_msgs) StdoutLine: {'line': b'-- Up-to-date: /home/coche/coche_ws/install/vesc_msgs/include/vesc_msgs/msg/rosidl_generator_c__visibility_control.h\n'}
[3.651975] (vesc_msgs) StdoutLine: {'line': b'-- Up-to-date: /home/coche/coche_ws/install/vesc_msgs/include/vesc_msgs/msg/detail\n'}
[3.652280] (vesc_msgs) StdoutLine: {'line': b'-- Up-to-date: /home/coche/coche_ws/install/vesc_msgs/include/vesc_msgs/msg/detail/vesc_state__functions.c\n'}
[3.652602] (vesc_msgs) StdoutLine: {'line': b'-- Up-to-date: /home/coche/coche_ws/install/vesc_msgs/include/vesc_msgs/msg/detail/vesc_imu__struct.h\n'}
[3.652874] (vesc_msgs) StdoutLine: {'line': b'-- Up-to-date: /home/coche/coche_ws/install/vesc_msgs/include/vesc_msgs/msg/detail/vesc_state_stamped__type_support.h\n'}
[3.653165] (vesc_msgs) StdoutLine: {'line': b'-- Up-to-date: /home/coche/coche_ws/install/vesc_msgs/include/vesc_msgs/msg/detail/vesc_imu__functions.c\n'}
[3.653452] (vesc_msgs) StdoutLine: {'line': b'-- Up-to-date: /home/coche/coche_ws/install/vesc_msgs/include/vesc_msgs/msg/detail/vesc_state_stamped__struct.h\n'}
[3.653747] (vesc_msgs) StdoutLine: {'line': b'-- Up-to-date: /home/coche/coche_ws/install/vesc_msgs/include/vesc_msgs/msg/detail/vesc_imu_stamped__functions.c\n'}
[3.655877] (vesc_msgs) StdoutLine: {'line': b'-- Up-to-date: /home/coche/coche_ws/install/vesc_msgs/include/vesc_msgs/msg/detail/vesc_imu_stamped__struct.h\n'}
[3.656185] (vesc_msgs) StdoutLine: {'line': b'-- Up-to-date: /home/coche/coche_ws/install/vesc_msgs/include/vesc_msgs/msg/detail/vesc_state__struct.h\n'}
[3.656479] (vesc_msgs) StdoutLine: {'line': b'-- Up-to-date: /home/coche/coche_ws/install/vesc_msgs/include/vesc_msgs/msg/detail/vesc_state_stamped__functions.c\n'}
[3.656776] (-) TimerEvent: {}
[3.657635] (vesc_msgs) StdoutLine: {'line': b'-- Up-to-date: /home/coche/coche_ws/install/vesc_msgs/include/vesc_msgs/msg/detail/vesc_imu__type_support.h\n'}
[3.657991] (vesc_msgs) StdoutLine: {'line': b'-- Up-to-date: /home/coche/coche_ws/install/vesc_msgs/include/vesc_msgs/msg/detail/vesc_state__type_support.h\n'}
[3.658290] (vesc_msgs) StdoutLine: {'line': b'-- Up-to-date: /home/coche/coche_ws/install/vesc_msgs/include/vesc_msgs/msg/detail/vesc_imu_stamped__functions.h\n'}
[3.658646] (vesc_msgs) StdoutLine: {'line': b'-- Up-to-date: /home/coche/coche_ws/install/vesc_msgs/include/vesc_msgs/msg/detail/vesc_imu_stamped__type_support.h\n'}
[3.659036] (vesc_msgs) StdoutLine: {'line': b'-- Up-to-date: /home/coche/coche_ws/install/vesc_msgs/include/vesc_msgs/msg/detail/vesc_state__functions.h\n'}
[3.659327] (vesc_msgs) StdoutLine: {'line': b'-- Up-to-date: /home/coche/coche_ws/install/vesc_msgs/include/vesc_msgs/msg/detail/vesc_imu__functions.h\n'}
[3.660618] (vesc_msgs) StdoutLine: {'line': b'-- Up-to-date: /home/coche/coche_ws/install/vesc_msgs/include/vesc_msgs/msg/detail/vesc_state_stamped__functions.h\n'}
[3.660936] (vesc_msgs) StdoutLine: {'line': b'-- Up-to-date: /home/coche/coche_ws/install/vesc_msgs/include/vesc_msgs/msg/vesc_imu.h\n'}
[3.661229] (vesc_msgs) StdoutLine: {'line': b'-- Up-to-date: /home/coche/coche_ws/install/vesc_msgs/include/vesc_msgs/msg/vesc_state.h\n'}
[3.661515] (vesc_msgs) StdoutLine: {'line': b'-- Up-to-date: /home/coche/coche_ws/install/vesc_msgs/include/vesc_msgs/msg/vesc_imu_stamped.h\n'}
[3.661798] (vesc_msgs) StdoutLine: {'line': b'-- Up-to-date: /home/coche/coche_ws/install/vesc_msgs/share/vesc_msgs/environment/library_path.sh\n'}
[3.662795] (vesc_msgs) StdoutLine: {'line': b'-- Up-to-date: /home/coche/coche_ws/install/vesc_msgs/share/vesc_msgs/environment/library_path.dsv\n'}
[3.663876] (vesc_msgs) StdoutLine: {'line': b'-- Up-to-date: /home/coche/coche_ws/install/vesc_msgs/lib/libvesc_msgs__rosidl_generator_c.so\n'}
[3.664559] (vesc_msgs) StdoutLine: {'line': b'-- Up-to-date: /home/coche/coche_ws/install/vesc_msgs/include/vesc_msgs\n'}
[3.664894] (vesc_msgs) StdoutLine: {'line': b'-- Up-to-date: /home/coche/coche_ws/install/vesc_msgs/include/vesc_msgs/msg\n'}
[3.665181] (vesc_msgs) StdoutLine: {'line': b'-- Up-to-date: /home/coche/coche_ws/install/vesc_msgs/include/vesc_msgs/msg/rosidl_typesupport_fastrtps_c__visibility_control.h\n'}
[3.666906] (vesc_msgs) StdoutLine: {'line': b'-- Up-to-date: /home/coche/coche_ws/install/vesc_msgs/include/vesc_msgs/msg/detail\n'}
[3.667228] (vesc_msgs) StdoutLine: {'line': b'-- Up-to-date: /home/coche/coche_ws/install/vesc_msgs/include/vesc_msgs/msg/detail/vesc_state_stamped__rosidl_typesupport_fastrtps_c.h\n'}
[3.667711] (vesc_msgs) StdoutLine: {'line': b'-- Up-to-date: /home/coche/coche_ws/install/vesc_msgs/include/vesc_msgs/msg/detail/vesc_imu__rosidl_typesupport_fastrtps_c.h\n'}
[3.668196] (vesc_msgs) StdoutLine: {'line': b'-- Up-to-date: /home/coche/coche_ws/install/vesc_msgs/include/vesc_msgs/msg/detail/vesc_state__rosidl_typesupport_fastrtps_c.h\n'}
[3.668501] (vesc_msgs) StdoutLine: {'line': b'-- Up-to-date: /home/coche/coche_ws/install/vesc_msgs/include/vesc_msgs/msg/detail/vesc_imu_stamped__rosidl_typesupport_fastrtps_c.h\n'}
[3.668777] (vesc_msgs) StdoutLine: {'line': b'-- Up-to-date: /home/coche/coche_ws/install/vesc_msgs/lib/libvesc_msgs__rosidl_typesupport_fastrtps_c.so\n'}
[3.669178] (vesc_msgs) StdoutLine: {'line': b'-- Up-to-date: /home/coche/coche_ws/install/vesc_msgs/include/vesc_msgs\n'}
[3.669668] (vesc_msgs) StdoutLine: {'line': b'-- Up-to-date: /home/coche/coche_ws/install/vesc_msgs/include/vesc_msgs/msg\n'}
[3.670053] (vesc_msgs) StdoutLine: {'line': b'-- Up-to-date: /home/coche/coche_ws/install/vesc_msgs/include/vesc_msgs/msg/detail\n'}
[3.670352] (vesc_msgs) StdoutLine: {'line': b'-- Up-to-date: /home/coche/coche_ws/install/vesc_msgs/include/vesc_msgs/msg/detail/vesc_state_stamped__rosidl_typesupport_fastrtps_cpp.hpp\n'}
[3.671232] (vesc_msgs) StdoutLine: {'line': b'-- Up-to-date: /home/coche/coche_ws/install/vesc_msgs/include/vesc_msgs/msg/detail/vesc_imu__rosidl_typesupport_fastrtps_cpp.hpp\n'}
[3.672048] (vesc_msgs) StdoutLine: {'line': b'-- Up-to-date: /home/coche/coche_ws/install/vesc_msgs/include/vesc_msgs/msg/detail/vesc_imu_stamped__rosidl_typesupport_fastrtps_cpp.hpp\n'}
[3.672358] (vesc_msgs) StdoutLine: {'line': b'-- Up-to-date: /home/coche/coche_ws/install/vesc_msgs/include/vesc_msgs/msg/detail/vesc_state__rosidl_typesupport_fastrtps_cpp.hpp\n'}
[3.672647] (vesc_msgs) StdoutLine: {'line': b'-- Up-to-date: /home/coche/coche_ws/install/vesc_msgs/include/vesc_msgs/msg/detail/dds_fastrtps\n'}
[3.672935] (vesc_msgs) StdoutLine: {'line': b'-- Up-to-date: /home/coche/coche_ws/install/vesc_msgs/include/vesc_msgs/msg/rosidl_typesupport_fastrtps_cpp__visibility_control.h\n'}
[3.673216] (vesc_msgs) StdoutLine: {'line': b'-- Up-to-date: /home/coche/coche_ws/install/vesc_msgs/lib/libvesc_msgs__rosidl_typesupport_fastrtps_cpp.so\n'}
[3.673549] (vesc_msgs) StdoutLine: {'line': b'-- Up-to-date: /home/coche/coche_ws/install/vesc_msgs/include/vesc_msgs\n'}
[3.673844] (vesc_msgs) StdoutLine: {'line': b'-- Up-to-date: /home/coche/coche_ws/install/vesc_msgs/include/vesc_msgs/msg\n'}
[3.674124] (vesc_msgs) StdoutLine: {'line': b'-- Up-to-date: /home/coche/coche_ws/install/vesc_msgs/include/vesc_msgs/msg/rosidl_typesupport_introspection_c__visibility_control.h\n'}
[3.674395] (vesc_msgs) StdoutLine: {'line': b'-- Up-to-date: /home/coche/coche_ws/install/vesc_msgs/include/vesc_msgs/msg/detail\n'}
[3.675212] (vesc_msgs) StdoutLine: {'line': b'-- Up-to-date: /home/coche/coche_ws/install/vesc_msgs/include/vesc_msgs/msg/detail/vesc_imu__type_support.c\n'}
[3.675560] (vesc_msgs) StdoutLine: {'line': b'-- Up-to-date: /home/coche/coche_ws/install/vesc_msgs/include/vesc_msgs/msg/detail/vesc_imu_stamped__rosidl_typesupport_introspection_c.h\n'}
[3.675928] (vesc_msgs) StdoutLine: {'line': b'-- Up-to-date: /home/coche/coche_ws/install/vesc_msgs/include/vesc_msgs/msg/detail/vesc_imu__rosidl_typesupport_introspection_c.h\n'}
[3.677288] (vesc_msgs) StdoutLine: {'line': b'-- Up-to-date: /home/coche/coche_ws/install/vesc_msgs/include/vesc_msgs/msg/detail/vesc_state_stamped__rosidl_typesupport_introspection_c.h\n'}
[3.678019] (vesc_msgs) StdoutLine: {'line': b'-- Up-to-date: /home/coche/coche_ws/install/vesc_msgs/include/vesc_msgs/msg/detail/vesc_imu_stamped__type_support.c\n'}
[3.678320] (vesc_msgs) StdoutLine: {'line': b'-- Up-to-date: /home/coche/coche_ws/install/vesc_msgs/include/vesc_msgs/msg/detail/vesc_state__rosidl_typesupport_introspection_c.h\n'}
[3.678715] (vesc_msgs) StdoutLine: {'line': b'-- Up-to-date: /home/coche/coche_ws/install/vesc_msgs/include/vesc_msgs/msg/detail/vesc_state__type_support.c\n'}
[3.679039] (vesc_msgs) StdoutLine: {'line': b'-- Up-to-date: /home/coche/coche_ws/install/vesc_msgs/include/vesc_msgs/msg/detail/vesc_state_stamped__type_support.c\n'}
[3.679350] (vesc_msgs) StdoutLine: {'line': b'-- Up-to-date: /home/coche/coche_ws/install/vesc_msgs/lib/libvesc_msgs__rosidl_typesupport_introspection_c.so\n'}
[3.679634] (vesc_msgs) StdoutLine: {'line': b'-- Up-to-date: /home/coche/coche_ws/install/vesc_msgs/lib/libvesc_msgs__rosidl_typesupport_c.so\n'}
[3.680372] (vesc_msgs) StdoutLine: {'line': b'-- Up-to-date: /home/coche/coche_ws/install/vesc_msgs/include/vesc_msgs\n'}
[3.680685] (vesc_msgs) StdoutLine: {'line': b'-- Up-to-date: /home/coche/coche_ws/install/vesc_msgs/include/vesc_msgs/msg\n'}
[3.680974] (vesc_msgs) StdoutLine: {'line': b'-- Up-to-date: /home/coche/coche_ws/install/vesc_msgs/include/vesc_msgs/msg/vesc_imu.hpp\n'}
[3.681265] (vesc_msgs) StdoutLine: {'line': b'-- Up-to-date: /home/coche/coche_ws/install/vesc_msgs/include/vesc_msgs/msg/detail\n'}
[3.681565] (vesc_msgs) StdoutLine: {'line': b'-- Up-to-date: /home/coche/coche_ws/install/vesc_msgs/include/vesc_msgs/msg/detail/vesc_imu_stamped__builder.hpp\n'}
[3.682016] (vesc_msgs) StdoutLine: {'line': b'-- Up-to-date: /home/coche/coche_ws/install/vesc_msgs/include/vesc_msgs/msg/detail/vesc_imu__type_support.hpp\n'}
[3.682311] (vesc_msgs) StdoutLine: {'line': b'-- Up-to-date: /home/coche/coche_ws/install/vesc_msgs/include/vesc_msgs/msg/detail/vesc_imu__struct.hpp\n'}
[3.682671] (vesc_msgs) StdoutLine: {'line': b'-- Up-to-date: /home/coche/coche_ws/install/vesc_msgs/include/vesc_msgs/msg/detail/vesc_imu_stamped__traits.hpp\n'}
[3.682976] (vesc_msgs) StdoutLine: {'line': b'-- Up-to-date: /home/coche/coche_ws/install/vesc_msgs/include/vesc_msgs/msg/detail/vesc_state_stamped__struct.hpp\n'}
[3.683257] (vesc_msgs) StdoutLine: {'line': b'-- Up-to-date: /home/coche/coche_ws/install/vesc_msgs/include/vesc_msgs/msg/detail/vesc_state__type_support.hpp\n'}
[3.683614] (vesc_msgs) StdoutLine: {'line': b'-- Up-to-date: /home/coche/coche_ws/install/vesc_msgs/include/vesc_msgs/msg/detail/vesc_state_stamped__builder.hpp\n'}
[3.684356] (vesc_msgs) StdoutLine: {'line': b'-- Up-to-date: /home/coche/coche_ws/install/vesc_msgs/include/vesc_msgs/msg/detail/vesc_state__traits.hpp\n'}
[3.684705] (vesc_msgs) StdoutLine: {'line': b'-- Up-to-date: /home/coche/coche_ws/install/vesc_msgs/include/vesc_msgs/msg/detail/vesc_state__builder.hpp\n'}
[3.685445] (vesc_msgs) StdoutLine: {'line': b'-- Up-to-date: /home/coche/coche_ws/install/vesc_msgs/include/vesc_msgs/msg/detail/vesc_state_stamped__type_support.hpp\n'}
[3.685772] (vesc_msgs) StdoutLine: {'line': b'-- Up-to-date: /home/coche/coche_ws/install/vesc_msgs/include/vesc_msgs/msg/detail/vesc_state_stamped__traits.hpp\n'}
[3.686049] (vesc_msgs) StdoutLine: {'line': b'-- Up-to-date: /home/coche/coche_ws/install/vesc_msgs/include/vesc_msgs/msg/detail/vesc_imu__traits.hpp\n'}
[3.686310] (vesc_msgs) StdoutLine: {'line': b'-- Up-to-date: /home/coche/coche_ws/install/vesc_msgs/include/vesc_msgs/msg/detail/vesc_imu_stamped__type_support.hpp\n'}
[3.686719] (vesc_msgs) StdoutLine: {'line': b'-- Up-to-date: /home/coche/coche_ws/install/vesc_msgs/include/vesc_msgs/msg/detail/vesc_imu_stamped__struct.hpp\n'}
[3.687042] (vesc_msgs) StdoutLine: {'line': b'-- Up-to-date: /home/coche/coche_ws/install/vesc_msgs/include/vesc_msgs/msg/detail/vesc_imu__builder.hpp\n'}
[3.687324] (vesc_msgs) StdoutLine: {'line': b'-- Up-to-date: /home/coche/coche_ws/install/vesc_msgs/include/vesc_msgs/msg/detail/vesc_state__struct.hpp\n'}
[3.687627] (vesc_msgs) StdoutLine: {'line': b'-- Up-to-date: /home/coche/coche_ws/install/vesc_msgs/include/vesc_msgs/msg/rosidl_generator_cpp__visibility_control.hpp\n'}
[3.689111] (vesc_msgs) StdoutLine: {'line': b'-- Up-to-date: /home/coche/coche_ws/install/vesc_msgs/include/vesc_msgs/msg/vesc_state.hpp\n'}
[3.689403] (vesc_msgs) StdoutLine: {'line': b'-- Up-to-date: /home/coche/coche_ws/install/vesc_msgs/include/vesc_msgs/msg/vesc_state_stamped.hpp\n'}
[3.689666] (vesc_msgs) StdoutLine: {'line': b'-- Up-to-date: /home/coche/coche_ws/install/vesc_msgs/include/vesc_msgs/msg/vesc_imu_stamped.hpp\n'}
[3.689940] (vesc_msgs) StdoutLine: {'line': b'-- Up-to-date: /home/coche/coche_ws/install/vesc_msgs/include/vesc_msgs\n'}
[3.690211] (vesc_msgs) StdoutLine: {'line': b'-- Up-to-date: /home/coche/coche_ws/install/vesc_msgs/include/vesc_msgs/msg\n'}
[3.690492] (vesc_msgs) StdoutLine: {'line': b'-- Up-to-date: /home/coche/coche_ws/install/vesc_msgs/include/vesc_msgs/msg/detail\n'}
[3.693042] (vesc_msgs) StdoutLine: {'line': b'-- Up-to-date: /home/coche/coche_ws/install/vesc_msgs/include/vesc_msgs/msg/detail/vesc_state__type_support.cpp\n'}
[3.693421] (vesc_msgs) StdoutLine: {'line': b'-- Up-to-date: /home/coche/coche_ws/install/vesc_msgs/include/vesc_msgs/msg/detail/vesc_imu__rosidl_typesupport_introspection_cpp.hpp\n'}
[3.693755] (vesc_msgs) StdoutLine: {'line': b'-- Up-to-date: /home/coche/coche_ws/install/vesc_msgs/include/vesc_msgs/msg/detail/vesc_imu__type_support.cpp\n'}
[3.694072] (vesc_msgs) StdoutLine: {'line': b'-- Up-to-date: /home/coche/coche_ws/install/vesc_msgs/include/vesc_msgs/msg/detail/vesc_state_stamped__rosidl_typesupport_introspection_cpp.hpp\n'}
[3.694380] (vesc_msgs) StdoutLine: {'line': b'-- Up-to-date: /home/coche/coche_ws/install/vesc_msgs/include/vesc_msgs/msg/detail/vesc_state__rosidl_typesupport_introspection_cpp.hpp\n'}
[3.694793] (vesc_msgs) StdoutLine: {'line': b'-- Up-to-date: /home/coche/coche_ws/install/vesc_msgs/include/vesc_msgs/msg/detail/vesc_imu_stamped__type_support.cpp\n'}
[3.695088] (vesc_msgs) StdoutLine: {'line': b'-- Up-to-date: /home/coche/coche_ws/install/vesc_msgs/include/vesc_msgs/msg/detail/vesc_state_stamped__type_support.cpp\n'}
[3.695755] (vesc_msgs) StdoutLine: {'line': b'-- Up-to-date: /home/coche/coche_ws/install/vesc_msgs/include/vesc_msgs/msg/detail/vesc_imu_stamped__rosidl_typesupport_introspection_cpp.hpp\n'}
[3.696070] (vesc_msgs) StdoutLine: {'line': b'-- Up-to-date: /home/coche/coche_ws/install/vesc_msgs/lib/libvesc_msgs__rosidl_typesupport_introspection_cpp.so\n'}
[3.697225] (vesc_msgs) StdoutLine: {'line': b'-- Up-to-date: /home/coche/coche_ws/install/vesc_msgs/lib/libvesc_msgs__rosidl_typesupport_cpp.so\n'}
[3.697527] (vesc_msgs) StdoutLine: {'line': b'-- Up-to-date: /home/coche/coche_ws/install/vesc_msgs/share/vesc_msgs/environment/pythonpath.sh\n'}
[3.697867] (vesc_msgs) StdoutLine: {'line': b'-- Up-to-date: /home/coche/coche_ws/install/vesc_msgs/share/vesc_msgs/environment/pythonpath.dsv\n'}
[3.698144] (vesc_msgs) StdoutLine: {'line': b'-- Up-to-date: /home/coche/coche_ws/install/vesc_msgs/lib/python3.8/site-packages/vesc_msgs/__init__.py\n'}
[3.757013] (-) TimerEvent: {}
[3.857923] (-) TimerEvent: {}
[3.871627] (vesc_msgs) StdoutLine: {'line': b'-- Up-to-date: /home/coche/coche_ws/install/vesc_msgs/lib/python3.8/site-packages/vesc_msgs/msg\n'}
[3.872301] (vesc_msgs) StdoutLine: {'line': b'-- Up-to-date: /home/coche/coche_ws/install/vesc_msgs/lib/python3.8/site-packages/vesc_msgs/msg/_vesc_state_stamped_s.c\n'}
[3.872677] (vesc_msgs) StdoutLine: {'line': b'-- Up-to-date: /home/coche/coche_ws/install/vesc_msgs/lib/python3.8/site-packages/vesc_msgs/msg/_vesc_imu_stamped_s.c\n'}
[3.872962] (vesc_msgs) StdoutLine: {'line': b'-- Up-to-date: /home/coche/coche_ws/install/vesc_msgs/lib/python3.8/site-packages/vesc_msgs/msg/_vesc_imu.py\n'}
[3.873229] (vesc_msgs) StdoutLine: {'line': b'-- Up-to-date: /home/coche/coche_ws/install/vesc_msgs/lib/python3.8/site-packages/vesc_msgs/msg/_vesc_state_stamped.py\n'}
[3.873518] (vesc_msgs) StdoutLine: {'line': b'-- Up-to-date: /home/coche/coche_ws/install/vesc_msgs/lib/python3.8/site-packages/vesc_msgs/msg/__init__.py\n'}
[3.873827] (vesc_msgs) StdoutLine: {'line': b'-- Up-to-date: /home/coche/coche_ws/install/vesc_msgs/lib/python3.8/site-packages/vesc_msgs/msg/_vesc_imu_stamped.py\n'}
[3.874166] (vesc_msgs) StdoutLine: {'line': b'-- Up-to-date: /home/coche/coche_ws/install/vesc_msgs/lib/python3.8/site-packages/vesc_msgs/msg/_vesc_imu_s.c\n'}
[3.874468] (vesc_msgs) StdoutLine: {'line': b'-- Up-to-date: /home/coche/coche_ws/install/vesc_msgs/lib/python3.8/site-packages/vesc_msgs/msg/_vesc_state_s.c\n'}
[3.874860] (vesc_msgs) StdoutLine: {'line': b'-- Up-to-date: /home/coche/coche_ws/install/vesc_msgs/lib/python3.8/site-packages/vesc_msgs/msg/_vesc_state.py\n'}
[3.875685] (vesc_msgs) StdoutLine: {'line': b'-- Up-to-date: /home/coche/coche_ws/install/vesc_msgs/lib/python3.8/site-packages/vesc_msgs/vesc_msgs_s__rosidl_typesupport_fastrtps_c.cpython-38-aarch64-linux-gnu.so\n'}
[3.876828] (vesc_msgs) StdoutLine: {'line': b'-- Up-to-date: /home/coche/coche_ws/install/vesc_msgs/lib/python3.8/site-packages/vesc_msgs/vesc_msgs_s__rosidl_typesupport_introspection_c.cpython-38-aarch64-linux-gnu.so\n'}
[3.885059] (vesc_msgs) StdoutLine: {'line': b'-- Up-to-date: /home/coche/coche_ws/install/vesc_msgs/lib/python3.8/site-packages/vesc_msgs/vesc_msgs_s__rosidl_typesupport_c.cpython-38-aarch64-linux-gnu.so\n'}
[3.888219] (vesc_msgs) StdoutLine: {'line': b'-- Up-to-date: /home/coche/coche_ws/install/vesc_msgs/lib/libvesc_msgs__python.so\n'}
[3.889531] (vesc_msgs) StdoutLine: {'line': b'-- Up-to-date: /home/coche/coche_ws/install/vesc_msgs/share/vesc_msgs/msg/VescState.idl\n'}
[3.890157] (vesc_msgs) StdoutLine: {'line': b'-- Up-to-date: /home/coche/coche_ws/install/vesc_msgs/share/vesc_msgs/msg/VescStateStamped.idl\n'}
[3.890592] (vesc_msgs) StdoutLine: {'line': b'-- Up-to-date: /home/coche/coche_ws/install/vesc_msgs/share/vesc_msgs/msg/VescImu.idl\n'}
[3.892256] (vesc_msgs) StdoutLine: {'line': b'-- Up-to-date: /home/coche/coche_ws/install/vesc_msgs/share/vesc_msgs/msg/VescImuStamped.idl\n'}
[3.892905] (vesc_msgs) StdoutLine: {'line': b'-- Up-to-date: /home/coche/coche_ws/install/vesc_msgs/share/vesc_msgs/msg/VescState.msg\n'}
[3.893289] (vesc_msgs) StdoutLine: {'line': b'-- Up-to-date: /home/coche/coche_ws/install/vesc_msgs/share/vesc_msgs/msg/VescStateStamped.msg\n'}
[3.893774] (vesc_msgs) StdoutLine: {'line': b'-- Up-to-date: /home/coche/coche_ws/install/vesc_msgs/share/vesc_msgs/msg/VescImu.msg\n'}
[3.894121] (vesc_msgs) StdoutLine: {'line': b'-- Up-to-date: /home/coche/coche_ws/install/vesc_msgs/share/vesc_msgs/msg/VescImuStamped.msg\n'}
[3.894732] (vesc_msgs) StdoutLine: {'line': b'-- Up-to-date: /home/coche/coche_ws/install/vesc_msgs/share/ament_index/resource_index/package_run_dependencies/vesc_msgs\n'}
[3.895159] (vesc_msgs) StdoutLine: {'line': b'-- Up-to-date: /home/coche/coche_ws/install/vesc_msgs/share/ament_index/resource_index/parent_prefix_path/vesc_msgs\n'}
[3.895449] (vesc_msgs) StdoutLine: {'line': b'-- Up-to-date: /home/coche/coche_ws/install/vesc_msgs/share/vesc_msgs/environment/ament_prefix_path.sh\n'}
[3.896596] (vesc_msgs) StdoutLine: {'line': b'-- Up-to-date: /home/coche/coche_ws/install/vesc_msgs/share/vesc_msgs/environment/ament_prefix_path.dsv\n'}
[3.897015] (vesc_msgs) StdoutLine: {'line': b'-- Up-to-date: /home/coche/coche_ws/install/vesc_msgs/share/vesc_msgs/environment/path.sh\n'}
[3.897298] (vesc_msgs) StdoutLine: {'line': b'-- Up-to-date: /home/coche/coche_ws/install/vesc_msgs/share/vesc_msgs/environment/path.dsv\n'}
[3.897806] (vesc_msgs) StdoutLine: {'line': b'-- Up-to-date: /home/coche/coche_ws/install/vesc_msgs/share/vesc_msgs/local_setup.bash\n'}
[3.898109] (vesc_msgs) StdoutLine: {'line': b'-- Up-to-date: /home/coche/coche_ws/install/vesc_msgs/share/vesc_msgs/local_setup.sh\n'}
[3.898378] (vesc_msgs) StdoutLine: {'line': b'-- Up-to-date: /home/coche/coche_ws/install/vesc_msgs/share/vesc_msgs/local_setup.zsh\n'}
[3.898949] (vesc_msgs) StdoutLine: {'line': b'-- Up-to-date: /home/coche/coche_ws/install/vesc_msgs/share/vesc_msgs/local_setup.dsv\n'}
[3.899236] (vesc_msgs) StdoutLine: {'line': b'-- Installing: /home/coche/coche_ws/install/vesc_msgs/share/vesc_msgs/package.dsv\n'}
[3.899722] (vesc_msgs) StdoutLine: {'line': b'-- Up-to-date: /home/coche/coche_ws/install/vesc_msgs/share/ament_index/resource_index/packages/vesc_msgs\n'}
[3.900137] (vesc_msgs) StdoutLine: {'line': b'-- Up-to-date: /home/coche/coche_ws/install/vesc_msgs/share/vesc_msgs/cmake/vesc_msgs__rosidl_generator_cExport.cmake\n'}
[3.900611] (vesc_msgs) StdoutLine: {'line': b'-- Up-to-date: /home/coche/coche_ws/install/vesc_msgs/share/vesc_msgs/cmake/vesc_msgs__rosidl_generator_cExport-noconfig.cmake\n'}
[3.901092] (vesc_msgs) StdoutLine: {'line': b'-- Up-to-date: /home/coche/coche_ws/install/vesc_msgs/share/vesc_msgs/cmake/vesc_msgs__rosidl_typesupport_introspection_cExport.cmake\n'}
[3.901376] (vesc_msgs) StdoutLine: {'line': b'-- Up-to-date: /home/coche/coche_ws/install/vesc_msgs/share/vesc_msgs/cmake/vesc_msgs__rosidl_typesupport_introspection_cExport-noconfig.cmake\n'}
[3.902942] (vesc_msgs) StdoutLine: {'line': b'-- Up-to-date: /home/coche/coche_ws/install/vesc_msgs/share/vesc_msgs/cmake/vesc_msgs__rosidl_typesupport_cExport.cmake\n'}
[3.903558] (vesc_msgs) StdoutLine: {'line': b'-- Up-to-date: /home/coche/coche_ws/install/vesc_msgs/share/vesc_msgs/cmake/vesc_msgs__rosidl_typesupport_cExport-noconfig.cmake\n'}
[3.903987] (vesc_msgs) StdoutLine: {'line': b'-- Up-to-date: /home/coche/coche_ws/install/vesc_msgs/share/vesc_msgs/cmake/vesc_msgs__rosidl_generator_cppExport.cmake\n'}
[3.904699] (vesc_msgs) StdoutLine: {'line': b'-- Up-to-date: /home/coche/coche_ws/install/vesc_msgs/share/vesc_msgs/cmake/vesc_msgs__rosidl_typesupport_introspection_cppExport.cmake\n'}
[3.905336] (vesc_msgs) StdoutLine: {'line': b'-- Up-to-date: /home/coche/coche_ws/install/vesc_msgs/share/vesc_msgs/cmake/vesc_msgs__rosidl_typesupport_introspection_cppExport-noconfig.cmake\n'}
[3.906153] (vesc_msgs) StdoutLine: {'line': b'-- Up-to-date: /home/coche/coche_ws/install/vesc_msgs/share/vesc_msgs/cmake/vesc_msgs__rosidl_typesupport_cppExport.cmake\n'}
[3.910421] (vesc_msgs) StdoutLine: {'line': b'-- Up-to-date: /home/coche/coche_ws/install/vesc_msgs/share/vesc_msgs/cmake/vesc_msgs__rosidl_typesupport_cppExport-noconfig.cmake\n'}
[3.911070] (vesc_msgs) StdoutLine: {'line': b'-- Up-to-date: /home/coche/coche_ws/install/vesc_msgs/share/vesc_msgs/cmake/rosidl_cmake-extras.cmake\n'}
[3.911425] (vesc_msgs) StdoutLine: {'line': b'-- Up-to-date: /home/coche/coche_ws/install/vesc_msgs/share/vesc_msgs/cmake/ament_cmake_export_dependencies-extras.cmake\n'}
[3.911738] (vesc_msgs) StdoutLine: {'line': b'-- Up-to-date: /home/coche/coche_ws/install/vesc_msgs/share/vesc_msgs/cmake/ament_cmake_export_libraries-extras.cmake\n'}
[3.912039] (vesc_msgs) StdoutLine: {'line': b'-- Up-to-date: /home/coche/coche_ws/install/vesc_msgs/share/vesc_msgs/cmake/ament_cmake_export_targets-extras.cmake\n'}
[3.912423] (vesc_msgs) StdoutLine: {'line': b'-- Up-to-date: /home/coche/coche_ws/install/vesc_msgs/share/vesc_msgs/cmake/ament_cmake_export_include_directories-extras.cmake\n'}
[3.912761] (vesc_msgs) StdoutLine: {'line': b'-- Up-to-date: /home/coche/coche_ws/install/vesc_msgs/share/vesc_msgs/cmake/rosidl_cmake_export_typesupport_libraries-extras.cmake\n'}
[3.913081] (vesc_msgs) StdoutLine: {'line': b'-- Up-to-date: /home/coche/coche_ws/install/vesc_msgs/share/vesc_msgs/cmake/rosidl_cmake_export_typesupport_targets-extras.cmake\n'}
[3.913407] (vesc_msgs) StdoutLine: {'line': b'-- Up-to-date: /home/coche/coche_ws/install/vesc_msgs/share/vesc_msgs/cmake/vesc_msgsConfig.cmake\n'}
[3.913717] (vesc_msgs) StdoutLine: {'line': b'-- Up-to-date: /home/coche/coche_ws/install/vesc_msgs/share/vesc_msgs/cmake/vesc_msgsConfig-version.cmake\n'}
[3.914032] (vesc_msgs) StdoutLine: {'line': b'-- Up-to-date: /home/coche/coche_ws/install/vesc_msgs/share/vesc_msgs/package.xml\n'}
[3.924537] (vesc_msgs) CommandEnded: {'returncode': 0}
[3.958126] (-) TimerEvent: {}
[4.059963] (-) TimerEvent: {}
[4.068464] (teleop_tools_msgs) JobEnded: {'identifier': 'teleop_tools_msgs', 'rc': 0}
[4.073078] (joy_teleop) JobStarted: {'identifier': 'joy_teleop'}
[4.160631] (-) TimerEvent: {}
[4.263943] (-) TimerEvent: {}
[4.364890] (-) TimerEvent: {}
[4.465735] (-) TimerEvent: {}
[4.566690] (-) TimerEvent: {}
[4.667572] (-) TimerEvent: {}
[4.700283] (key_teleop) StdoutLine: {'line': b'running egg_info\n'}
[4.703365] (key_teleop) StdoutLine: {'line': b'writing ../../../../build/key_teleop/key_teleop.egg-info/PKG-INFO\n'}
[4.704444] (key_teleop) StdoutLine: {'line': b'writing dependency_links to ../../../../build/key_teleop/key_teleop.egg-info/dependency_links.txt\n'}
[4.705191] (key_teleop) StdoutLine: {'line': b'writing entry points to ../../../../build/key_teleop/key_teleop.egg-info/entry_points.txt\n'}
[4.705867] (key_teleop) StdoutLine: {'line': b'writing requirements to ../../../../build/key_teleop/key_teleop.egg-info/requires.txt\n'}
[4.706504] (key_teleop) StdoutLine: {'line': b'writing top-level names to ../../../../build/key_teleop/key_teleop.egg-info/top_level.txt\n'}
[4.767800] (-) TimerEvent: {}
[4.864993] (key_teleop) StdoutLine: {'line': b"reading manifest file '../../../../build/key_teleop/key_teleop.egg-info/SOURCES.txt'\n"}
[4.868002] (-) TimerEvent: {}
[4.868946] (key_teleop) StdoutLine: {'line': b"writing manifest file '../../../../build/key_teleop/key_teleop.egg-info/SOURCES.txt'\n"}
[4.869748] (key_teleop) StdoutLine: {'line': b'running build\n'}
[4.870105] (key_teleop) StdoutLine: {'line': b'running build_py\n'}
[4.870714] (key_teleop) StdoutLine: {'line': b'running install\n'}
[4.876586] (key_teleop) StdoutLine: {'line': b'running install_lib\n'}
[4.882347] (key_teleop) StdoutLine: {'line': b'running install_data\n'}
[4.883325] (key_teleop) StdoutLine: {'line': b'running install_egg_info\n'}
[4.889324] (key_teleop) StdoutLine: {'line': b"removing '/home/coche/coche_ws/install/key_teleop/lib/python3.8/site-packages/key_teleop-0.3.0-py3.8.egg-info' (and everything under it)\n"}
[4.891470] (key_teleop) StdoutLine: {'line': b'Copying ../../../../build/key_teleop/key_teleop.egg-info to /home/coche/coche_ws/install/key_teleop/lib/python3.8/site-packages/key_teleop-0.3.0-py3.8.egg-info\n'}
[4.897010] (key_teleop) StdoutLine: {'line': b'running install_scripts\n'}
[4.968242] (-) TimerEvent: {}
[4.973501] (key_teleop) StdoutLine: {'line': b'Installing key_teleop script to /home/coche/coche_ws/install/key_teleop/lib/key_teleop\n'}
[4.975075] (key_teleop) StdoutLine: {'line': b"writing list of installed files to '/home/coche/coche_ws/build/key_teleop/install.log'\n"}
[5.068437] (-) TimerEvent: {}
[5.170382] (-) TimerEvent: {}
[5.271310] (-) TimerEvent: {}
[5.354593] (key_teleop) CommandEnded: {'returncode': 0}
[5.373545] (-) TimerEvent: {}
[5.399013] (key_teleop) JobEnded: {'identifier': 'key_teleop', 'rc': 0}
[5.442148] (vesc_msgs) JobEnded: {'identifier': 'vesc_msgs', 'rc': 0}
[5.447231] (vesc_ackermann) JobStarted: {'identifier': 'vesc_ackermann'}
[5.473271] (vesc_driver) JobStarted: {'identifier': 'vesc_driver'}
[5.474411] (-) TimerEvent: {}
[5.544674] (mouse_teleop) Command: {'cmd': ['/usr/bin/python3', '-W', 'ignore:setup.py install is deprecated', 'setup.py', 'egg_info', '--egg-base', '../../../../build/mouse_teleop', 'build', '--build-base', '/home/coche/coche_ws/build/mouse_teleop/build', 'install', '--record', '/home/coche/coche_ws/build/mouse_teleop/install.log', '--install-scripts', '$base/lib/mouse_teleop', '--single-version-externally-managed', 'install_data'], 'cwd': '/home/coche/coche_ws/src/f1tenth_system/teleop_tools/mouse_teleop', 'env': {'LESSOPEN': '| /usr/bin/lesspipe %s', 'USER': 'coche', 'SSH_CLIENT': '192.168.119.214 33380 22', 'LC_TIME': 'C.UTF-8', 'XDG_SESSION_TYPE': 'tty', 'SHLVL': '1', 'LD_LIBRARY_PATH': '/home/coche/coche_ws/install/vesc_driver/lib:/home/coche/coche_ws/install/vesc_ackermann/lib:/home/coche/coche_ws/install/vesc_msgs/lib:/home/coche/coche_ws/install/teleop_tools_msgs/lib:/opt/ros/foxy/opt/yaml_cpp_vendor/lib:/opt/ros/foxy/opt/rviz_ogre_vendor/lib:/opt/ros/foxy/lib/aarch64-linux-gnu:/opt/ros/foxy/lib', 'MOTD_SHOWN': 'pam', 'HOME': '/home/coche', 'OLDPWD': '/home/coche', 'SSH_TTY': '/dev/pts/0', 'ROS_PYTHON_VERSION': '3', 'LC_MONETARY': 'C.UTF-8', 'DBUS_SESSION_BUS_ADDRESS': 'unix:path=/run/user/1000/bus', 'COLCON_PREFIX_PATH': '/home/coche/coche_ws/install', 'ROS_DISTRO': 'foxy', 'LOGNAME': 'coche', '_': '/usr/bin/colcon', 'ROS_VERSION': '2', 'XDG_SESSION_CLASS': 'user', 'TERM': 'xterm-256color', 'XDG_SESSION_ID': '2', 'ROS_LOCALHOST_ONLY': '0', 'PATH': '/opt/ros/foxy/bin:/usr/local/sbin:/usr/local/bin:/usr/sbin:/usr/bin:/sbin:/bin:/usr/games:/usr/local/games:/snap/bin', 'LC_ADDRESS': 'C.UTF-8', 'XDG_RUNTIME_DIR': '/run/user/1000', 'DISPLAY': 'localhost:10.0', 'LANG': 'C.UTF-8', 'LC_TELEPHONE': 'C.UTF-8', 'LS_COLORS': 'rs=0:di=01;34:ln=01;36:mh=00:pi=40;33:so=01;35:do=01;35:bd=40;33;01:cd=40;33;01:or=40;31;01:mi=00:su=37;41:sg=30;43:ca=30;41:tw=30;42:ow=34;42:st=37;44:ex=01;32:*.tar=01;31:*.tgz=01;31:*.arc=01;31:*.arj=01;31:*.taz=01;31:*.lha=01;31:*.lz4=01;31:*.lzh=01;31:*.lzma=01;31:*.tlz=01;31:*.txz=01;31:*.tzo=01;31:*.t7z=01;31:*.zip=01;31:*.z=01;31:*.dz=01;31:*.gz=01;31:*.lrz=01;31:*.lz=01;31:*.lzo=01;31:*.xz=01;31:*.zst=01;31:*.tzst=01;31:*.bz2=01;31:*.bz=01;31:*.tbz=01;31:*.tbz2=01;31:*.tz=01;31:*.deb=01;31:*.rpm=01;31:*.jar=01;31:*.war=01;31:*.ear=01;31:*.sar=01;31:*.rar=01;31:*.alz=01;31:*.ace=01;31:*.zoo=01;31:*.cpio=01;31:*.7z=01;31:*.rz=01;31:*.cab=01;31:*.wim=01;31:*.swm=01;31:*.dwm=01;31:*.esd=01;31:*.jpg=01;35:*.jpeg=01;35:*.mjpg=01;35:*.mjpeg=01;35:*.gif=01;35:*.bmp=01;35:*.pbm=01;35:*.pgm=01;35:*.ppm=01;35:*.tga=01;35:*.xbm=01;35:*.xpm=01;35:*.tif=01;35:*.tiff=01;35:*.png=01;35:*.svg=01;35:*.svgz=01;35:*.mng=01;35:*.pcx=01;35:*.mov=01;35:*.mpg=01;35:*.mpeg=01;35:*.m2v=01;35:*.mkv=01;35:*.webm=01;35:*.ogm=01;35:*.mp4=01;35:*.m4v=01;35:*.mp4v=01;35:*.vob=01;35:*.qt=01;35:*.nuv=01;35:*.wmv=01;35:*.asf=01;35:*.rm=01;35:*.rmvb=01;35:*.flc=01;35:*.avi=01;35:*.fli=01;35:*.flv=01;35:*.gl=01;35:*.dl=01;35:*.xcf=01;35:*.xwd=01;35:*.yuv=01;35:*.cgm=01;35:*.emf=01;35:*.ogv=01;35:*.ogx=01;35:*.aac=00;36:*.au=00;36:*.flac=00;36:*.m4a=00;36:*.mid=00;36:*.midi=00;36:*.mka=00;36:*.mp3=00;36:*.mpc=00;36:*.ogg=00;36:*.ra=00;36:*.wav=00;36:*.oga=00;36:*.opus=00;36:*.spx=00;36:*.xspf=00;36:', 'AMENT_PREFIX_PATH': '/home/coche/coche_ws/install/f1tenth_stack:/home/coche/coche_ws/install/vesc:/home/coche/coche_ws/install/vesc_driver:/home/coche/coche_ws/install/vesc_ackermann:/home/coche/coche_ws/install/vesc_msgs:/home/coche/coche_ws/install/teleop_tools:/home/coche/coche_ws/install/joy_teleop:/home/coche/coche_ws/install/teleop_tools_msgs:/home/coche/coche_ws/install/mouse_teleop:/home/coche/coche_ws/install/key_teleop:/home/coche/coche_ws/install/ackermann_mux:/opt/ros/foxy', 'SHELL': '/bin/bash', 'LC_NAME': 'C.UTF-8', 'LESSCLOSE': '/usr/bin/lesspipe %s %s', 'LC_MEASUREMENT': 'C.UTF-8', 'LC_IDENTIFICATION': 'C.UTF-8', 'PWD': '/home/coche/coche_ws/build/mouse_teleop', 'SSH_CONNECTION': '192.168.119.214 33380 192.168.119.61 22', 'XDG_DATA_DIRS': '/home/coche/.local/share/flatpak/exports/share:/var/lib/flatpak/exports/share:/usr/local/share:/usr/share:/var/lib/snapd/desktop', 'PYTHONPATH': '/home/coche/coche_ws/build/mouse_teleop/prefix_override:/usr/lib/python3/dist-packages/colcon_core/task/python/colcon_distutils_commands:/home/coche/coche_ws/install/mouse_teleop/lib/python3.8/site-packages:/home/coche/coche_ws/install/f1tenth_stack/lib/python3.8/site-packages:/home/coche/coche_ws/install/vesc_msgs/lib/python3.8/site-packages:/home/coche/coche_ws/install/joy_teleop/lib/python3.8/site-packages:/home/coche/coche_ws/install/teleop_tools_msgs/lib/python3.8/site-packages:/home/coche/coche_ws/install/mouse_teleop/lib/python3.8/site-packages:/home/coche/coche_ws/install/key_teleop/lib/python3.8/site-packages:/opt/ros/foxy/lib/python3.8/site-packages', 'LC_NUMERIC': 'C.UTF-8', 'LC_PAPER': 'C.UTF-8', 'COLCON': '1', 'CMAKE_PREFIX_PATH': '/home/coche/coche_ws/install/vesc:/home/coche/coche_ws/install/vesc_driver:/home/coche/coche_ws/install/vesc_ackermann:/home/coche/coche_ws/install/vesc_msgs:/home/coche/coche_ws/install/teleop_tools:/home/coche/coche_ws/install/teleop_tools_msgs:/home/coche/coche_ws/install/ackermann_mux'}, 'shell': False}
[5.573874] (vesc_ackermann) JobProgress: {'identifier': 'vesc_ackermann', 'progress': 'cmake'}
[5.579643] (vesc_ackermann) JobProgress: {'identifier': 'vesc_ackermann', 'progress': 'build'}
[5.579871] (-) TimerEvent: {}
[5.589868] (vesc_ackermann) Command: {'cmd': ['/usr/bin/cmake', '--build', '/home/coche/coche_ws/build/vesc_ackermann', '--', '-j4', '-l4'], 'cwd': '/home/coche/coche_ws/build/vesc_ackermann', 'env': OrderedDict([('LESSOPEN', '| /usr/bin/lesspipe %s'), ('USER', 'coche'), ('SSH_CLIENT', '192.168.119.214 33380 22'), ('LC_TIME', 'C.UTF-8'), ('XDG_SESSION_TYPE', 'tty'), ('SHLVL', '1'), ('LD_LIBRARY_PATH', '/home/coche/coche_ws/install/vesc_msgs/lib:/home/coche/coche_ws/install/vesc_driver/lib:/home/coche/coche_ws/install/vesc_ackermann/lib:/home/coche/coche_ws/install/teleop_tools_msgs/lib:/opt/ros/foxy/opt/yaml_cpp_vendor/lib:/opt/ros/foxy/opt/rviz_ogre_vendor/lib:/opt/ros/foxy/lib/aarch64-linux-gnu:/opt/ros/foxy/lib'), ('MOTD_SHOWN', 'pam'), ('HOME', '/home/coche'), ('OLDPWD', '/home/coche'), ('SSH_TTY', '/dev/pts/0'), ('ROS_PYTHON_VERSION', '3'), ('LC_MONETARY', 'C.UTF-8'), ('DBUS_SESSION_BUS_ADDRESS', 'unix:path=/run/user/1000/bus'), ('COLCON_PREFIX_PATH', '/home/coche/coche_ws/install'), ('ROS_DISTRO', 'foxy'), ('LOGNAME', 'coche'), ('_', '/usr/bin/colcon'), ('ROS_VERSION', '2'), ('XDG_SESSION_CLASS', 'user'), ('TERM', 'xterm-256color'), ('XDG_SESSION_ID', '2'), ('ROS_LOCALHOST_ONLY', '0'), ('PATH', '/opt/ros/foxy/bin:/usr/local/sbin:/usr/local/bin:/usr/sbin:/usr/bin:/sbin:/bin:/usr/games:/usr/local/games:/snap/bin'), ('LC_ADDRESS', 'C.UTF-8'), ('XDG_RUNTIME_DIR', '/run/user/1000'), ('DISPLAY', 'localhost:10.0'), ('LANG', 'C.UTF-8'), ('LC_TELEPHONE', 'C.UTF-8'), ('LS_COLORS', 'rs=0:di=01;34:ln=01;36:mh=00:pi=40;33:so=01;35:do=01;35:bd=40;33;01:cd=40;33;01:or=40;31;01:mi=00:su=37;41:sg=30;43:ca=30;41:tw=30;42:ow=34;42:st=37;44:ex=01;32:*.tar=01;31:*.tgz=01;31:*.arc=01;31:*.arj=01;31:*.taz=01;31:*.lha=01;31:*.lz4=01;31:*.lzh=01;31:*.lzma=01;31:*.tlz=01;31:*.txz=01;31:*.tzo=01;31:*.t7z=01;31:*.zip=01;31:*.z=01;31:*.dz=01;31:*.gz=01;31:*.lrz=01;31:*.lz=01;31:*.lzo=01;31:*.xz=01;31:*.zst=01;31:*.tzst=01;31:*.bz2=01;31:*.bz=01;31:*.tbz=01;31:*.tbz2=01;31:*.tz=01;31:*.deb=01;31:*.rpm=01;31:*.jar=01;31:*.war=01;31:*.ear=01;31:*.sar=01;31:*.rar=01;31:*.alz=01;31:*.ace=01;31:*.zoo=01;31:*.cpio=01;31:*.7z=01;31:*.rz=01;31:*.cab=01;31:*.wim=01;31:*.swm=01;31:*.dwm=01;31:*.esd=01;31:*.jpg=01;35:*.jpeg=01;35:*.mjpg=01;35:*.mjpeg=01;35:*.gif=01;35:*.bmp=01;35:*.pbm=01;35:*.pgm=01;35:*.ppm=01;35:*.tga=01;35:*.xbm=01;35:*.xpm=01;35:*.tif=01;35:*.tiff=01;35:*.png=01;35:*.svg=01;35:*.svgz=01;35:*.mng=01;35:*.pcx=01;35:*.mov=01;35:*.mpg=01;35:*.mpeg=01;35:*.m2v=01;35:*.mkv=01;35:*.webm=01;35:*.ogm=01;35:*.mp4=01;35:*.m4v=01;35:*.mp4v=01;35:*.vob=01;35:*.qt=01;35:*.nuv=01;35:*.wmv=01;35:*.asf=01;35:*.rm=01;35:*.rmvb=01;35:*.flc=01;35:*.avi=01;35:*.fli=01;35:*.flv=01;35:*.gl=01;35:*.dl=01;35:*.xcf=01;35:*.xwd=01;35:*.yuv=01;35:*.cgm=01;35:*.emf=01;35:*.ogv=01;35:*.ogx=01;35:*.aac=00;36:*.au=00;36:*.flac=00;36:*.m4a=00;36:*.mid=00;36:*.midi=00;36:*.mka=00;36:*.mp3=00;36:*.mpc=00;36:*.ogg=00;36:*.ra=00;36:*.wav=00;36:*.oga=00;36:*.opus=00;36:*.spx=00;36:*.xspf=00;36:'), ('AMENT_PREFIX_PATH', '/home/coche/coche_ws/install/f1tenth_stack:/home/coche/coche_ws/install/vesc:/home/coche/coche_ws/install/vesc_driver:/home/coche/coche_ws/install/vesc_ackermann:/home/coche/coche_ws/install/vesc_msgs:/home/coche/coche_ws/install/teleop_tools:/home/coche/coche_ws/install/joy_teleop:/home/coche/coche_ws/install/teleop_tools_msgs:/home/coche/coche_ws/install/mouse_teleop:/home/coche/coche_ws/install/key_teleop:/home/coche/coche_ws/install/ackermann_mux:/opt/ros/foxy'), ('SHELL', '/bin/bash'), ('LC_NAME', 'C.UTF-8'), ('LESSCLOSE', '/usr/bin/lesspipe %s %s'), ('LC_MEASUREMENT', 'C.UTF-8'), ('LC_IDENTIFICATION', 'C.UTF-8'), ('PWD', '/home/coche/coche_ws/build/vesc_ackermann'), ('SSH_CONNECTION', '192.168.119.214 33380 192.168.119.61 22'), ('XDG_DATA_DIRS', '/home/coche/.local/share/flatpak/exports/share:/var/lib/flatpak/exports/share:/usr/local/share:/usr/share:/var/lib/snapd/desktop'), ('PYTHONPATH', '/home/coche/coche_ws/install/vesc_msgs/lib/python3.8/site-packages:/home/coche/coche_ws/install/f1tenth_stack/lib/python3.8/site-packages:/home/coche/coche_ws/install/joy_teleop/lib/python3.8/site-packages:/home/coche/coche_ws/install/teleop_tools_msgs/lib/python3.8/site-packages:/home/coche/coche_ws/install/mouse_teleop/lib/python3.8/site-packages:/home/coche/coche_ws/install/key_teleop/lib/python3.8/site-packages:/opt/ros/foxy/lib/python3.8/site-packages'), ('LC_NUMERIC', 'C.UTF-8'), ('LC_PAPER', 'C.UTF-8'), ('COLCON', '1'), ('CMAKE_PREFIX_PATH', '/home/coche/coche_ws/install/vesc_msgs:/home/coche/coche_ws/install/vesc:/home/coche/coche_ws/install/vesc_driver:/home/coche/coche_ws/install/vesc_ackermann:/home/coche/coche_ws/install/teleop_tools:/home/coche/coche_ws/install/teleop_tools_msgs:/home/coche/coche_ws/install/ackermann_mux:/home/coche/coche_ws/install/f1tenth_stack:/home/coche/coche_ws/install/joy_teleop:/home/coche/coche_ws/install/mouse_teleop:/home/coche/coche_ws/install/key_teleop:/opt/ros/foxy')]), 'shell': False}
[5.610366] (vesc_driver) JobProgress: {'identifier': 'vesc_driver', 'progress': 'cmake'}
[5.615891] (vesc_driver) JobProgress: {'identifier': 'vesc_driver', 'progress': 'build'}
[5.623166] (vesc_driver) Command: {'cmd': ['/usr/bin/cmake', '--build', '/home/coche/coche_ws/build/vesc_driver', '--', '-j4', '-l4'], 'cwd': '/home/coche/coche_ws/build/vesc_driver', 'env': OrderedDict([('LESSOPEN', '| /usr/bin/lesspipe %s'), ('USER', 'coche'), ('SSH_CLIENT', '192.168.119.214 33380 22'), ('LC_TIME', 'C.UTF-8'), ('XDG_SESSION_TYPE', 'tty'), ('SHLVL', '1'), ('LD_LIBRARY_PATH', '/home/coche/coche_ws/install/vesc_msgs/lib:/home/coche/coche_ws/install/vesc_driver/lib:/home/coche/coche_ws/install/vesc_ackermann/lib:/home/coche/coche_ws/install/teleop_tools_msgs/lib:/opt/ros/foxy/opt/yaml_cpp_vendor/lib:/opt/ros/foxy/opt/rviz_ogre_vendor/lib:/opt/ros/foxy/lib/aarch64-linux-gnu:/opt/ros/foxy/lib'), ('MOTD_SHOWN', 'pam'), ('HOME', '/home/coche'), ('OLDPWD', '/home/coche'), ('SSH_TTY', '/dev/pts/0'), ('ROS_PYTHON_VERSION', '3'), ('LC_MONETARY', 'C.UTF-8'), ('DBUS_SESSION_BUS_ADDRESS', 'unix:path=/run/user/1000/bus'), ('COLCON_PREFIX_PATH', '/home/coche/coche_ws/install'), ('ROS_DISTRO', 'foxy'), ('LOGNAME', 'coche'), ('_', '/usr/bin/colcon'), ('ROS_VERSION', '2'), ('XDG_SESSION_CLASS', 'user'), ('TERM', 'xterm-256color'), ('XDG_SESSION_ID', '2'), ('ROS_LOCALHOST_ONLY', '0'), ('PATH', '/opt/ros/foxy/bin:/usr/local/sbin:/usr/local/bin:/usr/sbin:/usr/bin:/sbin:/bin:/usr/games:/usr/local/games:/snap/bin'), ('LC_ADDRESS', 'C.UTF-8'), ('XDG_RUNTIME_DIR', '/run/user/1000'), ('DISPLAY', 'localhost:10.0'), ('LANG', 'C.UTF-8'), ('LC_TELEPHONE', 'C.UTF-8'), ('LS_COLORS', 'rs=0:di=01;34:ln=01;36:mh=00:pi=40;33:so=01;35:do=01;35:bd=40;33;01:cd=40;33;01:or=40;31;01:mi=00:su=37;41:sg=30;43:ca=30;41:tw=30;42:ow=34;42:st=37;44:ex=01;32:*.tar=01;31:*.tgz=01;31:*.arc=01;31:*.arj=01;31:*.taz=01;31:*.lha=01;31:*.lz4=01;31:*.lzh=01;31:*.lzma=01;31:*.tlz=01;31:*.txz=01;31:*.tzo=01;31:*.t7z=01;31:*.zip=01;31:*.z=01;31:*.dz=01;31:*.gz=01;31:*.lrz=01;31:*.lz=01;31:*.lzo=01;31:*.xz=01;31:*.zst=01;31:*.tzst=01;31:*.bz2=01;31:*.bz=01;31:*.tbz=01;31:*.tbz2=01;31:*.tz=01;31:*.deb=01;31:*.rpm=01;31:*.jar=01;31:*.war=01;31:*.ear=01;31:*.sar=01;31:*.rar=01;31:*.alz=01;31:*.ace=01;31:*.zoo=01;31:*.cpio=01;31:*.7z=01;31:*.rz=01;31:*.cab=01;31:*.wim=01;31:*.swm=01;31:*.dwm=01;31:*.esd=01;31:*.jpg=01;35:*.jpeg=01;35:*.mjpg=01;35:*.mjpeg=01;35:*.gif=01;35:*.bmp=01;35:*.pbm=01;35:*.pgm=01;35:*.ppm=01;35:*.tga=01;35:*.xbm=01;35:*.xpm=01;35:*.tif=01;35:*.tiff=01;35:*.png=01;35:*.svg=01;35:*.svgz=01;35:*.mng=01;35:*.pcx=01;35:*.mov=01;35:*.mpg=01;35:*.mpeg=01;35:*.m2v=01;35:*.mkv=01;35:*.webm=01;35:*.ogm=01;35:*.mp4=01;35:*.m4v=01;35:*.mp4v=01;35:*.vob=01;35:*.qt=01;35:*.nuv=01;35:*.wmv=01;35:*.asf=01;35:*.rm=01;35:*.rmvb=01;35:*.flc=01;35:*.avi=01;35:*.fli=01;35:*.flv=01;35:*.gl=01;35:*.dl=01;35:*.xcf=01;35:*.xwd=01;35:*.yuv=01;35:*.cgm=01;35:*.emf=01;35:*.ogv=01;35:*.ogx=01;35:*.aac=00;36:*.au=00;36:*.flac=00;36:*.m4a=00;36:*.mid=00;36:*.midi=00;36:*.mka=00;36:*.mp3=00;36:*.mpc=00;36:*.ogg=00;36:*.ra=00;36:*.wav=00;36:*.oga=00;36:*.opus=00;36:*.spx=00;36:*.xspf=00;36:'), ('AMENT_PREFIX_PATH', '/home/coche/coche_ws/install/f1tenth_stack:/home/coche/coche_ws/install/vesc:/home/coche/coche_ws/install/vesc_driver:/home/coche/coche_ws/install/vesc_ackermann:/home/coche/coche_ws/install/vesc_msgs:/home/coche/coche_ws/install/teleop_tools:/home/coche/coche_ws/install/joy_teleop:/home/coche/coche_ws/install/teleop_tools_msgs:/home/coche/coche_ws/install/mouse_teleop:/home/coche/coche_ws/install/key_teleop:/home/coche/coche_ws/install/ackermann_mux:/opt/ros/foxy'), ('SHELL', '/bin/bash'), ('LC_NAME', 'C.UTF-8'), ('LESSCLOSE', '/usr/bin/lesspipe %s %s'), ('LC_MEASUREMENT', 'C.UTF-8'), ('LC_IDENTIFICATION', 'C.UTF-8'), ('PWD', '/home/coche/coche_ws/build/vesc_driver'), ('SSH_CONNECTION', '192.168.119.214 33380 192.168.119.61 22'), ('XDG_DATA_DIRS', '/home/coche/.local/share/flatpak/exports/share:/var/lib/flatpak/exports/share:/usr/local/share:/usr/share:/var/lib/snapd/desktop'), ('PYTHONPATH', '/home/coche/coche_ws/install/vesc_msgs/lib/python3.8/site-packages:/home/coche/coche_ws/install/f1tenth_stack/lib/python3.8/site-packages:/home/coche/coche_ws/install/joy_teleop/lib/python3.8/site-packages:/home/coche/coche_ws/install/teleop_tools_msgs/lib/python3.8/site-packages:/home/coche/coche_ws/install/mouse_teleop/lib/python3.8/site-packages:/home/coche/coche_ws/install/key_teleop/lib/python3.8/site-packages:/opt/ros/foxy/lib/python3.8/site-packages'), ('LC_NUMERIC', 'C.UTF-8'), ('LC_PAPER', 'C.UTF-8'), ('COLCON', '1'), ('CMAKE_PREFIX_PATH', '/home/coche/coche_ws/install/vesc_msgs:/home/coche/coche_ws/install/vesc:/home/coche/coche_ws/install/vesc_driver:/home/coche/coche_ws/install/vesc_ackermann:/home/coche/coche_ws/install/teleop_tools:/home/coche/coche_ws/install/teleop_tools_msgs:/home/coche/coche_ws/install/ackermann_mux:/home/coche/coche_ws/install/f1tenth_stack:/home/coche/coche_ws/install/joy_teleop:/home/coche/coche_ws/install/mouse_teleop:/home/coche/coche_ws/install/key_teleop:/opt/ros/foxy')]), 'shell': False}
[5.680167] (-) TimerEvent: {}
[5.781588] (-) TimerEvent: {}
[5.883663] (-) TimerEvent: {}
[5.984666] (-) TimerEvent: {}
[6.058246] (vesc_ackermann) StdoutLine: {'line': b'[ 28%] Built target ackermann_to_vesc_node\n'}
[6.087653] (-) TimerEvent: {}
[6.101256] (vesc_ackermann) StdoutLine: {'line': b'[ 71%] Built target vesc_ackermann\n'}
[6.108401] (vesc_driver) StdoutLine: {'line': b'[ 20%] Built target vesc_driver_node\n'}
[6.126802] (vesc_ackermann) StdoutLine: {'line': b'[100%] Built target vesc_to_odom_node\n'}
[6.169573] (vesc_driver) StdoutLine: {'line': b'[ 70%] Built target vesc_driver\n'}
[6.190392] (vesc_ackermann) CommandEnded: {'returncode': 0}
[6.198678] (-) TimerEvent: {}
[6.303598] (-) TimerEvent: {}
[6.326897] (vesc_driver) StdoutLine: {'line': b'[100%] Built target vesc_device_namer\n'}
[6.404752] (vesc_driver) CommandEnded: {'returncode': 0}
[6.415712] (-) TimerEvent: {}
[6.426058] (vesc_ackermann) JobProgress: {'identifier': 'vesc_ackermann', 'progress': 'install'}
[6.427467] (vesc_ackermann) Command: {'cmd': ['/usr/bin/cmake', '--install', '/home/coche/coche_ws/build/vesc_ackermann'], 'cwd': '/home/coche/coche_ws/build/vesc_ackermann', 'env': OrderedDict([('LESSOPEN', '| /usr/bin/lesspipe %s'), ('USER', 'coche'), ('SSH_CLIENT', '192.168.119.214 33380 22'), ('LC_TIME', 'C.UTF-8'), ('XDG_SESSION_TYPE', 'tty'), ('SHLVL', '1'), ('LD_LIBRARY_PATH', '/home/coche/coche_ws/install/vesc_msgs/lib:/home/coche/coche_ws/install/vesc_driver/lib:/home/coche/coche_ws/install/vesc_ackermann/lib:/home/coche/coche_ws/install/teleop_tools_msgs/lib:/opt/ros/foxy/opt/yaml_cpp_vendor/lib:/opt/ros/foxy/opt/rviz_ogre_vendor/lib:/opt/ros/foxy/lib/aarch64-linux-gnu:/opt/ros/foxy/lib'), ('MOTD_SHOWN', 'pam'), ('HOME', '/home/coche'), ('OLDPWD', '/home/coche'), ('SSH_TTY', '/dev/pts/0'), ('ROS_PYTHON_VERSION', '3'), ('LC_MONETARY', 'C.UTF-8'), ('DBUS_SESSION_BUS_ADDRESS', 'unix:path=/run/user/1000/bus'), ('COLCON_PREFIX_PATH', '/home/coche/coche_ws/install'), ('ROS_DISTRO', 'foxy'), ('LOGNAME', 'coche'), ('_', '/usr/bin/colcon'), ('ROS_VERSION', '2'), ('XDG_SESSION_CLASS', 'user'), ('TERM', 'xterm-256color'), ('XDG_SESSION_ID', '2'), ('ROS_LOCALHOST_ONLY', '0'), ('PATH', '/opt/ros/foxy/bin:/usr/local/sbin:/usr/local/bin:/usr/sbin:/usr/bin:/sbin:/bin:/usr/games:/usr/local/games:/snap/bin'), ('LC_ADDRESS', 'C.UTF-8'), ('XDG_RUNTIME_DIR', '/run/user/1000'), ('DISPLAY', 'localhost:10.0'), ('LANG', 'C.UTF-8'), ('LC_TELEPHONE', 'C.UTF-8'), ('LS_COLORS', 'rs=0:di=01;34:ln=01;36:mh=00:pi=40;33:so=01;35:do=01;35:bd=40;33;01:cd=40;33;01:or=40;31;01:mi=00:su=37;41:sg=30;43:ca=30;41:tw=30;42:ow=34;42:st=37;44:ex=01;32:*.tar=01;31:*.tgz=01;31:*.arc=01;31:*.arj=01;31:*.taz=01;31:*.lha=01;31:*.lz4=01;31:*.lzh=01;31:*.lzma=01;31:*.tlz=01;31:*.txz=01;31:*.tzo=01;31:*.t7z=01;31:*.zip=01;31:*.z=01;31:*.dz=01;31:*.gz=01;31:*.lrz=01;31:*.lz=01;31:*.lzo=01;31:*.xz=01;31:*.zst=01;31:*.tzst=01;31:*.bz2=01;31:*.bz=01;31:*.tbz=01;31:*.tbz2=01;31:*.tz=01;31:*.deb=01;31:*.rpm=01;31:*.jar=01;31:*.war=01;31:*.ear=01;31:*.sar=01;31:*.rar=01;31:*.alz=01;31:*.ace=01;31:*.zoo=01;31:*.cpio=01;31:*.7z=01;31:*.rz=01;31:*.cab=01;31:*.wim=01;31:*.swm=01;31:*.dwm=01;31:*.esd=01;31:*.jpg=01;35:*.jpeg=01;35:*.mjpg=01;35:*.mjpeg=01;35:*.gif=01;35:*.bmp=01;35:*.pbm=01;35:*.pgm=01;35:*.ppm=01;35:*.tga=01;35:*.xbm=01;35:*.xpm=01;35:*.tif=01;35:*.tiff=01;35:*.png=01;35:*.svg=01;35:*.svgz=01;35:*.mng=01;35:*.pcx=01;35:*.mov=01;35:*.mpg=01;35:*.mpeg=01;35:*.m2v=01;35:*.mkv=01;35:*.webm=01;35:*.ogm=01;35:*.mp4=01;35:*.m4v=01;35:*.mp4v=01;35:*.vob=01;35:*.qt=01;35:*.nuv=01;35:*.wmv=01;35:*.asf=01;35:*.rm=01;35:*.rmvb=01;35:*.flc=01;35:*.avi=01;35:*.fli=01;35:*.flv=01;35:*.gl=01;35:*.dl=01;35:*.xcf=01;35:*.xwd=01;35:*.yuv=01;35:*.cgm=01;35:*.emf=01;35:*.ogv=01;35:*.ogx=01;35:*.aac=00;36:*.au=00;36:*.flac=00;36:*.m4a=00;36:*.mid=00;36:*.midi=00;36:*.mka=00;36:*.mp3=00;36:*.mpc=00;36:*.ogg=00;36:*.ra=00;36:*.wav=00;36:*.oga=00;36:*.opus=00;36:*.spx=00;36:*.xspf=00;36:'), ('AMENT_PREFIX_PATH', '/home/coche/coche_ws/install/f1tenth_stack:/home/coche/coche_ws/install/vesc:/home/coche/coche_ws/install/vesc_driver:/home/coche/coche_ws/install/vesc_ackermann:/home/coche/coche_ws/install/vesc_msgs:/home/coche/coche_ws/install/teleop_tools:/home/coche/coche_ws/install/joy_teleop:/home/coche/coche_ws/install/teleop_tools_msgs:/home/coche/coche_ws/install/mouse_teleop:/home/coche/coche_ws/install/key_teleop:/home/coche/coche_ws/install/ackermann_mux:/opt/ros/foxy'), ('SHELL', '/bin/bash'), ('LC_NAME', 'C.UTF-8'), ('LESSCLOSE', '/usr/bin/lesspipe %s %s'), ('LC_MEASUREMENT', 'C.UTF-8'), ('LC_IDENTIFICATION', 'C.UTF-8'), ('PWD', '/home/coche/coche_ws/build/vesc_ackermann'), ('SSH_CONNECTION', '192.168.119.214 33380 192.168.119.61 22'), ('XDG_DATA_DIRS', '/home/coche/.local/share/flatpak/exports/share:/var/lib/flatpak/exports/share:/usr/local/share:/usr/share:/var/lib/snapd/desktop'), ('PYTHONPATH', '/home/coche/coche_ws/install/vesc_msgs/lib/python3.8/site-packages:/home/coche/coche_ws/install/f1tenth_stack/lib/python3.8/site-packages:/home/coche/coche_ws/install/joy_teleop/lib/python3.8/site-packages:/home/coche/coche_ws/install/teleop_tools_msgs/lib/python3.8/site-packages:/home/coche/coche_ws/install/mouse_teleop/lib/python3.8/site-packages:/home/coche/coche_ws/install/key_teleop/lib/python3.8/site-packages:/opt/ros/foxy/lib/python3.8/site-packages'), ('LC_NUMERIC', 'C.UTF-8'), ('LC_PAPER', 'C.UTF-8'), ('COLCON', '1'), ('CMAKE_PREFIX_PATH', '/home/coche/coche_ws/install/vesc_msgs:/home/coche/coche_ws/install/vesc:/home/coche/coche_ws/install/vesc_driver:/home/coche/coche_ws/install/vesc_ackermann:/home/coche/coche_ws/install/teleop_tools:/home/coche/coche_ws/install/teleop_tools_msgs:/home/coche/coche_ws/install/ackermann_mux:/home/coche/coche_ws/install/f1tenth_stack:/home/coche/coche_ws/install/joy_teleop:/home/coche/coche_ws/install/mouse_teleop:/home/coche/coche_ws/install/key_teleop:/opt/ros/foxy')]), 'shell': False}
[6.506063] (vesc_ackermann) StdoutLine: {'line': b'-- Install configuration: ""\n'}
[6.511660] (vesc_ackermann) StdoutLine: {'line': b'-- Up-to-date: /home/coche/coche_ws/install/vesc_ackermann/lib/vesc_ackermann/ackermann_to_vesc_node\n'}
[6.515592] (vesc_ackermann) StdoutLine: {'line': b'-- Up-to-date: /home/coche/coche_ws/install/vesc_ackermann/lib/vesc_ackermann/vesc_to_odom_node\n'}
[6.517268] (-) TimerEvent: {}
[6.521630] (vesc_ackermann) StdoutLine: {'line': b'-- Up-to-date: /home/coche/coche_ws/install/vesc_ackermann/include\n'}
[6.522942] (vesc_ackermann) StdoutLine: {'line': b'-- Up-to-date: /home/coche/coche_ws/install/vesc_ackermann/include/vesc_ackermann\n'}
[6.524336] (vesc_ackermann) StdoutLine: {'line': b'-- Up-to-date: /home/coche/coche_ws/install/vesc_ackermann/include/vesc_ackermann/ackermann_to_vesc.hpp\n'}
[6.525221] (vesc_ackermann) StdoutLine: {'line': b'-- Up-to-date: /home/coche/coche_ws/install/vesc_ackermann/include/vesc_ackermann/vesc_to_odom.hpp\n'}
[6.526318] (vesc_ackermann) StdoutLine: {'line': b'-- Up-to-date: /home/coche/coche_ws/install/vesc_ackermann/share/vesc_ackermann/environment/library_path.sh\n'}
[6.527827] (vesc_ackermann) StdoutLine: {'line': b'-- Up-to-date: /home/coche/coche_ws/install/vesc_ackermann/share/vesc_ackermann/environment/library_path.dsv\n'}
[6.531976] (vesc_ackermann) StdoutLine: {'line': b'-- Up-to-date: /home/coche/coche_ws/install/vesc_ackermann/lib/libvesc_ackermann.so\n'}
[6.534843] (vesc_ackermann) StdoutLine: {'line': b'-- Up-to-date: /home/coche/coche_ws/install/vesc_ackermann/share/vesc_ackermann/launch\n'}
[6.535836] (vesc_ackermann) StdoutLine: {'line': b'-- Up-to-date: /home/coche/coche_ws/install/vesc_ackermann/share/vesc_ackermann/launch/vesc_to_odom_node.launch.xml\n'}
[6.536894] (vesc_ackermann) StdoutLine: {'line': b'-- Up-to-date: /home/coche/coche_ws/install/vesc_ackermann/share/vesc_ackermann/launch/ackermann_to_vesc_node.launch.xml\n'}
[6.537724] (vesc_ackermann) StdoutLine: {'line': b'-- Up-to-date: /home/coche/coche_ws/install/vesc_ackermann/share/ament_index/resource_index/package_run_dependencies/vesc_ackermann\n'}
[6.539200] (vesc_ackermann) StdoutLine: {'line': b'-- Up-to-date: /home/coche/coche_ws/install/vesc_ackermann/share/ament_index/resource_index/parent_prefix_path/vesc_ackermann\n'}
[6.541058] (vesc_ackermann) StdoutLine: {'line': b'-- Up-to-date: /home/coche/coche_ws/install/vesc_ackermann/share/vesc_ackermann/environment/ament_prefix_path.sh\n'}
[6.542421] (vesc_ackermann) StdoutLine: {'line': b'-- Up-to-date: /home/coche/coche_ws/install/vesc_ackermann/share/vesc_ackermann/environment/ament_prefix_path.dsv\n'}
[6.543490] (vesc_ackermann) StdoutLine: {'line': b'-- Up-to-date: /home/coche/coche_ws/install/vesc_ackermann/share/vesc_ackermann/environment/path.sh\n'}
[6.544456] (vesc_ackermann) StdoutLine: {'line': b'-- Up-to-date: /home/coche/coche_ws/install/vesc_ackermann/share/vesc_ackermann/environment/path.dsv\n'}
[6.545808] (vesc_ackermann) StdoutLine: {'line': b'-- Up-to-date: /home/coche/coche_ws/install/vesc_ackermann/share/vesc_ackermann/local_setup.bash\n'}
[6.546786] (vesc_ackermann) StdoutLine: {'line': b'-- Up-to-date: /home/coche/coche_ws/install/vesc_ackermann/share/vesc_ackermann/local_setup.sh\n'}
[6.548924] (vesc_ackermann) StdoutLine: {'line': b'-- Up-to-date: /home/coche/coche_ws/install/vesc_ackermann/share/vesc_ackermann/local_setup.zsh\n'}
[6.549942] (vesc_ackermann) StdoutLine: {'line': b'-- Up-to-date: /home/coche/coche_ws/install/vesc_ackermann/share/vesc_ackermann/local_setup.dsv\n'}
[6.552284] (vesc_ackermann) StdoutLine: {'line': b'-- Installing: /home/coche/coche_ws/install/vesc_ackermann/share/vesc_ackermann/package.dsv\n'}
[6.554999] (vesc_ackermann) StdoutLine: {'line': b'-- Up-to-date: /home/coche/coche_ws/install/vesc_ackermann/share/ament_index/resource_index/packages/vesc_ackermann\n'}
[6.557327] (vesc_ackermann) StdoutLine: {'line': b'-- Up-to-date: /home/coche/coche_ws/install/vesc_ackermann/share/ament_index/resource_index/rclcpp_components/vesc_ackermann\n'}
[6.558979] (vesc_ackermann) StdoutLine: {'line': b'-- Up-to-date: /home/coche/coche_ws/install/vesc_ackermann/share/vesc_ackermann/cmake/ament_cmake_export_dependencies-extras.cmake\n'}
[6.560109] (vesc_ackermann) StdoutLine: {'line': b'-- Up-to-date: /home/coche/coche_ws/install/vesc_ackermann/share/vesc_ackermann/cmake/ament_cmake_export_include_directories-extras.cmake\n'}
[6.561296] (vesc_ackermann) StdoutLine: {'line': b'-- Up-to-date: /home/coche/coche_ws/install/vesc_ackermann/share/vesc_ackermann/cmake/ament_cmake_export_libraries-extras.cmake\n'}
[6.563131] (vesc_ackermann) StdoutLine: {'line': b'-- Up-to-date: /home/coche/coche_ws/install/vesc_ackermann/share/vesc_ackermann/cmake/vesc_ackermannConfig.cmake\n'}
[6.563942] (vesc_ackermann) StdoutLine: {'line': b'-- Up-to-date: /home/coche/coche_ws/install/vesc_ackermann/share/vesc_ackermann/cmake/vesc_ackermannConfig-version.cmake\n'}
[6.564917] (vesc_ackermann) StdoutLine: {'line': b'-- Up-to-date: /home/coche/coche_ws/install/vesc_ackermann/share/vesc_ackermann/package.xml\n'}
[6.578784] (vesc_ackermann) CommandEnded: {'returncode': 0}
[6.616382] (-) TimerEvent: {}
[6.663796] (vesc_driver) JobProgress: {'identifier': 'vesc_driver', 'progress': 'install'}
[6.666066] (vesc_driver) Command: {'cmd': ['/usr/bin/cmake', '--install', '/home/coche/coche_ws/build/vesc_driver'], 'cwd': '/home/coche/coche_ws/build/vesc_driver', 'env': OrderedDict([('LESSOPEN', '| /usr/bin/lesspipe %s'), ('USER', 'coche'), ('SSH_CLIENT', '192.168.119.214 33380 22'), ('LC_TIME', 'C.UTF-8'), ('XDG_SESSION_TYPE', 'tty'), ('SHLVL', '1'), ('LD_LIBRARY_PATH', '/home/coche/coche_ws/install/vesc_msgs/lib:/home/coche/coche_ws/install/vesc_driver/lib:/home/coche/coche_ws/install/vesc_ackermann/lib:/home/coche/coche_ws/install/teleop_tools_msgs/lib:/opt/ros/foxy/opt/yaml_cpp_vendor/lib:/opt/ros/foxy/opt/rviz_ogre_vendor/lib:/opt/ros/foxy/lib/aarch64-linux-gnu:/opt/ros/foxy/lib'), ('MOTD_SHOWN', 'pam'), ('HOME', '/home/coche'), ('OLDPWD', '/home/coche'), ('SSH_TTY', '/dev/pts/0'), ('ROS_PYTHON_VERSION', '3'), ('LC_MONETARY', 'C.UTF-8'), ('DBUS_SESSION_BUS_ADDRESS', 'unix:path=/run/user/1000/bus'), ('COLCON_PREFIX_PATH', '/home/coche/coche_ws/install'), ('ROS_DISTRO', 'foxy'), ('LOGNAME', 'coche'), ('_', '/usr/bin/colcon'), ('ROS_VERSION', '2'), ('XDG_SESSION_CLASS', 'user'), ('TERM', 'xterm-256color'), ('XDG_SESSION_ID', '2'), ('ROS_LOCALHOST_ONLY', '0'), ('PATH', '/opt/ros/foxy/bin:/usr/local/sbin:/usr/local/bin:/usr/sbin:/usr/bin:/sbin:/bin:/usr/games:/usr/local/games:/snap/bin'), ('LC_ADDRESS', 'C.UTF-8'), ('XDG_RUNTIME_DIR', '/run/user/1000'), ('DISPLAY', 'localhost:10.0'), ('LANG', 'C.UTF-8'), ('LC_TELEPHONE', 'C.UTF-8'), ('LS_COLORS', 'rs=0:di=01;34:ln=01;36:mh=00:pi=40;33:so=01;35:do=01;35:bd=40;33;01:cd=40;33;01:or=40;31;01:mi=00:su=37;41:sg=30;43:ca=30;41:tw=30;42:ow=34;42:st=37;44:ex=01;32:*.tar=01;31:*.tgz=01;31:*.arc=01;31:*.arj=01;31:*.taz=01;31:*.lha=01;31:*.lz4=01;31:*.lzh=01;31:*.lzma=01;31:*.tlz=01;31:*.txz=01;31:*.tzo=01;31:*.t7z=01;31:*.zip=01;31:*.z=01;31:*.dz=01;31:*.gz=01;31:*.lrz=01;31:*.lz=01;31:*.lzo=01;31:*.xz=01;31:*.zst=01;31:*.tzst=01;31:*.bz2=01;31:*.bz=01;31:*.tbz=01;31:*.tbz2=01;31:*.tz=01;31:*.deb=01;31:*.rpm=01;31:*.jar=01;31:*.war=01;31:*.ear=01;31:*.sar=01;31:*.rar=01;31:*.alz=01;31:*.ace=01;31:*.zoo=01;31:*.cpio=01;31:*.7z=01;31:*.rz=01;31:*.cab=01;31:*.wim=01;31:*.swm=01;31:*.dwm=01;31:*.esd=01;31:*.jpg=01;35:*.jpeg=01;35:*.mjpg=01;35:*.mjpeg=01;35:*.gif=01;35:*.bmp=01;35:*.pbm=01;35:*.pgm=01;35:*.ppm=01;35:*.tga=01;35:*.xbm=01;35:*.xpm=01;35:*.tif=01;35:*.tiff=01;35:*.png=01;35:*.svg=01;35:*.svgz=01;35:*.mng=01;35:*.pcx=01;35:*.mov=01;35:*.mpg=01;35:*.mpeg=01;35:*.m2v=01;35:*.mkv=01;35:*.webm=01;35:*.ogm=01;35:*.mp4=01;35:*.m4v=01;35:*.mp4v=01;35:*.vob=01;35:*.qt=01;35:*.nuv=01;35:*.wmv=01;35:*.asf=01;35:*.rm=01;35:*.rmvb=01;35:*.flc=01;35:*.avi=01;35:*.fli=01;35:*.flv=01;35:*.gl=01;35:*.dl=01;35:*.xcf=01;35:*.xwd=01;35:*.yuv=01;35:*.cgm=01;35:*.emf=01;35:*.ogv=01;35:*.ogx=01;35:*.aac=00;36:*.au=00;36:*.flac=00;36:*.m4a=00;36:*.mid=00;36:*.midi=00;36:*.mka=00;36:*.mp3=00;36:*.mpc=00;36:*.ogg=00;36:*.ra=00;36:*.wav=00;36:*.oga=00;36:*.opus=00;36:*.spx=00;36:*.xspf=00;36:'), ('AMENT_PREFIX_PATH', '/home/coche/coche_ws/install/f1tenth_stack:/home/coche/coche_ws/install/vesc:/home/coche/coche_ws/install/vesc_driver:/home/coche/coche_ws/install/vesc_ackermann:/home/coche/coche_ws/install/vesc_msgs:/home/coche/coche_ws/install/teleop_tools:/home/coche/coche_ws/install/joy_teleop:/home/coche/coche_ws/install/teleop_tools_msgs:/home/coche/coche_ws/install/mouse_teleop:/home/coche/coche_ws/install/key_teleop:/home/coche/coche_ws/install/ackermann_mux:/opt/ros/foxy'), ('SHELL', '/bin/bash'), ('LC_NAME', 'C.UTF-8'), ('LESSCLOSE', '/usr/bin/lesspipe %s %s'), ('LC_MEASUREMENT', 'C.UTF-8'), ('LC_IDENTIFICATION', 'C.UTF-8'), ('PWD', '/home/coche/coche_ws/build/vesc_driver'), ('SSH_CONNECTION', '192.168.119.214 33380 192.168.119.61 22'), ('XDG_DATA_DIRS', '/home/coche/.local/share/flatpak/exports/share:/var/lib/flatpak/exports/share:/usr/local/share:/usr/share:/var/lib/snapd/desktop'), ('PYTHONPATH', '/home/coche/coche_ws/install/vesc_msgs/lib/python3.8/site-packages:/home/coche/coche_ws/install/f1tenth_stack/lib/python3.8/site-packages:/home/coche/coche_ws/install/joy_teleop/lib/python3.8/site-packages:/home/coche/coche_ws/install/teleop_tools_msgs/lib/python3.8/site-packages:/home/coche/coche_ws/install/mouse_teleop/lib/python3.8/site-packages:/home/coche/coche_ws/install/key_teleop/lib/python3.8/site-packages:/opt/ros/foxy/lib/python3.8/site-packages'), ('LC_NUMERIC', 'C.UTF-8'), ('LC_PAPER', 'C.UTF-8'), ('COLCON', '1'), ('CMAKE_PREFIX_PATH', '/home/coche/coche_ws/install/vesc_msgs:/home/coche/coche_ws/install/vesc:/home/coche/coche_ws/install/vesc_driver:/home/coche/coche_ws/install/vesc_ackermann:/home/coche/coche_ws/install/teleop_tools:/home/coche/coche_ws/install/teleop_tools_msgs:/home/coche/coche_ws/install/ackermann_mux:/home/coche/coche_ws/install/f1tenth_stack:/home/coche/coche_ws/install/joy_teleop:/home/coche/coche_ws/install/mouse_teleop:/home/coche/coche_ws/install/key_teleop:/opt/ros/foxy')]), 'shell': False}
[6.716971] (-) TimerEvent: {}
[6.737726] (vesc_driver) StdoutLine: {'line': b'-- Install configuration: ""\n'}
[6.741484] (vesc_driver) StdoutLine: {'line': b'-- Up-to-date: /home/coche/coche_ws/install/vesc_driver/lib/vesc_driver/vesc_driver_node\n'}
[6.745312] (vesc_driver) StdoutLine: {'line': b'-- Up-to-date: /home/coche/coche_ws/install/vesc_driver/include\n'}
[6.746646] (vesc_driver) StdoutLine: {'line': b'-- Up-to-date: /home/coche/coche_ws/install/vesc_driver/include/vesc_driver\n'}
[6.747627] (vesc_driver) StdoutLine: {'line': b'-- Up-to-date: /home/coche/coche_ws/install/vesc_driver/include/vesc_driver/vesc_device_uuid_lookup.hpp\n'}
[6.748073] (vesc_driver) StdoutLine: {'line': b'-- Up-to-date: /home/coche/coche_ws/install/vesc_driver/include/vesc_driver/datatypes.hpp\n'}
[6.748934] (vesc_driver) StdoutLine: {'line': b'-- Up-to-date: /home/coche/coche_ws/install/vesc_driver/include/vesc_driver/vesc_packet_factory.hpp\n'}
[6.749524] (vesc_driver) StdoutLine: {'line': b'-- Up-to-date: /home/coche/coche_ws/install/vesc_driver/include/vesc_driver/vesc_interface.hpp\n'}
[6.751519] (vesc_driver) StdoutLine: {'line': b'-- Up-to-date: /home/coche/coche_ws/install/vesc_driver/include/vesc_driver/vesc_driver.hpp\n'}
[6.751996] (vesc_driver) StdoutLine: {'line': b'-- Up-to-date: /home/coche/coche_ws/install/vesc_driver/include/vesc_driver/vesc_packet.hpp\n'}
[6.752795] (vesc_driver) StdoutLine: {'line': b'-- Up-to-date: /home/coche/coche_ws/install/vesc_driver/include/vesc_driver/crc.hpp\n'}
[6.753848] (vesc_driver) StdoutLine: {'line': b'-- Up-to-date: /home/coche/coche_ws/install/vesc_driver/share/vesc_driver/environment/library_path.sh\n'}
[6.755223] (vesc_driver) StdoutLine: {'line': b'-- Up-to-date: /home/coche/coche_ws/install/vesc_driver/share/vesc_driver/environment/library_path.dsv\n'}
[6.757732] (vesc_driver) StdoutLine: {'line': b'-- Up-to-date: /home/coche/coche_ws/install/vesc_driver/lib/libvesc_driver.so\n'}
[6.761748] (vesc_driver) StdoutLine: {'line': b'-- Up-to-date: /home/coche/coche_ws/install/vesc_driver/lib/vesc_driver/vesc_device_namer\n'}
[6.765224] (vesc_driver) StdoutLine: {'line': b'-- Up-to-date: /home/coche/coche_ws/install/vesc_driver/share/vesc_driver/launch\n'}
[6.766135] (vesc_driver) StdoutLine: {'line': b'-- Up-to-date: /home/coche/coche_ws/install/vesc_driver/share/vesc_driver/launch/vesc_driver_node.launch.py\n'}
[6.766620] (vesc_driver) StdoutLine: {'line': b'-- Up-to-date: /home/coche/coche_ws/install/vesc_driver/share/vesc_driver/params\n'}
[6.768132] (vesc_driver) StdoutLine: {'line': b'-- Up-to-date: /home/coche/coche_ws/install/vesc_driver/share/vesc_driver/params/vesc_config.yaml\n'}
[6.769503] (vesc_driver) StdoutLine: {'line': b'-- Up-to-date: /home/coche/coche_ws/install/vesc_driver/share/ament_index/resource_index/package_run_dependencies/vesc_driver\n'}
[6.770903] (vesc_driver) StdoutLine: {'line': b'-- Up-to-date: /home/coche/coche_ws/install/vesc_driver/share/ament_index/resource_index/parent_prefix_path/vesc_driver\n'}
[6.772072] (vesc_driver) StdoutLine: {'line': b'-- Up-to-date: /home/coche/coche_ws/install/vesc_driver/share/vesc_driver/environment/ament_prefix_path.sh\n'}
[6.774255] (vesc_driver) StdoutLine: {'line': b'-- Up-to-date: /home/coche/coche_ws/install/vesc_driver/share/vesc_driver/environment/ament_prefix_path.dsv\n'}
[6.775314] (vesc_driver) StdoutLine: {'line': b'-- Up-to-date: /home/coche/coche_ws/install/vesc_driver/share/vesc_driver/environment/path.sh\n'}
[6.776237] (vesc_driver) StdoutLine: {'line': b'-- Up-to-date: /home/coche/coche_ws/install/vesc_driver/share/vesc_driver/environment/path.dsv\n'}
[6.777439] (vesc_driver) StdoutLine: {'line': b'-- Up-to-date: /home/coche/coche_ws/install/vesc_driver/share/vesc_driver/local_setup.bash\n'}
[6.778793] (vesc_driver) StdoutLine: {'line': b'-- Up-to-date: /home/coche/coche_ws/install/vesc_driver/share/vesc_driver/local_setup.sh\n'}
[6.779798] (vesc_driver) StdoutLine: {'line': b'-- Up-to-date: /home/coche/coche_ws/install/vesc_driver/share/vesc_driver/local_setup.zsh\n'}
[6.780691] (vesc_driver) StdoutLine: {'line': b'-- Up-to-date: /home/coche/coche_ws/install/vesc_driver/share/vesc_driver/local_setup.dsv\n'}
[6.781634] (vesc_driver) StdoutLine: {'line': b'-- Installing: /home/coche/coche_ws/install/vesc_driver/share/vesc_driver/package.dsv\n'}
[6.784123] (vesc_driver) StdoutLine: {'line': b'-- Up-to-date: /home/coche/coche_ws/install/vesc_driver/share/ament_index/resource_index/packages/vesc_driver\n'}
[6.785122] (vesc_driver) StdoutLine: {'line': b'-- Up-to-date: /home/coche/coche_ws/install/vesc_driver/share/ament_index/resource_index/rclcpp_components/vesc_driver\n'}
[6.786073] (vesc_driver) StdoutLine: {'line': b'-- Up-to-date: /home/coche/coche_ws/install/vesc_driver/share/vesc_driver/cmake/ament_cmake_export_dependencies-extras.cmake\n'}
[6.787428] (vesc_driver) StdoutLine: {'line': b'-- Up-to-date: /home/coche/coche_ws/install/vesc_driver/share/vesc_driver/cmake/ament_cmake_export_include_directories-extras.cmake\n'}
[6.789577] (vesc_driver) StdoutLine: {'line': b'-- Up-to-date: /home/coche/coche_ws/install/vesc_driver/share/vesc_driver/cmake/ament_cmake_export_libraries-extras.cmake\n'}
[6.791783] (vesc_driver) StdoutLine: {'line': b'-- Up-to-date: /home/coche/coche_ws/install/vesc_driver/share/vesc_driver/cmake/vesc_driverConfig.cmake\n'}
[6.792241] (vesc_driver) StdoutLine: {'line': b'-- Up-to-date: /home/coche/coche_ws/install/vesc_driver/share/vesc_driver/cmake/vesc_driverConfig-version.cmake\n'}
[6.793191] (vesc_driver) StdoutLine: {'line': b'-- Up-to-date: /home/coche/coche_ws/install/vesc_driver/share/vesc_driver/package.xml\n'}
[6.805487] (vesc_driver) CommandEnded: {'returncode': 0}
[6.817163] (-) TimerEvent: {}
[6.821862] (mouse_teleop) StdoutLine: {'line': b'running egg_info\n'}
[6.827273] (mouse_teleop) StdoutLine: {'line': b'writing ../../../../build/mouse_teleop/mouse_teleop.egg-info/PKG-INFO\n'}
[6.829410] (mouse_teleop) StdoutLine: {'line': b'writing dependency_links to ../../../../build/mouse_teleop/mouse_teleop.egg-info/dependency_links.txt\n'}
[6.830235] (mouse_teleop) StdoutLine: {'line': b'writing entry points to ../../../../build/mouse_teleop/mouse_teleop.egg-info/entry_points.txt\n'}
[6.830770] (mouse_teleop) StdoutLine: {'line': b'writing requirements to ../../../../build/mouse_teleop/mouse_teleop.egg-info/requires.txt\n'}
[6.831830] (mouse_teleop) StdoutLine: {'line': b'writing top-level names to ../../../../build/mouse_teleop/mouse_teleop.egg-info/top_level.txt\n'}
[6.918040] (-) TimerEvent: {}
[6.941666] (vesc_ackermann) JobEnded: {'identifier': 'vesc_ackermann', 'rc': 0}
[6.994314] (mouse_teleop) StdoutLine: {'line': b"reading manifest file '../../../../build/mouse_teleop/mouse_teleop.egg-info/SOURCES.txt'\n"}
[6.997592] (mouse_teleop) StdoutLine: {'line': b"writing manifest file '../../../../build/mouse_teleop/mouse_teleop.egg-info/SOURCES.txt'\n"}
[6.998522] (mouse_teleop) StdoutLine: {'line': b'running build\n'}
[6.999260] (mouse_teleop) StdoutLine: {'line': b'running build_py\n'}
[7.000575] (mouse_teleop) StdoutLine: {'line': b'running install\n'}
[7.003622] (mouse_teleop) StdoutLine: {'line': b'running install_lib\n'}
[7.011528] (mouse_teleop) StdoutLine: {'line': b'running install_data\n'}
[7.013100] (mouse_teleop) StdoutLine: {'line': b'running install_egg_info\n'}
[7.018052] (-) TimerEvent: {}
[7.019030] (mouse_teleop) StdoutLine: {'line': b"removing '/home/coche/coche_ws/install/mouse_teleop/lib/python3.8/site-packages/mouse_teleop-0.3.0-py3.8.egg-info' (and everything under it)\n"}
[7.021429] (mouse_teleop) StdoutLine: {'line': b'Copying ../../../../build/mouse_teleop/mouse_teleop.egg-info to /home/coche/coche_ws/install/mouse_teleop/lib/python3.8/site-packages/mouse_teleop-0.3.0-py3.8.egg-info\n'}
[7.027047] (mouse_teleop) StdoutLine: {'line': b'running install_scripts\n'}
[7.100222] (mouse_teleop) StdoutLine: {'line': b'Installing mouse_teleop script to /home/coche/coche_ws/install/mouse_teleop/lib/mouse_teleop\n'}
[7.101911] (mouse_teleop) StdoutLine: {'line': b"writing list of installed files to '/home/coche/coche_ws/build/mouse_teleop/install.log'\n"}
[7.118332] (-) TimerEvent: {}
[7.169074] (vesc_driver) JobEnded: {'identifier': 'vesc_driver', 'rc': 0}
[7.179624] (vesc) JobStarted: {'identifier': 'vesc'}
[7.219521] (-) TimerEvent: {}
[7.228979] (mouse_teleop) CommandEnded: {'returncode': 0}
[7.267594] (mouse_teleop) JobEnded: {'identifier': 'mouse_teleop', 'rc': 0}
[7.274912] (vesc) JobProgress: {'identifier': 'vesc', 'progress': 'cmake'}
[7.277816] (vesc) JobProgress: {'identifier': 'vesc', 'progress': 'build'}
[7.285245] (vesc) Command: {'cmd': ['/usr/bin/cmake', '--build', '/home/coche/coche_ws/build/vesc', '--', '-j4', '-l4'], 'cwd': '/home/coche/coche_ws/build/vesc', 'env': OrderedDict([('LESSOPEN', '| /usr/bin/lesspipe %s'), ('USER', 'coche'), ('SSH_CLIENT', '192.168.119.214 33380 22'), ('LC_TIME', 'C.UTF-8'), ('XDG_SESSION_TYPE', 'tty'), ('SHLVL', '1'), ('LD_LIBRARY_PATH', '/home/coche/coche_ws/install/vesc_driver/lib:/home/coche/coche_ws/install/vesc_ackermann/lib:/home/coche/coche_ws/install/vesc_msgs/lib:/home/coche/coche_ws/install/teleop_tools_msgs/lib:/opt/ros/foxy/opt/yaml_cpp_vendor/lib:/opt/ros/foxy/opt/rviz_ogre_vendor/lib:/opt/ros/foxy/lib/aarch64-linux-gnu:/opt/ros/foxy/lib'), ('MOTD_SHOWN', 'pam'), ('HOME', '/home/coche'), ('OLDPWD', '/home/coche'), ('SSH_TTY', '/dev/pts/0'), ('ROS_PYTHON_VERSION', '3'), ('LC_MONETARY', 'C.UTF-8'), ('DBUS_SESSION_BUS_ADDRESS', 'unix:path=/run/user/1000/bus'), ('COLCON_PREFIX_PATH', '/home/coche/coche_ws/install'), ('ROS_DISTRO', 'foxy'), ('LOGNAME', 'coche'), ('_', '/usr/bin/colcon'), ('ROS_VERSION', '2'), ('XDG_SESSION_CLASS', 'user'), ('TERM', 'xterm-256color'), ('XDG_SESSION_ID', '2'), ('ROS_LOCALHOST_ONLY', '0'), ('PATH', '/opt/ros/foxy/bin:/usr/local/sbin:/usr/local/bin:/usr/sbin:/usr/bin:/sbin:/bin:/usr/games:/usr/local/games:/snap/bin'), ('LC_ADDRESS', 'C.UTF-8'), ('XDG_RUNTIME_DIR', '/run/user/1000'), ('DISPLAY', 'localhost:10.0'), ('LANG', 'C.UTF-8'), ('LC_TELEPHONE', 'C.UTF-8'), ('LS_COLORS', 'rs=0:di=01;34:ln=01;36:mh=00:pi=40;33:so=01;35:do=01;35:bd=40;33;01:cd=40;33;01:or=40;31;01:mi=00:su=37;41:sg=30;43:ca=30;41:tw=30;42:ow=34;42:st=37;44:ex=01;32:*.tar=01;31:*.tgz=01;31:*.arc=01;31:*.arj=01;31:*.taz=01;31:*.lha=01;31:*.lz4=01;31:*.lzh=01;31:*.lzma=01;31:*.tlz=01;31:*.txz=01;31:*.tzo=01;31:*.t7z=01;31:*.zip=01;31:*.z=01;31:*.dz=01;31:*.gz=01;31:*.lrz=01;31:*.lz=01;31:*.lzo=01;31:*.xz=01;31:*.zst=01;31:*.tzst=01;31:*.bz2=01;31:*.bz=01;31:*.tbz=01;31:*.tbz2=01;31:*.tz=01;31:*.deb=01;31:*.rpm=01;31:*.jar=01;31:*.war=01;31:*.ear=01;31:*.sar=01;31:*.rar=01;31:*.alz=01;31:*.ace=01;31:*.zoo=01;31:*.cpio=01;31:*.7z=01;31:*.rz=01;31:*.cab=01;31:*.wim=01;31:*.swm=01;31:*.dwm=01;31:*.esd=01;31:*.jpg=01;35:*.jpeg=01;35:*.mjpg=01;35:*.mjpeg=01;35:*.gif=01;35:*.bmp=01;35:*.pbm=01;35:*.pgm=01;35:*.ppm=01;35:*.tga=01;35:*.xbm=01;35:*.xpm=01;35:*.tif=01;35:*.tiff=01;35:*.png=01;35:*.svg=01;35:*.svgz=01;35:*.mng=01;35:*.pcx=01;35:*.mov=01;35:*.mpg=01;35:*.mpeg=01;35:*.m2v=01;35:*.mkv=01;35:*.webm=01;35:*.ogm=01;35:*.mp4=01;35:*.m4v=01;35:*.mp4v=01;35:*.vob=01;35:*.qt=01;35:*.nuv=01;35:*.wmv=01;35:*.asf=01;35:*.rm=01;35:*.rmvb=01;35:*.flc=01;35:*.avi=01;35:*.fli=01;35:*.flv=01;35:*.gl=01;35:*.dl=01;35:*.xcf=01;35:*.xwd=01;35:*.yuv=01;35:*.cgm=01;35:*.emf=01;35:*.ogv=01;35:*.ogx=01;35:*.aac=00;36:*.au=00;36:*.flac=00;36:*.m4a=00;36:*.mid=00;36:*.midi=00;36:*.mka=00;36:*.mp3=00;36:*.mpc=00;36:*.ogg=00;36:*.ra=00;36:*.wav=00;36:*.oga=00;36:*.opus=00;36:*.spx=00;36:*.xspf=00;36:'), ('AMENT_PREFIX_PATH', '/home/coche/coche_ws/install/f1tenth_stack:/home/coche/coche_ws/install/vesc:/home/coche/coche_ws/install/vesc_driver:/home/coche/coche_ws/install/vesc_ackermann:/home/coche/coche_ws/install/vesc_msgs:/home/coche/coche_ws/install/teleop_tools:/home/coche/coche_ws/install/joy_teleop:/home/coche/coche_ws/install/teleop_tools_msgs:/home/coche/coche_ws/install/mouse_teleop:/home/coche/coche_ws/install/key_teleop:/home/coche/coche_ws/install/ackermann_mux:/opt/ros/foxy'), ('SHELL', '/bin/bash'), ('LC_NAME', 'C.UTF-8'), ('LESSCLOSE', '/usr/bin/lesspipe %s %s'), ('LC_MEASUREMENT', 'C.UTF-8'), ('LC_IDENTIFICATION', 'C.UTF-8'), ('PWD', '/home/coche/coche_ws/build/vesc'), ('SSH_CONNECTION', '192.168.119.214 33380 192.168.119.61 22'), ('XDG_DATA_DIRS', '/home/coche/.local/share/flatpak/exports/share:/var/lib/flatpak/exports/share:/usr/local/share:/usr/share:/var/lib/snapd/desktop'), ('PYTHONPATH', '/home/coche/coche_ws/install/vesc_msgs/lib/python3.8/site-packages:/home/coche/coche_ws/install/f1tenth_stack/lib/python3.8/site-packages:/home/coche/coche_ws/install/joy_teleop/lib/python3.8/site-packages:/home/coche/coche_ws/install/teleop_tools_msgs/lib/python3.8/site-packages:/home/coche/coche_ws/install/mouse_teleop/lib/python3.8/site-packages:/home/coche/coche_ws/install/key_teleop/lib/python3.8/site-packages:/opt/ros/foxy/lib/python3.8/site-packages'), ('LC_NUMERIC', 'C.UTF-8'), ('LC_PAPER', 'C.UTF-8'), ('COLCON', '1'), ('CMAKE_PREFIX_PATH', '/home/coche/coche_ws/install/vesc_driver:/home/coche/coche_ws/install/vesc_ackermann:/home/coche/coche_ws/install/vesc_msgs:/home/coche/coche_ws/install/vesc:/home/coche/coche_ws/install/teleop_tools:/home/coche/coche_ws/install/teleop_tools_msgs:/home/coche/coche_ws/install/ackermann_mux:/home/coche/coche_ws/install/f1tenth_stack:/home/coche/coche_ws/install/joy_teleop:/home/coche/coche_ws/install/mouse_teleop:/home/coche/coche_ws/install/key_teleop:/opt/ros/foxy')]), 'shell': False}
[7.319568] (-) TimerEvent: {}
[7.420919] (-) TimerEvent: {}
[7.474038] (joy_teleop) Command: {'cmd': ['/usr/bin/python3', '-W', 'ignore:setup.py install is deprecated', 'setup.py', 'egg_info', '--egg-base', '../../../../build/joy_teleop', 'build', '--build-base', '/home/coche/coche_ws/build/joy_teleop/build', 'install', '--record', '/home/coche/coche_ws/build/joy_teleop/install.log', '--install-scripts', '$base/lib/joy_teleop', '--single-version-externally-managed', 'install_data'], 'cwd': '/home/coche/coche_ws/src/f1tenth_system/teleop_tools/joy_teleop', 'env': {'LESSOPEN': '| /usr/bin/lesspipe %s', 'USER': 'coche', 'SSH_CLIENT': '192.168.119.214 33380 22', 'LC_TIME': 'C.UTF-8', 'XDG_SESSION_TYPE': 'tty', 'SHLVL': '1', 'LD_LIBRARY_PATH': '/home/coche/coche_ws/install/teleop_tools_msgs/lib:/home/coche/coche_ws/install/vesc_driver/lib:/home/coche/coche_ws/install/vesc_ackermann/lib:/home/coche/coche_ws/install/vesc_msgs/lib:/opt/ros/foxy/opt/yaml_cpp_vendor/lib:/opt/ros/foxy/opt/rviz_ogre_vendor/lib:/opt/ros/foxy/lib/aarch64-linux-gnu:/opt/ros/foxy/lib', 'MOTD_SHOWN': 'pam', 'HOME': '/home/coche', 'OLDPWD': '/home/coche', 'SSH_TTY': '/dev/pts/0', 'ROS_PYTHON_VERSION': '3', 'LC_MONETARY': 'C.UTF-8', 'DBUS_SESSION_BUS_ADDRESS': 'unix:path=/run/user/1000/bus', 'COLCON_PREFIX_PATH': '/home/coche/coche_ws/install', 'ROS_DISTRO': 'foxy', 'LOGNAME': 'coche', '_': '/usr/bin/colcon', 'ROS_VERSION': '2', 'XDG_SESSION_CLASS': 'user', 'TERM': 'xterm-256color', 'XDG_SESSION_ID': '2', 'ROS_LOCALHOST_ONLY': '0', 'PATH': '/opt/ros/foxy/bin:/usr/local/sbin:/usr/local/bin:/usr/sbin:/usr/bin:/sbin:/bin:/usr/games:/usr/local/games:/snap/bin', 'LC_ADDRESS': 'C.UTF-8', 'XDG_RUNTIME_DIR': '/run/user/1000', 'DISPLAY': 'localhost:10.0', 'LANG': 'C.UTF-8', 'LC_TELEPHONE': 'C.UTF-8', 'LS_COLORS': 'rs=0:di=01;34:ln=01;36:mh=00:pi=40;33:so=01;35:do=01;35:bd=40;33;01:cd=40;33;01:or=40;31;01:mi=00:su=37;41:sg=30;43:ca=30;41:tw=30;42:ow=34;42:st=37;44:ex=01;32:*.tar=01;31:*.tgz=01;31:*.arc=01;31:*.arj=01;31:*.taz=01;31:*.lha=01;31:*.lz4=01;31:*.lzh=01;31:*.lzma=01;31:*.tlz=01;31:*.txz=01;31:*.tzo=01;31:*.t7z=01;31:*.zip=01;31:*.z=01;31:*.dz=01;31:*.gz=01;31:*.lrz=01;31:*.lz=01;31:*.lzo=01;31:*.xz=01;31:*.zst=01;31:*.tzst=01;31:*.bz2=01;31:*.bz=01;31:*.tbz=01;31:*.tbz2=01;31:*.tz=01;31:*.deb=01;31:*.rpm=01;31:*.jar=01;31:*.war=01;31:*.ear=01;31:*.sar=01;31:*.rar=01;31:*.alz=01;31:*.ace=01;31:*.zoo=01;31:*.cpio=01;31:*.7z=01;31:*.rz=01;31:*.cab=01;31:*.wim=01;31:*.swm=01;31:*.dwm=01;31:*.esd=01;31:*.jpg=01;35:*.jpeg=01;35:*.mjpg=01;35:*.mjpeg=01;35:*.gif=01;35:*.bmp=01;35:*.pbm=01;35:*.pgm=01;35:*.ppm=01;35:*.tga=01;35:*.xbm=01;35:*.xpm=01;35:*.tif=01;35:*.tiff=01;35:*.png=01;35:*.svg=01;35:*.svgz=01;35:*.mng=01;35:*.pcx=01;35:*.mov=01;35:*.mpg=01;35:*.mpeg=01;35:*.m2v=01;35:*.mkv=01;35:*.webm=01;35:*.ogm=01;35:*.mp4=01;35:*.m4v=01;35:*.mp4v=01;35:*.vob=01;35:*.qt=01;35:*.nuv=01;35:*.wmv=01;35:*.asf=01;35:*.rm=01;35:*.rmvb=01;35:*.flc=01;35:*.avi=01;35:*.fli=01;35:*.flv=01;35:*.gl=01;35:*.dl=01;35:*.xcf=01;35:*.xwd=01;35:*.yuv=01;35:*.cgm=01;35:*.emf=01;35:*.ogv=01;35:*.ogx=01;35:*.aac=00;36:*.au=00;36:*.flac=00;36:*.m4a=00;36:*.mid=00;36:*.midi=00;36:*.mka=00;36:*.mp3=00;36:*.mpc=00;36:*.ogg=00;36:*.ra=00;36:*.wav=00;36:*.oga=00;36:*.opus=00;36:*.spx=00;36:*.xspf=00;36:', 'AMENT_PREFIX_PATH': '/home/coche/coche_ws/install/f1tenth_stack:/home/coche/coche_ws/install/vesc:/home/coche/coche_ws/install/vesc_driver:/home/coche/coche_ws/install/vesc_ackermann:/home/coche/coche_ws/install/vesc_msgs:/home/coche/coche_ws/install/teleop_tools:/home/coche/coche_ws/install/joy_teleop:/home/coche/coche_ws/install/teleop_tools_msgs:/home/coche/coche_ws/install/mouse_teleop:/home/coche/coche_ws/install/key_teleop:/home/coche/coche_ws/install/ackermann_mux:/opt/ros/foxy', 'SHELL': '/bin/bash', 'LC_NAME': 'C.UTF-8', 'LESSCLOSE': '/usr/bin/lesspipe %s %s', 'LC_MEASUREMENT': 'C.UTF-8', 'LC_IDENTIFICATION': 'C.UTF-8', 'PWD': '/home/coche/coche_ws/build/joy_teleop', 'SSH_CONNECTION': '192.168.119.214 33380 192.168.119.61 22', 'XDG_DATA_DIRS': '/home/coche/.local/share/flatpak/exports/share:/var/lib/flatpak/exports/share:/usr/local/share:/usr/share:/var/lib/snapd/desktop', 'PYTHONPATH': '/home/coche/coche_ws/build/joy_teleop/prefix_override:/usr/lib/python3/dist-packages/colcon_core/task/python/colcon_distutils_commands:/home/coche/coche_ws/install/joy_teleop/lib/python3.8/site-packages:/home/coche/coche_ws/install/teleop_tools_msgs/lib/python3.8/site-packages:/home/coche/coche_ws/install/f1tenth_stack/lib/python3.8/site-packages:/home/coche/coche_ws/install/vesc_msgs/lib/python3.8/site-packages:/home/coche/coche_ws/install/joy_teleop/lib/python3.8/site-packages:/home/coche/coche_ws/install/mouse_teleop/lib/python3.8/site-packages:/home/coche/coche_ws/install/key_teleop/lib/python3.8/site-packages:/opt/ros/foxy/lib/python3.8/site-packages', 'LC_NUMERIC': 'C.UTF-8', 'LC_PAPER': 'C.UTF-8', 'COLCON': '1', 'CMAKE_PREFIX_PATH': '/home/coche/coche_ws/install/teleop_tools_msgs:/home/coche/coche_ws/install/vesc:/home/coche/coche_ws/install/vesc_driver:/home/coche/coche_ws/install/vesc_ackermann:/home/coche/coche_ws/install/vesc_msgs:/home/coche/coche_ws/install/teleop_tools:/home/coche/coche_ws/install/ackermann_mux'}, 'shell': False}
[7.496658] (vesc) CommandEnded: {'returncode': 0}
[7.521288] (-) TimerEvent: {}
[7.606055] (vesc) JobProgress: {'identifier': 'vesc', 'progress': 'install'}
[7.608644] (vesc) Command: {'cmd': ['/usr/bin/cmake', '--install', '/home/coche/coche_ws/build/vesc'], 'cwd': '/home/coche/coche_ws/build/vesc', 'env': OrderedDict([('LESSOPEN', '| /usr/bin/lesspipe %s'), ('USER', 'coche'), ('SSH_CLIENT', '192.168.119.214 33380 22'), ('LC_TIME', 'C.UTF-8'), ('XDG_SESSION_TYPE', 'tty'), ('SHLVL', '1'), ('LD_LIBRARY_PATH', '/home/coche/coche_ws/install/vesc_driver/lib:/home/coche/coche_ws/install/vesc_ackermann/lib:/home/coche/coche_ws/install/vesc_msgs/lib:/home/coche/coche_ws/install/teleop_tools_msgs/lib:/opt/ros/foxy/opt/yaml_cpp_vendor/lib:/opt/ros/foxy/opt/rviz_ogre_vendor/lib:/opt/ros/foxy/lib/aarch64-linux-gnu:/opt/ros/foxy/lib'), ('MOTD_SHOWN', 'pam'), ('HOME', '/home/coche'), ('OLDPWD', '/home/coche'), ('SSH_TTY', '/dev/pts/0'), ('ROS_PYTHON_VERSION', '3'), ('LC_MONETARY', 'C.UTF-8'), ('DBUS_SESSION_BUS_ADDRESS', 'unix:path=/run/user/1000/bus'), ('COLCON_PREFIX_PATH', '/home/coche/coche_ws/install'), ('ROS_DISTRO', 'foxy'), ('LOGNAME', 'coche'), ('_', '/usr/bin/colcon'), ('ROS_VERSION', '2'), ('XDG_SESSION_CLASS', 'user'), ('TERM', 'xterm-256color'), ('XDG_SESSION_ID', '2'), ('ROS_LOCALHOST_ONLY', '0'), ('PATH', '/opt/ros/foxy/bin:/usr/local/sbin:/usr/local/bin:/usr/sbin:/usr/bin:/sbin:/bin:/usr/games:/usr/local/games:/snap/bin'), ('LC_ADDRESS', 'C.UTF-8'), ('XDG_RUNTIME_DIR', '/run/user/1000'), ('DISPLAY', 'localhost:10.0'), ('LANG', 'C.UTF-8'), ('LC_TELEPHONE', 'C.UTF-8'), ('LS_COLORS', 'rs=0:di=01;34:ln=01;36:mh=00:pi=40;33:so=01;35:do=01;35:bd=40;33;01:cd=40;33;01:or=40;31;01:mi=00:su=37;41:sg=30;43:ca=30;41:tw=30;42:ow=34;42:st=37;44:ex=01;32:*.tar=01;31:*.tgz=01;31:*.arc=01;31:*.arj=01;31:*.taz=01;31:*.lha=01;31:*.lz4=01;31:*.lzh=01;31:*.lzma=01;31:*.tlz=01;31:*.txz=01;31:*.tzo=01;31:*.t7z=01;31:*.zip=01;31:*.z=01;31:*.dz=01;31:*.gz=01;31:*.lrz=01;31:*.lz=01;31:*.lzo=01;31:*.xz=01;31:*.zst=01;31:*.tzst=01;31:*.bz2=01;31:*.bz=01;31:*.tbz=01;31:*.tbz2=01;31:*.tz=01;31:*.deb=01;31:*.rpm=01;31:*.jar=01;31:*.war=01;31:*.ear=01;31:*.sar=01;31:*.rar=01;31:*.alz=01;31:*.ace=01;31:*.zoo=01;31:*.cpio=01;31:*.7z=01;31:*.rz=01;31:*.cab=01;31:*.wim=01;31:*.swm=01;31:*.dwm=01;31:*.esd=01;31:*.jpg=01;35:*.jpeg=01;35:*.mjpg=01;35:*.mjpeg=01;35:*.gif=01;35:*.bmp=01;35:*.pbm=01;35:*.pgm=01;35:*.ppm=01;35:*.tga=01;35:*.xbm=01;35:*.xpm=01;35:*.tif=01;35:*.tiff=01;35:*.png=01;35:*.svg=01;35:*.svgz=01;35:*.mng=01;35:*.pcx=01;35:*.mov=01;35:*.mpg=01;35:*.mpeg=01;35:*.m2v=01;35:*.mkv=01;35:*.webm=01;35:*.ogm=01;35:*.mp4=01;35:*.m4v=01;35:*.mp4v=01;35:*.vob=01;35:*.qt=01;35:*.nuv=01;35:*.wmv=01;35:*.asf=01;35:*.rm=01;35:*.rmvb=01;35:*.flc=01;35:*.avi=01;35:*.fli=01;35:*.flv=01;35:*.gl=01;35:*.dl=01;35:*.xcf=01;35:*.xwd=01;35:*.yuv=01;35:*.cgm=01;35:*.emf=01;35:*.ogv=01;35:*.ogx=01;35:*.aac=00;36:*.au=00;36:*.flac=00;36:*.m4a=00;36:*.mid=00;36:*.midi=00;36:*.mka=00;36:*.mp3=00;36:*.mpc=00;36:*.ogg=00;36:*.ra=00;36:*.wav=00;36:*.oga=00;36:*.opus=00;36:*.spx=00;36:*.xspf=00;36:'), ('AMENT_PREFIX_PATH', '/home/coche/coche_ws/install/f1tenth_stack:/home/coche/coche_ws/install/vesc:/home/coche/coche_ws/install/vesc_driver:/home/coche/coche_ws/install/vesc_ackermann:/home/coche/coche_ws/install/vesc_msgs:/home/coche/coche_ws/install/teleop_tools:/home/coche/coche_ws/install/joy_teleop:/home/coche/coche_ws/install/teleop_tools_msgs:/home/coche/coche_ws/install/mouse_teleop:/home/coche/coche_ws/install/key_teleop:/home/coche/coche_ws/install/ackermann_mux:/opt/ros/foxy'), ('SHELL', '/bin/bash'), ('LC_NAME', 'C.UTF-8'), ('LESSCLOSE', '/usr/bin/lesspipe %s %s'), ('LC_MEASUREMENT', 'C.UTF-8'), ('LC_IDENTIFICATION', 'C.UTF-8'), ('PWD', '/home/coche/coche_ws/build/vesc'), ('SSH_CONNECTION', '192.168.119.214 33380 192.168.119.61 22'), ('XDG_DATA_DIRS', '/home/coche/.local/share/flatpak/exports/share:/var/lib/flatpak/exports/share:/usr/local/share:/usr/share:/var/lib/snapd/desktop'), ('PYTHONPATH', '/home/coche/coche_ws/install/vesc_msgs/lib/python3.8/site-packages:/home/coche/coche_ws/install/f1tenth_stack/lib/python3.8/site-packages:/home/coche/coche_ws/install/joy_teleop/lib/python3.8/site-packages:/home/coche/coche_ws/install/teleop_tools_msgs/lib/python3.8/site-packages:/home/coche/coche_ws/install/mouse_teleop/lib/python3.8/site-packages:/home/coche/coche_ws/install/key_teleop/lib/python3.8/site-packages:/opt/ros/foxy/lib/python3.8/site-packages'), ('LC_NUMERIC', 'C.UTF-8'), ('LC_PAPER', 'C.UTF-8'), ('COLCON', '1'), ('CMAKE_PREFIX_PATH', '/home/coche/coche_ws/install/vesc_driver:/home/coche/coche_ws/install/vesc_ackermann:/home/coche/coche_ws/install/vesc_msgs:/home/coche/coche_ws/install/vesc:/home/coche/coche_ws/install/teleop_tools:/home/coche/coche_ws/install/teleop_tools_msgs:/home/coche/coche_ws/install/ackermann_mux:/home/coche/coche_ws/install/f1tenth_stack:/home/coche/coche_ws/install/joy_teleop:/home/coche/coche_ws/install/mouse_teleop:/home/coche/coche_ws/install/key_teleop:/opt/ros/foxy')]), 'shell': False}
[7.623631] (-) TimerEvent: {}
[7.654304] (vesc) StdoutLine: {'line': b'-- Install configuration: ""\n'}
[7.655569] (vesc) StdoutLine: {'line': b'-- Up-to-date: /home/coche/coche_ws/install/vesc/share/ament_index/resource_index/package_run_dependencies/vesc\n'}
[7.656469] (vesc) StdoutLine: {'line': b'-- Up-to-date: /home/coche/coche_ws/install/vesc/share/ament_index/resource_index/parent_prefix_path/vesc\n'}
[7.657185] (vesc) StdoutLine: {'line': b'-- Up-to-date: /home/coche/coche_ws/install/vesc/share/vesc/environment/ament_prefix_path.sh\n'}
[7.657985] (vesc) StdoutLine: {'line': b'-- Up-to-date: /home/coche/coche_ws/install/vesc/share/vesc/environment/ament_prefix_path.dsv\n'}
[7.658347] (vesc) StdoutLine: {'line': b'-- Up-to-date: /home/coche/coche_ws/install/vesc/share/vesc/environment/path.sh\n'}
[7.658773] (vesc) StdoutLine: {'line': b'-- Up-to-date: /home/coche/coche_ws/install/vesc/share/vesc/environment/path.dsv\n'}
[7.659319] (vesc) StdoutLine: {'line': b'-- Up-to-date: /home/coche/coche_ws/install/vesc/share/vesc/local_setup.bash\n'}
[7.659843] (vesc) StdoutLine: {'line': b'-- Up-to-date: /home/coche/coche_ws/install/vesc/share/vesc/local_setup.sh\n'}
[7.660552] (vesc) StdoutLine: {'line': b'-- Up-to-date: /home/coche/coche_ws/install/vesc/share/vesc/local_setup.zsh\n'}
[7.660891] (vesc) StdoutLine: {'line': b'-- Up-to-date: /home/coche/coche_ws/install/vesc/share/vesc/local_setup.dsv\n'}
[7.661266] (vesc) StdoutLine: {'line': b'-- Installing: /home/coche/coche_ws/install/vesc/share/vesc/package.dsv\n'}
[7.661590] (vesc) StdoutLine: {'line': b'-- Up-to-date: /home/coche/coche_ws/install/vesc/share/ament_index/resource_index/packages/vesc\n'}
[7.661875] (vesc) StdoutLine: {'line': b'-- Up-to-date: /home/coche/coche_ws/install/vesc/share/vesc/cmake/vescConfig.cmake\n'}
[7.662173] (vesc) StdoutLine: {'line': b'-- Up-to-date: /home/coche/coche_ws/install/vesc/share/vesc/cmake/vescConfig-version.cmake\n'}
[7.662460] (vesc) StdoutLine: {'line': b'-- Up-to-date: /home/coche/coche_ws/install/vesc/share/vesc/package.xml\n'}
[7.667025] (vesc) CommandEnded: {'returncode': 0}
[7.724188] (-) TimerEvent: {}
[7.828878] (-) TimerEvent: {}
[7.840449] (vesc) JobEnded: {'identifier': 'vesc', 'rc': 0}
[7.929101] (-) TimerEvent: {}
[8.029833] (-) TimerEvent: {}
[8.130741] (-) TimerEvent: {}
[8.231600] (-) TimerEvent: {}
[8.332455] (-) TimerEvent: {}
[8.375422] (joy_teleop) StdoutLine: {'line': b'running egg_info\n'}
[8.378485] (joy_teleop) StdoutLine: {'line': b'writing ../../../../build/joy_teleop/joy_teleop.egg-info/PKG-INFO\n'}
[8.379496] (joy_teleop) StdoutLine: {'line': b'writing dependency_links to ../../../../build/joy_teleop/joy_teleop.egg-info/dependency_links.txt\n'}
[8.380203] (joy_teleop) StdoutLine: {'line': b'writing entry points to ../../../../build/joy_teleop/joy_teleop.egg-info/entry_points.txt\n'}
[8.380795] (joy_teleop) StdoutLine: {'line': b'writing requirements to ../../../../build/joy_teleop/joy_teleop.egg-info/requires.txt\n'}
[8.382678] (joy_teleop) StdoutLine: {'line': b'writing top-level names to ../../../../build/joy_teleop/joy_teleop.egg-info/top_level.txt\n'}
[8.432638] (-) TimerEvent: {}
[8.514044] (joy_teleop) StdoutLine: {'line': b"reading manifest file '../../../../build/joy_teleop/joy_teleop.egg-info/SOURCES.txt'\n"}
[8.518216] (joy_teleop) StdoutLine: {'line': b"writing manifest file '../../../../build/joy_teleop/joy_teleop.egg-info/SOURCES.txt'\n"}
[8.519036] (joy_teleop) StdoutLine: {'line': b'running build\n'}
[8.519359] (joy_teleop) StdoutLine: {'line': b'running build_py\n'}
[8.520191] (joy_teleop) StdoutLine: {'line': b'running install\n'}
[8.523351] (joy_teleop) StdoutLine: {'line': b'running install_lib\n'}
[8.528981] (joy_teleop) StdoutLine: {'line': b'running install_data\n'}
[8.529788] (joy_teleop) StdoutLine: {'line': b'running install_egg_info\n'}
[8.532774] (-) TimerEvent: {}
[8.535963] (joy_teleop) StdoutLine: {'line': b"removing '/home/coche/coche_ws/install/joy_teleop/lib/python3.8/site-packages/joy_teleop-0.3.0-py3.8.egg-info' (and everything under it)\n"}
[8.537649] (joy_teleop) StdoutLine: {'line': b'Copying ../../../../build/joy_teleop/joy_teleop.egg-info to /home/coche/coche_ws/install/joy_teleop/lib/python3.8/site-packages/joy_teleop-0.3.0-py3.8.egg-info\n'}
[8.542302] (joy_teleop) StdoutLine: {'line': b'running install_scripts\n'}
[8.604219] (joy_teleop) StdoutLine: {'line': b'Installing incrementer_server script to /home/coche/coche_ws/install/joy_teleop/lib/joy_teleop\n'}
[8.604996] (joy_teleop) StdoutLine: {'line': b'Installing joy_teleop script to /home/coche/coche_ws/install/joy_teleop/lib/joy_teleop\n'}
[8.606333] (joy_teleop) StdoutLine: {'line': b"writing list of installed files to '/home/coche/coche_ws/build/joy_teleop/install.log'\n"}
[8.633005] (-) TimerEvent: {}
[8.684597] (joy_teleop) CommandEnded: {'returncode': 0}
[8.723981] (joy_teleop) JobEnded: {'identifier': 'joy_teleop', 'rc': 0}
[8.729506] (teleop_tools) JobStarted: {'identifier': 'teleop_tools'}
[8.733177] (-) TimerEvent: {}
[8.758782] (f1tenth_stack) JobStarted: {'identifier': 'f1tenth_stack'}
[8.818726] (teleop_tools) JobProgress: {'identifier': 'teleop_tools', 'progress': 'cmake'}
[8.821746] (teleop_tools) JobProgress: {'identifier': 'teleop_tools', 'progress': 'build'}
[8.823982] (teleop_tools) Command: {'cmd': ['/usr/bin/cmake', '--build', '/home/coche/coche_ws/build/teleop_tools', '--', '-j4', '-l4'], 'cwd': '/home/coche/coche_ws/build/teleop_tools', 'env': OrderedDict([('LESSOPEN', '| /usr/bin/lesspipe %s'), ('USER', 'coche'), ('SSH_CLIENT', '192.168.119.214 33380 22'), ('LC_TIME', 'C.UTF-8'), ('XDG_SESSION_TYPE', 'tty'), ('SHLVL', '1'), ('LD_LIBRARY_PATH', '/home/coche/coche_ws/install/teleop_tools_msgs/lib:/home/coche/coche_ws/install/vesc_driver/lib:/home/coche/coche_ws/install/vesc_ackermann/lib:/home/coche/coche_ws/install/vesc_msgs/lib:/opt/ros/foxy/opt/yaml_cpp_vendor/lib:/opt/ros/foxy/opt/rviz_ogre_vendor/lib:/opt/ros/foxy/lib/aarch64-linux-gnu:/opt/ros/foxy/lib'), ('MOTD_SHOWN', 'pam'), ('HOME', '/home/coche'), ('OLDPWD', '/home/coche'), ('SSH_TTY', '/dev/pts/0'), ('ROS_PYTHON_VERSION', '3'), ('LC_MONETARY', 'C.UTF-8'), ('DBUS_SESSION_BUS_ADDRESS', 'unix:path=/run/user/1000/bus'), ('COLCON_PREFIX_PATH', '/home/coche/coche_ws/install'), ('ROS_DISTRO', 'foxy'), ('LOGNAME', 'coche'), ('_', '/usr/bin/colcon'), ('ROS_VERSION', '2'), ('XDG_SESSION_CLASS', 'user'), ('TERM', 'xterm-256color'), ('XDG_SESSION_ID', '2'), ('ROS_LOCALHOST_ONLY', '0'), ('PATH', '/opt/ros/foxy/bin:/usr/local/sbin:/usr/local/bin:/usr/sbin:/usr/bin:/sbin:/bin:/usr/games:/usr/local/games:/snap/bin'), ('LC_ADDRESS', 'C.UTF-8'), ('XDG_RUNTIME_DIR', '/run/user/1000'), ('DISPLAY', 'localhost:10.0'), ('LANG', 'C.UTF-8'), ('LC_TELEPHONE', 'C.UTF-8'), ('LS_COLORS', 'rs=0:di=01;34:ln=01;36:mh=00:pi=40;33:so=01;35:do=01;35:bd=40;33;01:cd=40;33;01:or=40;31;01:mi=00:su=37;41:sg=30;43:ca=30;41:tw=30;42:ow=34;42:st=37;44:ex=01;32:*.tar=01;31:*.tgz=01;31:*.arc=01;31:*.arj=01;31:*.taz=01;31:*.lha=01;31:*.lz4=01;31:*.lzh=01;31:*.lzma=01;31:*.tlz=01;31:*.txz=01;31:*.tzo=01;31:*.t7z=01;31:*.zip=01;31:*.z=01;31:*.dz=01;31:*.gz=01;31:*.lrz=01;31:*.lz=01;31:*.lzo=01;31:*.xz=01;31:*.zst=01;31:*.tzst=01;31:*.bz2=01;31:*.bz=01;31:*.tbz=01;31:*.tbz2=01;31:*.tz=01;31:*.deb=01;31:*.rpm=01;31:*.jar=01;31:*.war=01;31:*.ear=01;31:*.sar=01;31:*.rar=01;31:*.alz=01;31:*.ace=01;31:*.zoo=01;31:*.cpio=01;31:*.7z=01;31:*.rz=01;31:*.cab=01;31:*.wim=01;31:*.swm=01;31:*.dwm=01;31:*.esd=01;31:*.jpg=01;35:*.jpeg=01;35:*.mjpg=01;35:*.mjpeg=01;35:*.gif=01;35:*.bmp=01;35:*.pbm=01;35:*.pgm=01;35:*.ppm=01;35:*.tga=01;35:*.xbm=01;35:*.xpm=01;35:*.tif=01;35:*.tiff=01;35:*.png=01;35:*.svg=01;35:*.svgz=01;35:*.mng=01;35:*.pcx=01;35:*.mov=01;35:*.mpg=01;35:*.mpeg=01;35:*.m2v=01;35:*.mkv=01;35:*.webm=01;35:*.ogm=01;35:*.mp4=01;35:*.m4v=01;35:*.mp4v=01;35:*.vob=01;35:*.qt=01;35:*.nuv=01;35:*.wmv=01;35:*.asf=01;35:*.rm=01;35:*.rmvb=01;35:*.flc=01;35:*.avi=01;35:*.fli=01;35:*.flv=01;35:*.gl=01;35:*.dl=01;35:*.xcf=01;35:*.xwd=01;35:*.yuv=01;35:*.cgm=01;35:*.emf=01;35:*.ogv=01;35:*.ogx=01;35:*.aac=00;36:*.au=00;36:*.flac=00;36:*.m4a=00;36:*.mid=00;36:*.midi=00;36:*.mka=00;36:*.mp3=00;36:*.mpc=00;36:*.ogg=00;36:*.ra=00;36:*.wav=00;36:*.oga=00;36:*.opus=00;36:*.spx=00;36:*.xspf=00;36:'), ('AMENT_PREFIX_PATH', '/home/coche/coche_ws/install/joy_teleop:/home/coche/coche_ws/install/key_teleop:/home/coche/coche_ws/install/f1tenth_stack:/home/coche/coche_ws/install/vesc:/home/coche/coche_ws/install/vesc_driver:/home/coche/coche_ws/install/vesc_ackermann:/home/coche/coche_ws/install/vesc_msgs:/home/coche/coche_ws/install/teleop_tools:/home/coche/coche_ws/install/teleop_tools_msgs:/home/coche/coche_ws/install/mouse_teleop:/home/coche/coche_ws/install/ackermann_mux:/opt/ros/foxy'), ('SHELL', '/bin/bash'), ('LC_NAME', 'C.UTF-8'), ('LESSCLOSE', '/usr/bin/lesspipe %s %s'), ('LC_MEASUREMENT', 'C.UTF-8'), ('LC_IDENTIFICATION', 'C.UTF-8'), ('PWD', '/home/coche/coche_ws/build/teleop_tools'), ('SSH_CONNECTION', '192.168.119.214 33380 192.168.119.61 22'), ('XDG_DATA_DIRS', '/home/coche/.local/share/flatpak/exports/share:/var/lib/flatpak/exports/share:/usr/local/share:/usr/share:/var/lib/snapd/desktop'), ('PYTHONPATH', '/home/coche/coche_ws/install/joy_teleop/lib/python3.8/site-packages:/home/coche/coche_ws/install/teleop_tools_msgs/lib/python3.8/site-packages:/home/coche/coche_ws/install/key_teleop/lib/python3.8/site-packages:/home/coche/coche_ws/install/f1tenth_stack/lib/python3.8/site-packages:/home/coche/coche_ws/install/vesc_msgs/lib/python3.8/site-packages:/home/coche/coche_ws/install/mouse_teleop/lib/python3.8/site-packages:/opt/ros/foxy/lib/python3.8/site-packages'), ('LC_NUMERIC', 'C.UTF-8'), ('LC_PAPER', 'C.UTF-8'), ('COLCON', '1'), ('CMAKE_PREFIX_PATH', '/home/coche/coche_ws/install/teleop_tools_msgs:/home/coche/coche_ws/install/vesc:/home/coche/coche_ws/install/vesc_driver:/home/coche/coche_ws/install/vesc_ackermann:/home/coche/coche_ws/install/vesc_msgs:/home/coche/coche_ws/install/teleop_tools:/home/coche/coche_ws/install/ackermann_mux:/home/coche/coche_ws/install/f1tenth_stack:/home/coche/coche_ws/install/joy_teleop:/home/coche/coche_ws/install/mouse_teleop:/home/coche/coche_ws/install/key_teleop:/opt/ros/foxy')]), 'shell': False}
[8.839240] (-) TimerEvent: {}
[8.941250] (-) TimerEvent: {}
[9.043430] (-) TimerEvent: {}
[9.144404] (-) TimerEvent: {}
[9.245285] (-) TimerEvent: {}
[9.346123] (-) TimerEvent: {}
[9.447025] (-) TimerEvent: {}
[9.547907] (-) TimerEvent: {}
[9.648747] (-) TimerEvent: {}
[9.749609] (-) TimerEvent: {}
[9.848462] (teleop_tools) CommandEnded: {'returncode': 0}
[9.854177] (-) TimerEvent: {}
[9.960123] (teleop_tools) JobProgress: {'identifier': 'teleop_tools', 'progress': 'install'}
[9.960698] (-) TimerEvent: {}
[9.963700] (teleop_tools) Command: {'cmd': ['/usr/bin/cmake', '--install', '/home/coche/coche_ws/build/teleop_tools'], 'cwd': '/home/coche/coche_ws/build/teleop_tools', 'env': OrderedDict([('LESSOPEN', '| /usr/bin/lesspipe %s'), ('USER', 'coche'), ('SSH_CLIENT', '192.168.119.214 33380 22'), ('LC_TIME', 'C.UTF-8'), ('XDG_SESSION_TYPE', 'tty'), ('SHLVL', '1'), ('LD_LIBRARY_PATH', '/home/coche/coche_ws/install/teleop_tools_msgs/lib:/home/coche/coche_ws/install/vesc_driver/lib:/home/coche/coche_ws/install/vesc_ackermann/lib:/home/coche/coche_ws/install/vesc_msgs/lib:/opt/ros/foxy/opt/yaml_cpp_vendor/lib:/opt/ros/foxy/opt/rviz_ogre_vendor/lib:/opt/ros/foxy/lib/aarch64-linux-gnu:/opt/ros/foxy/lib'), ('MOTD_SHOWN', 'pam'), ('HOME', '/home/coche'), ('OLDPWD', '/home/coche'), ('SSH_TTY', '/dev/pts/0'), ('ROS_PYTHON_VERSION', '3'), ('LC_MONETARY', 'C.UTF-8'), ('DBUS_SESSION_BUS_ADDRESS', 'unix:path=/run/user/1000/bus'), ('COLCON_PREFIX_PATH', '/home/coche/coche_ws/install'), ('ROS_DISTRO', 'foxy'), ('LOGNAME', 'coche'), ('_', '/usr/bin/colcon'), ('ROS_VERSION', '2'), ('XDG_SESSION_CLASS', 'user'), ('TERM', 'xterm-256color'), ('XDG_SESSION_ID', '2'), ('ROS_LOCALHOST_ONLY', '0'), ('PATH', '/opt/ros/foxy/bin:/usr/local/sbin:/usr/local/bin:/usr/sbin:/usr/bin:/sbin:/bin:/usr/games:/usr/local/games:/snap/bin'), ('LC_ADDRESS', 'C.UTF-8'), ('XDG_RUNTIME_DIR', '/run/user/1000'), ('DISPLAY', 'localhost:10.0'), ('LANG', 'C.UTF-8'), ('LC_TELEPHONE', 'C.UTF-8'), ('LS_COLORS', 'rs=0:di=01;34:ln=01;36:mh=00:pi=40;33:so=01;35:do=01;35:bd=40;33;01:cd=40;33;01:or=40;31;01:mi=00:su=37;41:sg=30;43:ca=30;41:tw=30;42:ow=34;42:st=37;44:ex=01;32:*.tar=01;31:*.tgz=01;31:*.arc=01;31:*.arj=01;31:*.taz=01;31:*.lha=01;31:*.lz4=01;31:*.lzh=01;31:*.lzma=01;31:*.tlz=01;31:*.txz=01;31:*.tzo=01;31:*.t7z=01;31:*.zip=01;31:*.z=01;31:*.dz=01;31:*.gz=01;31:*.lrz=01;31:*.lz=01;31:*.lzo=01;31:*.xz=01;31:*.zst=01;31:*.tzst=01;31:*.bz2=01;31:*.bz=01;31:*.tbz=01;31:*.tbz2=01;31:*.tz=01;31:*.deb=01;31:*.rpm=01;31:*.jar=01;31:*.war=01;31:*.ear=01;31:*.sar=01;31:*.rar=01;31:*.alz=01;31:*.ace=01;31:*.zoo=01;31:*.cpio=01;31:*.7z=01;31:*.rz=01;31:*.cab=01;31:*.wim=01;31:*.swm=01;31:*.dwm=01;31:*.esd=01;31:*.jpg=01;35:*.jpeg=01;35:*.mjpg=01;35:*.mjpeg=01;35:*.gif=01;35:*.bmp=01;35:*.pbm=01;35:*.pgm=01;35:*.ppm=01;35:*.tga=01;35:*.xbm=01;35:*.xpm=01;35:*.tif=01;35:*.tiff=01;35:*.png=01;35:*.svg=01;35:*.svgz=01;35:*.mng=01;35:*.pcx=01;35:*.mov=01;35:*.mpg=01;35:*.mpeg=01;35:*.m2v=01;35:*.mkv=01;35:*.webm=01;35:*.ogm=01;35:*.mp4=01;35:*.m4v=01;35:*.mp4v=01;35:*.vob=01;35:*.qt=01;35:*.nuv=01;35:*.wmv=01;35:*.asf=01;35:*.rm=01;35:*.rmvb=01;35:*.flc=01;35:*.avi=01;35:*.fli=01;35:*.flv=01;35:*.gl=01;35:*.dl=01;35:*.xcf=01;35:*.xwd=01;35:*.yuv=01;35:*.cgm=01;35:*.emf=01;35:*.ogv=01;35:*.ogx=01;35:*.aac=00;36:*.au=00;36:*.flac=00;36:*.m4a=00;36:*.mid=00;36:*.midi=00;36:*.mka=00;36:*.mp3=00;36:*.mpc=00;36:*.ogg=00;36:*.ra=00;36:*.wav=00;36:*.oga=00;36:*.opus=00;36:*.spx=00;36:*.xspf=00;36:'), ('AMENT_PREFIX_PATH', '/home/coche/coche_ws/install/joy_teleop:/home/coche/coche_ws/install/key_teleop:/home/coche/coche_ws/install/f1tenth_stack:/home/coche/coche_ws/install/vesc:/home/coche/coche_ws/install/vesc_driver:/home/coche/coche_ws/install/vesc_ackermann:/home/coche/coche_ws/install/vesc_msgs:/home/coche/coche_ws/install/teleop_tools:/home/coche/coche_ws/install/teleop_tools_msgs:/home/coche/coche_ws/install/mouse_teleop:/home/coche/coche_ws/install/ackermann_mux:/opt/ros/foxy'), ('SHELL', '/bin/bash'), ('LC_NAME', 'C.UTF-8'), ('LESSCLOSE', '/usr/bin/lesspipe %s %s'), ('LC_MEASUREMENT', 'C.UTF-8'), ('LC_IDENTIFICATION', 'C.UTF-8'), ('PWD', '/home/coche/coche_ws/build/teleop_tools'), ('SSH_CONNECTION', '192.168.119.214 33380 192.168.119.61 22'), ('XDG_DATA_DIRS', '/home/coche/.local/share/flatpak/exports/share:/var/lib/flatpak/exports/share:/usr/local/share:/usr/share:/var/lib/snapd/desktop'), ('PYTHONPATH', '/home/coche/coche_ws/install/joy_teleop/lib/python3.8/site-packages:/home/coche/coche_ws/install/teleop_tools_msgs/lib/python3.8/site-packages:/home/coche/coche_ws/install/key_teleop/lib/python3.8/site-packages:/home/coche/coche_ws/install/f1tenth_stack/lib/python3.8/site-packages:/home/coche/coche_ws/install/vesc_msgs/lib/python3.8/site-packages:/home/coche/coche_ws/install/mouse_teleop/lib/python3.8/site-packages:/opt/ros/foxy/lib/python3.8/site-packages'), ('LC_NUMERIC', 'C.UTF-8'), ('LC_PAPER', 'C.UTF-8'), ('COLCON', '1'), ('CMAKE_PREFIX_PATH', '/home/coche/coche_ws/install/teleop_tools_msgs:/home/coche/coche_ws/install/vesc:/home/coche/coche_ws/install/vesc_driver:/home/coche/coche_ws/install/vesc_ackermann:/home/coche/coche_ws/install/vesc_msgs:/home/coche/coche_ws/install/teleop_tools:/home/coche/coche_ws/install/ackermann_mux:/home/coche/coche_ws/install/f1tenth_stack:/home/coche/coche_ws/install/joy_teleop:/home/coche/coche_ws/install/mouse_teleop:/home/coche/coche_ws/install/key_teleop:/opt/ros/foxy')]), 'shell': False}
[10.008434] (teleop_tools) StdoutLine: {'line': b'-- Install configuration: ""\n'}
[10.009904] (teleop_tools) StdoutLine: {'line': b'-- Up-to-date: /home/coche/coche_ws/install/teleop_tools/share/ament_index/resource_index/package_run_dependencies/teleop_tools\n'}
[10.011981] (teleop_tools) StdoutLine: {'line': b'-- Up-to-date: /home/coche/coche_ws/install/teleop_tools/share/ament_index/resource_index/parent_prefix_path/teleop_tools\n'}
[10.012473] (teleop_tools) StdoutLine: {'line': b'-- Up-to-date: /home/coche/coche_ws/install/teleop_tools/share/teleop_tools/environment/ament_prefix_path.sh\n'}
[10.012836] (teleop_tools) StdoutLine: {'line': b'-- Up-to-date: /home/coche/coche_ws/install/teleop_tools/share/teleop_tools/environment/ament_prefix_path.dsv\n'}
[10.013738] (teleop_tools) StdoutLine: {'line': b'-- Up-to-date: /home/coche/coche_ws/install/teleop_tools/share/teleop_tools/environment/path.sh\n'}
[10.014178] (teleop_tools) StdoutLine: {'line': b'-- Up-to-date: /home/coche/coche_ws/install/teleop_tools/share/teleop_tools/environment/path.dsv\n'}
[10.014666] (teleop_tools) StdoutLine: {'line': b'-- Up-to-date: /home/coche/coche_ws/install/teleop_tools/share/teleop_tools/local_setup.bash\n'}
[10.015001] (teleop_tools) StdoutLine: {'line': b'-- Up-to-date: /home/coche/coche_ws/install/teleop_tools/share/teleop_tools/local_setup.sh\n'}
[10.015322] (teleop_tools) StdoutLine: {'line': b'-- Up-to-date: /home/coche/coche_ws/install/teleop_tools/share/teleop_tools/local_setup.zsh\n'}
[10.016031] (teleop_tools) StdoutLine: {'line': b'-- Up-to-date: /home/coche/coche_ws/install/teleop_tools/share/teleop_tools/local_setup.dsv\n'}
[10.016339] (teleop_tools) StdoutLine: {'line': b'-- Installing: /home/coche/coche_ws/install/teleop_tools/share/teleop_tools/package.dsv\n'}
[10.017061] (teleop_tools) StdoutLine: {'line': b'-- Up-to-date: /home/coche/coche_ws/install/teleop_tools/share/ament_index/resource_index/packages/teleop_tools\n'}
[10.017387] (teleop_tools) StdoutLine: {'line': b'-- Up-to-date: /home/coche/coche_ws/install/teleop_tools/share/teleop_tools/cmake/teleop_toolsConfig.cmake\n'}
[10.017741] (teleop_tools) StdoutLine: {'line': b'-- Up-to-date: /home/coche/coche_ws/install/teleop_tools/share/teleop_tools/cmake/teleop_toolsConfig-version.cmake\n'}
[10.018021] (teleop_tools) StdoutLine: {'line': b'-- Up-to-date: /home/coche/coche_ws/install/teleop_tools/share/teleop_tools/package.xml\n'}
[10.021964] (teleop_tools) CommandEnded: {'returncode': 0}
[10.062140] (-) TimerEvent: {}
[10.167696] (-) TimerEvent: {}
[10.192635] (teleop_tools) JobEnded: {'identifier': 'teleop_tools', 'rc': 0}
[10.267910] (-) TimerEvent: {}
[10.368680] (-) TimerEvent: {}
[10.469503] (-) TimerEvent: {}
[10.570395] (-) TimerEvent: {}
[10.671944] (-) TimerEvent: {}
[10.772688] (-) TimerEvent: {}
[10.873543] (-) TimerEvent: {}
[10.974384] (-) TimerEvent: {}
[11.075305] (-) TimerEvent: {}
[11.176170] (-) TimerEvent: {}
[11.277021] (-) TimerEvent: {}
[11.377859] (-) TimerEvent: {}
[11.450432] (f1tenth_stack) Command: {'cmd': ['/usr/bin/python3', '-W', 'ignore:setup.py install is deprecated', 'setup.py', 'egg_info', '--egg-base', '../../../build/f1tenth_stack', 'build', '--build-base', '/home/coche/coche_ws/build/f1tenth_stack/build', 'install', '--record', '/home/coche/coche_ws/build/f1tenth_stack/install.log', '--install-scripts', '$base/lib/f1tenth_stack', '--single-version-externally-managed', 'install_data'], 'cwd': '/home/coche/coche_ws/src/f1tenth_system/f1tenth_stack', 'env': {'LESSOPEN': '| /usr/bin/lesspipe %s', 'USER': 'coche', 'SSH_CLIENT': '192.168.119.214 33380 22', 'LC_TIME': 'C.UTF-8', 'XDG_SESSION_TYPE': 'tty', 'SHLVL': '1', 'LD_LIBRARY_PATH': '/home/coche/coche_ws/install/vesc_driver/lib:/home/coche/coche_ws/install/vesc_ackermann/lib:/home/coche/coche_ws/install/vesc_msgs/lib:/home/coche/coche_ws/install/teleop_tools_msgs/lib:/opt/ros/foxy/opt/yaml_cpp_vendor/lib:/opt/ros/foxy/opt/rviz_ogre_vendor/lib:/opt/ros/foxy/lib/aarch64-linux-gnu:/opt/ros/foxy/lib', 'MOTD_SHOWN': 'pam', 'HOME': '/home/coche', 'OLDPWD': '/home/coche', 'SSH_TTY': '/dev/pts/0', 'ROS_PYTHON_VERSION': '3', 'LC_MONETARY': 'C.UTF-8', 'DBUS_SESSION_BUS_ADDRESS': 'unix:path=/run/user/1000/bus', 'COLCON_PREFIX_PATH': '/home/coche/coche_ws/install', 'ROS_DISTRO': 'foxy', 'LOGNAME': 'coche', '_': '/usr/bin/colcon', 'ROS_VERSION': '2', 'XDG_SESSION_CLASS': 'user', 'TERM': 'xterm-256color', 'XDG_SESSION_ID': '2', 'ROS_LOCALHOST_ONLY': '0', 'PATH': '/opt/ros/foxy/bin:/usr/local/sbin:/usr/local/bin:/usr/sbin:/usr/bin:/sbin:/bin:/usr/games:/usr/local/games:/snap/bin', 'LC_ADDRESS': 'C.UTF-8', 'XDG_RUNTIME_DIR': '/run/user/1000', 'DISPLAY': 'localhost:10.0', 'LANG': 'C.UTF-8', 'LC_TELEPHONE': 'C.UTF-8', 'LS_COLORS': 'rs=0:di=01;34:ln=01;36:mh=00:pi=40;33:so=01;35:do=01;35:bd=40;33;01:cd=40;33;01:or=40;31;01:mi=00:su=37;41:sg=30;43:ca=30;41:tw=30;42:ow=34;42:st=37;44:ex=01;32:*.tar=01;31:*.tgz=01;31:*.arc=01;31:*.arj=01;31:*.taz=01;31:*.lha=01;31:*.lz4=01;31:*.lzh=01;31:*.lzma=01;31:*.tlz=01;31:*.txz=01;31:*.tzo=01;31:*.t7z=01;31:*.zip=01;31:*.z=01;31:*.dz=01;31:*.gz=01;31:*.lrz=01;31:*.lz=01;31:*.lzo=01;31:*.xz=01;31:*.zst=01;31:*.tzst=01;31:*.bz2=01;31:*.bz=01;31:*.tbz=01;31:*.tbz2=01;31:*.tz=01;31:*.deb=01;31:*.rpm=01;31:*.jar=01;31:*.war=01;31:*.ear=01;31:*.sar=01;31:*.rar=01;31:*.alz=01;31:*.ace=01;31:*.zoo=01;31:*.cpio=01;31:*.7z=01;31:*.rz=01;31:*.cab=01;31:*.wim=01;31:*.swm=01;31:*.dwm=01;31:*.esd=01;31:*.jpg=01;35:*.jpeg=01;35:*.mjpg=01;35:*.mjpeg=01;35:*.gif=01;35:*.bmp=01;35:*.pbm=01;35:*.pgm=01;35:*.ppm=01;35:*.tga=01;35:*.xbm=01;35:*.xpm=01;35:*.tif=01;35:*.tiff=01;35:*.png=01;35:*.svg=01;35:*.svgz=01;35:*.mng=01;35:*.pcx=01;35:*.mov=01;35:*.mpg=01;35:*.mpeg=01;35:*.m2v=01;35:*.mkv=01;35:*.webm=01;35:*.ogm=01;35:*.mp4=01;35:*.m4v=01;35:*.mp4v=01;35:*.vob=01;35:*.qt=01;35:*.nuv=01;35:*.wmv=01;35:*.asf=01;35:*.rm=01;35:*.rmvb=01;35:*.flc=01;35:*.avi=01;35:*.fli=01;35:*.flv=01;35:*.gl=01;35:*.dl=01;35:*.xcf=01;35:*.xwd=01;35:*.yuv=01;35:*.cgm=01;35:*.emf=01;35:*.ogv=01;35:*.ogx=01;35:*.aac=00;36:*.au=00;36:*.flac=00;36:*.m4a=00;36:*.mid=00;36:*.midi=00;36:*.mka=00;36:*.mp3=00;36:*.mpc=00;36:*.ogg=00;36:*.ra=00;36:*.wav=00;36:*.oga=00;36:*.opus=00;36:*.spx=00;36:*.xspf=00;36:', 'AMENT_PREFIX_PATH': '/home/coche/coche_ws/install/joy_teleop:/home/coche/coche_ws/install/f1tenth_stack:/home/coche/coche_ws/install/vesc:/home/coche/coche_ws/install/vesc_driver:/home/coche/coche_ws/install/vesc_ackermann:/home/coche/coche_ws/install/vesc_msgs:/home/coche/coche_ws/install/teleop_tools:/home/coche/coche_ws/install/teleop_tools_msgs:/home/coche/coche_ws/install/mouse_teleop:/home/coche/coche_ws/install/key_teleop:/home/coche/coche_ws/install/ackermann_mux:/opt/ros/foxy', 'SHELL': '/bin/bash', 'LC_NAME': 'C.UTF-8', 'LESSCLOSE': '/usr/bin/lesspipe %s %s', 'LC_MEASUREMENT': 'C.UTF-8', 'LC_IDENTIFICATION': 'C.UTF-8', 'PWD': '/home/coche/coche_ws/build/f1tenth_stack', 'SSH_CONNECTION': '192.168.119.214 33380 192.168.119.61 22', 'XDG_DATA_DIRS': '/home/coche/.local/share/flatpak/exports/share:/var/lib/flatpak/exports/share:/usr/local/share:/usr/share:/var/lib/snapd/desktop', 'PYTHONPATH': '/home/coche/coche_ws/build/f1tenth_stack/prefix_override:/usr/lib/python3/dist-packages/colcon_core/task/python/colcon_distutils_commands:/home/coche/coche_ws/install/f1tenth_stack/lib/python3.8/site-packages:/home/coche/coche_ws/install/joy_teleop/lib/python3.8/site-packages:/home/coche/coche_ws/install/vesc_msgs/lib/python3.8/site-packages:/home/coche/coche_ws/install/teleop_tools_msgs/lib/python3.8/site-packages:/home/coche/coche_ws/install/f1tenth_stack/lib/python3.8/site-packages:/home/coche/coche_ws/install/mouse_teleop/lib/python3.8/site-packages:/home/coche/coche_ws/install/key_teleop/lib/python3.8/site-packages:/opt/ros/foxy/lib/python3.8/site-packages', 'LC_NUMERIC': 'C.UTF-8', 'LC_PAPER': 'C.UTF-8', 'COLCON': '1', 'CMAKE_PREFIX_PATH': '/home/coche/coche_ws/install/vesc:/home/coche/coche_ws/install/vesc_driver:/home/coche/coche_ws/install/vesc_ackermann:/home/coche/coche_ws/install/vesc_msgs:/home/coche/coche_ws/install/teleop_tools_msgs:/home/coche/coche_ws/install/ackermann_mux:/home/coche/coche_ws/install/teleop_tools'}, 'shell': False}
[11.478453] (-) TimerEvent: {}
[11.580157] (-) TimerEvent: {}
[11.681134] (-) TimerEvent: {}
[11.782233] (-) TimerEvent: {}
[11.883259] (-) TimerEvent: {}
[11.984366] (-) TimerEvent: {}
[12.085460] (-) TimerEvent: {}
[12.186691] (-) TimerEvent: {}
[12.287870] (-) TimerEvent: {}
[12.310332] (f1tenth_stack) StdoutLine: {'line': b'running egg_info\n'}
[12.313132] (f1tenth_stack) StdoutLine: {'line': b'writing ../../../build/f1tenth_stack/f1tenth_stack.egg-info/PKG-INFO\n'}
[12.314106] (f1tenth_stack) StdoutLine: {'line': b'writing dependency_links to ../../../build/f1tenth_stack/f1tenth_stack.egg-info/dependency_links.txt\n'}
[12.314866] (f1tenth_stack) StdoutLine: {'line': b'writing entry points to ../../../build/f1tenth_stack/f1tenth_stack.egg-info/entry_points.txt\n'}
[12.315350] (f1tenth_stack) StdoutLine: {'line': b'writing requirements to ../../../build/f1tenth_stack/f1tenth_stack.egg-info/requires.txt\n'}
[12.315800] (f1tenth_stack) StdoutLine: {'line': b'writing top-level names to ../../../build/f1tenth_stack/f1tenth_stack.egg-info/top_level.txt\n'}
[12.388095] (-) TimerEvent: {}
[12.443256] (f1tenth_stack) StdoutLine: {'line': b"reading manifest file '../../../build/f1tenth_stack/f1tenth_stack.egg-info/SOURCES.txt'\n"}
[12.447428] (f1tenth_stack) StdoutLine: {'line': b"writing manifest file '../../../build/f1tenth_stack/f1tenth_stack.egg-info/SOURCES.txt'\n"}
[12.448575] (f1tenth_stack) StdoutLine: {'line': b'running build\n'}
[12.448917] (f1tenth_stack) StdoutLine: {'line': b'running build_py\n'}
[12.449426] (f1tenth_stack) StdoutLine: {'line': b'running install\n'}
[12.452635] (f1tenth_stack) StdoutLine: {'line': b'running install_lib\n'}
[12.458500] (f1tenth_stack) StdoutLine: {'line': b'running install_data\n'}
[12.459273] (f1tenth_stack) StdoutLine: {'line': b'copying config/vesc.yaml -> /home/coche/coche_ws/install/f1tenth_stack/share/f1tenth_stack/config\n'}
[12.460475] (f1tenth_stack) StdoutLine: {'line': b'running install_egg_info\n'}
[12.466192] (f1tenth_stack) StdoutLine: {'line': b"removing '/home/coche/coche_ws/install/f1tenth_stack/lib/python3.8/site-packages/f1tenth_stack-0.0.1-py3.8.egg-info' (and everything under it)\n"}
[12.467783] (f1tenth_stack) StdoutLine: {'line': b'Copying ../../../build/f1tenth_stack/f1tenth_stack.egg-info to /home/coche/coche_ws/install/f1tenth_stack/lib/python3.8/site-packages/f1tenth_stack-0.0.1-py3.8.egg-info\n'}
[12.472073] (f1tenth_stack) StdoutLine: {'line': b'running install_scripts\n'}
[12.488269] (-) TimerEvent: {}
[12.532593] (f1tenth_stack) StdoutLine: {'line': b'Installing tf_publisher script to /home/coche/coche_ws/install/f1tenth_stack/lib/f1tenth_stack\n'}
[12.533620] (f1tenth_stack) StdoutLine: {'line': b'Installing throttle_interpolator script to /home/coche/coche_ws/install/f1tenth_stack/lib/f1tenth_stack\n'}
[12.534684] (f1tenth_stack) StdoutLine: {'line': b"writing list of installed files to '/home/coche/coche_ws/build/f1tenth_stack/install.log'\n"}
[12.588580] (-) TimerEvent: {}
[12.613621] (f1tenth_stack) CommandEnded: {'returncode': 0}
[12.652742] (f1tenth_stack) JobEnded: {'identifier': 'f1tenth_stack', 'rc': 0}
[12.658023] (-) EventReactorShutdown: {}
