[0.853s] DEBUG:colcon:Command line arguments: ['/usr/bin/colcon', 'build']
[0.854s] DEBUG:colcon:Parsed command line arguments: Namespace(allow_overriding=[], ament_cmake_args=None, base_paths=['.'], build_base='build', catkin_cmake_args=None, catkin_skip_building_tests=False, cmake_args=None, cmake_clean_cache=False, cmake_clean_first=False, cmake_force_configure=False, cmake_target=None, cmake_target_skip_unavailable=False, continue_on_error=False, event_handlers=None, executor='parallel', ignore_user_meta=False, install_base='install', log_base=None, log_level=None, main=<bound method BuildVerb.main of <colcon_core.verb.build.BuildVerb object at 0xffffa3f7dc10>>, merge_install=False, metas=['./colcon.meta'], mixin=None, mixin_files=None, mixin_verb=('build',), packages_above=None, packages_above_and_dependencies=None, packages_above_depth=None, packages_end=None, packages_ignore=None, packages_ignore_regex=None, packages_select=None, packages_select_build_failed=False, packages_select_by_dep=None, packages_select_regex=None, packages_select_test_failures=False, packages_skip=None, packages_skip_build_finished=False, packages_skip_by_dep=None, packages_skip_regex=None, packages_skip_test_passed=False, packages_skip_up_to=None, packages_start=None, packages_up_to=None, packages_up_to_regex=None, parallel_workers=4, paths=None, symlink_install=False, test_result_base=None, verb_extension=<colcon_core.verb.build.BuildVerb object at 0xffffa3f7dc10>, verb_name='build', verb_parser=<colcon_mixin.mixin.mixin_argument.MixinArgumentDecorator object at 0xffffa3f8d1f0>)
[1.493s] Level 1:colcon.colcon_core.package_discovery:discover_packages(colcon_meta) check parameters
[1.493s] Level 1:colcon.colcon_core.package_discovery:discover_packages(recursive) check parameters
[1.494s] Level 1:colcon.colcon_core.package_discovery:discover_packages(ignore) check parameters
[1.494s] Level 1:colcon.colcon_core.package_discovery:discover_packages(path) check parameters
[1.494s] Level 1:colcon.colcon_core.package_discovery:discover_packages(colcon_meta) discover
[1.494s] Level 1:colcon.colcon_core.package_discovery:discover_packages(recursive) discover
[1.494s] INFO:colcon.colcon_core.package_discovery:Crawling recursively for packages in '/home/coche/coche_ws'
[1.495s] Level 1:colcon.colcon_core.package_identification:_identify(.) by extensions ['ignore', 'ignore_ament_install']
[1.495s] Level 1:colcon.colcon_core.package_identification:_identify(.) by extension 'ignore'
[1.495s] Level 1:colcon.colcon_core.package_identification:_identify(.) by extension 'ignore_ament_install'
[1.496s] Level 1:colcon.colcon_core.package_identification:_identify(.) by extensions ['colcon_pkg']
[1.496s] Level 1:colcon.colcon_core.package_identification:_identify(.) by extension 'colcon_pkg'
[1.496s] Level 1:colcon.colcon_core.package_identification:_identify(.) by extensions ['colcon_meta']
[1.496s] Level 1:colcon.colcon_core.package_identification:_identify(.) by extension 'colcon_meta'
[1.496s] Level 1:colcon.colcon_core.package_identification:_identify(.) by extensions ['ros']
[1.497s] Level 1:colcon.colcon_core.package_identification:_identify(.) by extension 'ros'
[1.546s] Level 1:colcon.colcon_core.package_identification:_identify(.) by extensions ['cmake', 'python']
[1.547s] Level 1:colcon.colcon_core.package_identification:_identify(.) by extension 'cmake'
[1.547s] Level 1:colcon.colcon_core.package_identification:_identify(.) by extension 'python'
[1.547s] Level 1:colcon.colcon_core.package_identification:_identify(.) by extensions ['python_setup_py']
[1.548s] Level 1:colcon.colcon_core.package_identification:_identify(.) by extension 'python_setup_py'
[1.548s] Level 1:colcon.colcon_core.package_identification:_identify(build) by extensions ['ignore', 'ignore_ament_install']
[1.549s] Level 1:colcon.colcon_core.package_identification:_identify(build) by extension 'ignore'
[1.549s] Level 1:colcon.colcon_core.package_identification:_identify(build) ignored
[1.549s] Level 1:colcon.colcon_core.package_identification:_identify(install) by extensions ['ignore', 'ignore_ament_install']
[1.550s] Level 1:colcon.colcon_core.package_identification:_identify(install) by extension 'ignore'
[1.550s] Level 1:colcon.colcon_core.package_identification:_identify(install) ignored
[1.550s] Level 1:colcon.colcon_core.package_identification:_identify(log) by extensions ['ignore', 'ignore_ament_install']
[1.551s] Level 1:colcon.colcon_core.package_identification:_identify(log) by extension 'ignore'
[1.551s] Level 1:colcon.colcon_core.package_identification:_identify(log) ignored
[1.551s] Level 1:colcon.colcon_core.package_identification:_identify(src) by extensions ['ignore', 'ignore_ament_install']
[1.551s] Level 1:colcon.colcon_core.package_identification:_identify(src) by extension 'ignore'
[1.552s] Level 1:colcon.colcon_core.package_identification:_identify(src) by extension 'ignore_ament_install'
[1.552s] Level 1:colcon.colcon_core.package_identification:_identify(src) by extensions ['colcon_pkg']
[1.552s] Level 1:colcon.colcon_core.package_identification:_identify(src) by extension 'colcon_pkg'
[1.552s] Level 1:colcon.colcon_core.package_identification:_identify(src) by extensions ['colcon_meta']
[1.552s] Level 1:colcon.colcon_core.package_identification:_identify(src) by extension 'colcon_meta'
[1.553s] Level 1:colcon.colcon_core.package_identification:_identify(src) by extensions ['ros']
[1.553s] Level 1:colcon.colcon_core.package_identification:_identify(src) by extension 'ros'
[1.553s] Level 1:colcon.colcon_core.package_identification:_identify(src) by extensions ['cmake', 'python']
[1.553s] Level 1:colcon.colcon_core.package_identification:_identify(src) by extension 'cmake'
[1.553s] Level 1:colcon.colcon_core.package_identification:_identify(src) by extension 'python'
[1.554s] Level 1:colcon.colcon_core.package_identification:_identify(src) by extensions ['python_setup_py']
[1.554s] Level 1:colcon.colcon_core.package_identification:_identify(src) by extension 'python_setup_py'
[1.554s] Level 1:colcon.colcon_core.package_identification:_identify(src/f1tenth_system) by extensions ['ignore', 'ignore_ament_install']
[1.555s] Level 1:colcon.colcon_core.package_identification:_identify(src/f1tenth_system) by extension 'ignore'
[1.555s] Level 1:colcon.colcon_core.package_identification:_identify(src/f1tenth_system) by extension 'ignore_ament_install'
[1.555s] Level 1:colcon.colcon_core.package_identification:_identify(src/f1tenth_system) by extensions ['colcon_pkg']
[1.555s] Level 1:colcon.colcon_core.package_identification:_identify(src/f1tenth_system) by extension 'colcon_pkg'
[1.555s] Level 1:colcon.colcon_core.package_identification:_identify(src/f1tenth_system) by extensions ['colcon_meta']
[1.555s] Level 1:colcon.colcon_core.package_identification:_identify(src/f1tenth_system) by extension 'colcon_meta'
[1.556s] Level 1:colcon.colcon_core.package_identification:_identify(src/f1tenth_system) by extensions ['ros']
[1.556s] Level 1:colcon.colcon_core.package_identification:_identify(src/f1tenth_system) by extension 'ros'
[1.556s] Level 1:colcon.colcon_core.package_identification:_identify(src/f1tenth_system) by extensions ['cmake', 'python']
[1.556s] Level 1:colcon.colcon_core.package_identification:_identify(src/f1tenth_system) by extension 'cmake'
[1.556s] Level 1:colcon.colcon_core.package_identification:_identify(src/f1tenth_system) by extension 'python'
[1.557s] Level 1:colcon.colcon_core.package_identification:_identify(src/f1tenth_system) by extensions ['python_setup_py']
[1.557s] Level 1:colcon.colcon_core.package_identification:_identify(src/f1tenth_system) by extension 'python_setup_py'
[1.557s] Level 1:colcon.colcon_core.package_identification:_identify(src/f1tenth_system/ackermann_mux) by extensions ['ignore', 'ignore_ament_install']
[1.558s] Level 1:colcon.colcon_core.package_identification:_identify(src/f1tenth_system/ackermann_mux) by extension 'ignore'
[1.558s] Level 1:colcon.colcon_core.package_identification:_identify(src/f1tenth_system/ackermann_mux) by extension 'ignore_ament_install'
[1.558s] Level 1:colcon.colcon_core.package_identification:_identify(src/f1tenth_system/ackermann_mux) by extensions ['colcon_pkg']
[1.558s] Level 1:colcon.colcon_core.package_identification:_identify(src/f1tenth_system/ackermann_mux) by extension 'colcon_pkg'
[1.558s] Level 1:colcon.colcon_core.package_identification:_identify(src/f1tenth_system/ackermann_mux) by extensions ['colcon_meta']
[1.558s] Level 1:colcon.colcon_core.package_identification:_identify(src/f1tenth_system/ackermann_mux) by extension 'colcon_meta'
[1.559s] Level 1:colcon.colcon_core.package_identification:_identify(src/f1tenth_system/ackermann_mux) by extensions ['ros']
[1.559s] Level 1:colcon.colcon_core.package_identification:_identify(src/f1tenth_system/ackermann_mux) by extension 'ros'
[1.571s] DEBUG:colcon.colcon_core.package_identification:Package 'src/f1tenth_system/ackermann_mux' with type 'ros.ament_cmake' and name 'ackermann_mux'
[1.572s] Level 1:colcon.colcon_core.package_identification:_identify(src/f1tenth_system/f1tenth_stack) by extensions ['ignore', 'ignore_ament_install']
[1.572s] Level 1:colcon.colcon_core.package_identification:_identify(src/f1tenth_system/f1tenth_stack) by extension 'ignore'
[1.573s] Level 1:colcon.colcon_core.package_identification:_identify(src/f1tenth_system/f1tenth_stack) by extension 'ignore_ament_install'
[1.573s] Level 1:colcon.colcon_core.package_identification:_identify(src/f1tenth_system/f1tenth_stack) by extensions ['colcon_pkg']
[1.573s] Level 1:colcon.colcon_core.package_identification:_identify(src/f1tenth_system/f1tenth_stack) by extension 'colcon_pkg'
[1.573s] Level 1:colcon.colcon_core.package_identification:_identify(src/f1tenth_system/f1tenth_stack) by extensions ['colcon_meta']
[1.573s] Level 1:colcon.colcon_core.package_identification:_identify(src/f1tenth_system/f1tenth_stack) by extension 'colcon_meta'
[1.574s] Level 1:colcon.colcon_core.package_identification:_identify(src/f1tenth_system/f1tenth_stack) by extensions ['ros']
[1.574s] Level 1:colcon.colcon_core.package_identification:_identify(src/f1tenth_system/f1tenth_stack) by extension 'ros'
[1.579s] DEBUG:colcon.colcon_core.package_identification:Package 'src/f1tenth_system/f1tenth_stack' with type 'ros.ament_python' and name 'f1tenth_stack'
[1.580s] Level 1:colcon.colcon_core.package_identification:_identify(src/f1tenth_system/scripts) by extensions ['ignore', 'ignore_ament_install']
[1.580s] Level 1:colcon.colcon_core.package_identification:_identify(src/f1tenth_system/scripts) by extension 'ignore'
[1.580s] Level 1:colcon.colcon_core.package_identification:_identify(src/f1tenth_system/scripts) by extension 'ignore_ament_install'
[1.581s] Level 1:colcon.colcon_core.package_identification:_identify(src/f1tenth_system/scripts) by extensions ['colcon_pkg']
[1.581s] Level 1:colcon.colcon_core.package_identification:_identify(src/f1tenth_system/scripts) by extension 'colcon_pkg'
[1.581s] Level 1:colcon.colcon_core.package_identification:_identify(src/f1tenth_system/scripts) by extensions ['colcon_meta']
[1.581s] Level 1:colcon.colcon_core.package_identification:_identify(src/f1tenth_system/scripts) by extension 'colcon_meta'
[1.581s] Level 1:colcon.colcon_core.package_identification:_identify(src/f1tenth_system/scripts) by extensions ['ros']
[1.581s] Level 1:colcon.colcon_core.package_identification:_identify(src/f1tenth_system/scripts) by extension 'ros'
[1.582s] Level 1:colcon.colcon_core.package_identification:_identify(src/f1tenth_system/scripts) by extensions ['cmake', 'python']
[1.582s] Level 1:colcon.colcon_core.package_identification:_identify(src/f1tenth_system/scripts) by extension 'cmake'
[1.582s] Level 1:colcon.colcon_core.package_identification:_identify(src/f1tenth_system/scripts) by extension 'python'
[1.582s] Level 1:colcon.colcon_core.package_identification:_identify(src/f1tenth_system/scripts) by extensions ['python_setup_py']
[1.582s] Level 1:colcon.colcon_core.package_identification:_identify(src/f1tenth_system/scripts) by extension 'python_setup_py'
[1.583s] Level 1:colcon.colcon_core.package_identification:_identify(src/f1tenth_system/teleop_tools) by extensions ['ignore', 'ignore_ament_install']
[1.583s] Level 1:colcon.colcon_core.package_identification:_identify(src/f1tenth_system/teleop_tools) by extension 'ignore'
[1.584s] Level 1:colcon.colcon_core.package_identification:_identify(src/f1tenth_system/teleop_tools) by extension 'ignore_ament_install'
[1.584s] Level 1:colcon.colcon_core.package_identification:_identify(src/f1tenth_system/teleop_tools) by extensions ['colcon_pkg']
[1.584s] Level 1:colcon.colcon_core.package_identification:_identify(src/f1tenth_system/teleop_tools) by extension 'colcon_pkg'
[1.584s] Level 1:colcon.colcon_core.package_identification:_identify(src/f1tenth_system/teleop_tools) by extensions ['colcon_meta']
[1.584s] Level 1:colcon.colcon_core.package_identification:_identify(src/f1tenth_system/teleop_tools) by extension 'colcon_meta'
[1.585s] Level 1:colcon.colcon_core.package_identification:_identify(src/f1tenth_system/teleop_tools) by extensions ['ros']
[1.585s] Level 1:colcon.colcon_core.package_identification:_identify(src/f1tenth_system/teleop_tools) by extension 'ros'
[1.585s] Level 1:colcon.colcon_core.package_identification:_identify(src/f1tenth_system/teleop_tools) by extensions ['cmake', 'python']
[1.585s] Level 1:colcon.colcon_core.package_identification:_identify(src/f1tenth_system/teleop_tools) by extension 'cmake'
[1.585s] Level 1:colcon.colcon_core.package_identification:_identify(src/f1tenth_system/teleop_tools) by extension 'python'
[1.586s] Level 1:colcon.colcon_core.package_identification:_identify(src/f1tenth_system/teleop_tools) by extensions ['python_setup_py']
[1.586s] Level 1:colcon.colcon_core.package_identification:_identify(src/f1tenth_system/teleop_tools) by extension 'python_setup_py'
[1.587s] Level 1:colcon.colcon_core.package_identification:_identify(src/f1tenth_system/teleop_tools/joy_teleop) by extensions ['ignore', 'ignore_ament_install']
[1.587s] Level 1:colcon.colcon_core.package_identification:_identify(src/f1tenth_system/teleop_tools/joy_teleop) by extension 'ignore'
[1.587s] Level 1:colcon.colcon_core.package_identification:_identify(src/f1tenth_system/teleop_tools/joy_teleop) by extension 'ignore_ament_install'
[1.587s] Level 1:colcon.colcon_core.package_identification:_identify(src/f1tenth_system/teleop_tools/joy_teleop) by extensions ['colcon_pkg']
[1.588s] Level 1:colcon.colcon_core.package_identification:_identify(src/f1tenth_system/teleop_tools/joy_teleop) by extension 'colcon_pkg'
[1.588s] Level 1:colcon.colcon_core.package_identification:_identify(src/f1tenth_system/teleop_tools/joy_teleop) by extensions ['colcon_meta']
[1.588s] Level 1:colcon.colcon_core.package_identification:_identify(src/f1tenth_system/teleop_tools/joy_teleop) by extension 'colcon_meta'
[1.588s] Level 1:colcon.colcon_core.package_identification:_identify(src/f1tenth_system/teleop_tools/joy_teleop) by extensions ['ros']
[1.588s] Level 1:colcon.colcon_core.package_identification:_identify(src/f1tenth_system/teleop_tools/joy_teleop) by extension 'ros'
[1.592s] DEBUG:colcon.colcon_core.package_identification:Package 'src/f1tenth_system/teleop_tools/joy_teleop' with type 'ros.ament_python' and name 'joy_teleop'
[1.592s] Level 1:colcon.colcon_core.package_identification:_identify(src/f1tenth_system/teleop_tools/key_teleop) by extensions ['ignore', 'ignore_ament_install']
[1.593s] Level 1:colcon.colcon_core.package_identification:_identify(src/f1tenth_system/teleop_tools/key_teleop) by extension 'ignore'
[1.593s] Level 1:colcon.colcon_core.package_identification:_identify(src/f1tenth_system/teleop_tools/key_teleop) by extension 'ignore_ament_install'
[1.593s] Level 1:colcon.colcon_core.package_identification:_identify(src/f1tenth_system/teleop_tools/key_teleop) by extensions ['colcon_pkg']
[1.593s] Level 1:colcon.colcon_core.package_identification:_identify(src/f1tenth_system/teleop_tools/key_teleop) by extension 'colcon_pkg'
[1.594s] Level 1:colcon.colcon_core.package_identification:_identify(src/f1tenth_system/teleop_tools/key_teleop) by extensions ['colcon_meta']
[1.594s] Level 1:colcon.colcon_core.package_identification:_identify(src/f1tenth_system/teleop_tools/key_teleop) by extension 'colcon_meta'
[1.594s] Level 1:colcon.colcon_core.package_identification:_identify(src/f1tenth_system/teleop_tools/key_teleop) by extensions ['ros']
[1.594s] Level 1:colcon.colcon_core.package_identification:_identify(src/f1tenth_system/teleop_tools/key_teleop) by extension 'ros'
[1.597s] DEBUG:colcon.colcon_core.package_identification:Package 'src/f1tenth_system/teleop_tools/key_teleop' with type 'ros.ament_python' and name 'key_teleop'
[1.598s] Level 1:colcon.colcon_core.package_identification:_identify(src/f1tenth_system/teleop_tools/mouse_teleop) by extensions ['ignore', 'ignore_ament_install']
[1.598s] Level 1:colcon.colcon_core.package_identification:_identify(src/f1tenth_system/teleop_tools/mouse_teleop) by extension 'ignore'
[1.598s] Level 1:colcon.colcon_core.package_identification:_identify(src/f1tenth_system/teleop_tools/mouse_teleop) by extension 'ignore_ament_install'
[1.598s] Level 1:colcon.colcon_core.package_identification:_identify(src/f1tenth_system/teleop_tools/mouse_teleop) by extensions ['colcon_pkg']
[1.598s] Level 1:colcon.colcon_core.package_identification:_identify(src/f1tenth_system/teleop_tools/mouse_teleop) by extension 'colcon_pkg'
[1.599s] Level 1:colcon.colcon_core.package_identification:_identify(src/f1tenth_system/teleop_tools/mouse_teleop) by extensions ['colcon_meta']
[1.599s] Level 1:colcon.colcon_core.package_identification:_identify(src/f1tenth_system/teleop_tools/mouse_teleop) by extension 'colcon_meta'
[1.599s] Level 1:colcon.colcon_core.package_identification:_identify(src/f1tenth_system/teleop_tools/mouse_teleop) by extensions ['ros']
[1.599s] Level 1:colcon.colcon_core.package_identification:_identify(src/f1tenth_system/teleop_tools/mouse_teleop) by extension 'ros'
[1.602s] DEBUG:colcon.colcon_core.package_identification:Package 'src/f1tenth_system/teleop_tools/mouse_teleop' with type 'ros.ament_python' and name 'mouse_teleop'
[1.602s] Level 1:colcon.colcon_core.package_identification:_identify(src/f1tenth_system/teleop_tools/teleop_tools) by extensions ['ignore', 'ignore_ament_install']
[1.603s] Level 1:colcon.colcon_core.package_identification:_identify(src/f1tenth_system/teleop_tools/teleop_tools) by extension 'ignore'
[1.603s] Level 1:colcon.colcon_core.package_identification:_identify(src/f1tenth_system/teleop_tools/teleop_tools) by extension 'ignore_ament_install'
[1.603s] Level 1:colcon.colcon_core.package_identification:_identify(src/f1tenth_system/teleop_tools/teleop_tools) by extensions ['colcon_pkg']
[1.603s] Level 1:colcon.colcon_core.package_identification:_identify(src/f1tenth_system/teleop_tools/teleop_tools) by extension 'colcon_pkg'
[1.604s] Level 1:colcon.colcon_core.package_identification:_identify(src/f1tenth_system/teleop_tools/teleop_tools) by extensions ['colcon_meta']
[1.604s] Level 1:colcon.colcon_core.package_identification:_identify(src/f1tenth_system/teleop_tools/teleop_tools) by extension 'colcon_meta'
[1.604s] Level 1:colcon.colcon_core.package_identification:_identify(src/f1tenth_system/teleop_tools/teleop_tools) by extensions ['ros']
[1.604s] Level 1:colcon.colcon_core.package_identification:_identify(src/f1tenth_system/teleop_tools/teleop_tools) by extension 'ros'
[1.606s] DEBUG:colcon.colcon_core.package_identification:Package 'src/f1tenth_system/teleop_tools/teleop_tools' with type 'ros.ament_cmake' and name 'teleop_tools'
[1.607s] Level 1:colcon.colcon_core.package_identification:_identify(src/f1tenth_system/teleop_tools/teleop_tools_msgs) by extensions ['ignore', 'ignore_ament_install']
[1.607s] Level 1:colcon.colcon_core.package_identification:_identify(src/f1tenth_system/teleop_tools/teleop_tools_msgs) by extension 'ignore'
[1.607s] Level 1:colcon.colcon_core.package_identification:_identify(src/f1tenth_system/teleop_tools/teleop_tools_msgs) by extension 'ignore_ament_install'
[1.608s] Level 1:colcon.colcon_core.package_identification:_identify(src/f1tenth_system/teleop_tools/teleop_tools_msgs) by extensions ['colcon_pkg']
[1.608s] Level 1:colcon.colcon_core.package_identification:_identify(src/f1tenth_system/teleop_tools/teleop_tools_msgs) by extension 'colcon_pkg'
[1.608s] Level 1:colcon.colcon_core.package_identification:_identify(src/f1tenth_system/teleop_tools/teleop_tools_msgs) by extensions ['colcon_meta']
[1.608s] Level 1:colcon.colcon_core.package_identification:_identify(src/f1tenth_system/teleop_tools/teleop_tools_msgs) by extension 'colcon_meta'
[1.608s] Level 1:colcon.colcon_core.package_identification:_identify(src/f1tenth_system/teleop_tools/teleop_tools_msgs) by extensions ['ros']
[1.609s] Level 1:colcon.colcon_core.package_identification:_identify(src/f1tenth_system/teleop_tools/teleop_tools_msgs) by extension 'ros'
[1.611s] DEBUG:colcon.colcon_core.package_identification:Package 'src/f1tenth_system/teleop_tools/teleop_tools_msgs' with type 'ros.ament_cmake' and name 'teleop_tools_msgs'
[1.612s] Level 1:colcon.colcon_core.package_identification:_identify(src/f1tenth_system/vesc) by extensions ['ignore', 'ignore_ament_install']
[1.612s] Level 1:colcon.colcon_core.package_identification:_identify(src/f1tenth_system/vesc) by extension 'ignore'
[1.612s] Level 1:colcon.colcon_core.package_identification:_identify(src/f1tenth_system/vesc) by extension 'ignore_ament_install'
[1.612s] Level 1:colcon.colcon_core.package_identification:_identify(src/f1tenth_system/vesc) by extensions ['colcon_pkg']
[1.613s] Level 1:colcon.colcon_core.package_identification:_identify(src/f1tenth_system/vesc) by extension 'colcon_pkg'
[1.613s] Level 1:colcon.colcon_core.package_identification:_identify(src/f1tenth_system/vesc) by extensions ['colcon_meta']
[1.613s] Level 1:colcon.colcon_core.package_identification:_identify(src/f1tenth_system/vesc) by extension 'colcon_meta'
[1.613s] Level 1:colcon.colcon_core.package_identification:_identify(src/f1tenth_system/vesc) by extensions ['ros']
[1.613s] Level 1:colcon.colcon_core.package_identification:_identify(src/f1tenth_system/vesc) by extension 'ros'
[1.614s] Level 1:colcon.colcon_core.package_identification:_identify(src/f1tenth_system/vesc) by extensions ['cmake', 'python']
[1.614s] Level 1:colcon.colcon_core.package_identification:_identify(src/f1tenth_system/vesc) by extension 'cmake'
[1.614s] Level 1:colcon.colcon_core.package_identification:_identify(src/f1tenth_system/vesc) by extension 'python'
[1.614s] Level 1:colcon.colcon_core.package_identification:_identify(src/f1tenth_system/vesc) by extensions ['python_setup_py']
[1.614s] Level 1:colcon.colcon_core.package_identification:_identify(src/f1tenth_system/vesc) by extension 'python_setup_py'
[1.615s] Level 1:colcon.colcon_core.package_identification:_identify(src/f1tenth_system/vesc/vesc) by extensions ['ignore', 'ignore_ament_install']
[1.616s] Level 1:colcon.colcon_core.package_identification:_identify(src/f1tenth_system/vesc/vesc) by extension 'ignore'
[1.616s] Level 1:colcon.colcon_core.package_identification:_identify(src/f1tenth_system/vesc/vesc) by extension 'ignore_ament_install'
[1.616s] Level 1:colcon.colcon_core.package_identification:_identify(src/f1tenth_system/vesc/vesc) by extensions ['colcon_pkg']
[1.616s] Level 1:colcon.colcon_core.package_identification:_identify(src/f1tenth_system/vesc/vesc) by extension 'colcon_pkg'
[1.616s] Level 1:colcon.colcon_core.package_identification:_identify(src/f1tenth_system/vesc/vesc) by extensions ['colcon_meta']
[1.617s] Level 1:colcon.colcon_core.package_identification:_identify(src/f1tenth_system/vesc/vesc) by extension 'colcon_meta'
[1.617s] Level 1:colcon.colcon_core.package_identification:_identify(src/f1tenth_system/vesc/vesc) by extensions ['ros']
[1.617s] Level 1:colcon.colcon_core.package_identification:_identify(src/f1tenth_system/vesc/vesc) by extension 'ros'
[1.619s] DEBUG:colcon.colcon_core.package_identification:Package 'src/f1tenth_system/vesc/vesc' with type 'ros.ament_cmake' and name 'vesc'
[1.620s] Level 1:colcon.colcon_core.package_identification:_identify(src/f1tenth_system/vesc/vesc_ackermann) by extensions ['ignore', 'ignore_ament_install']
[1.620s] Level 1:colcon.colcon_core.package_identification:_identify(src/f1tenth_system/vesc/vesc_ackermann) by extension 'ignore'
[1.621s] Level 1:colcon.colcon_core.package_identification:_identify(src/f1tenth_system/vesc/vesc_ackermann) by extension 'ignore_ament_install'
[1.621s] Level 1:colcon.colcon_core.package_identification:_identify(src/f1tenth_system/vesc/vesc_ackermann) by extensions ['colcon_pkg']
[1.621s] Level 1:colcon.colcon_core.package_identification:_identify(src/f1tenth_system/vesc/vesc_ackermann) by extension 'colcon_pkg'
[1.621s] Level 1:colcon.colcon_core.package_identification:_identify(src/f1tenth_system/vesc/vesc_ackermann) by extensions ['colcon_meta']
[1.621s] Level 1:colcon.colcon_core.package_identification:_identify(src/f1tenth_system/vesc/vesc_ackermann) by extension 'colcon_meta'
[1.622s] Level 1:colcon.colcon_core.package_identification:_identify(src/f1tenth_system/vesc/vesc_ackermann) by extensions ['ros']
[1.622s] Level 1:colcon.colcon_core.package_identification:_identify(src/f1tenth_system/vesc/vesc_ackermann) by extension 'ros'
[1.626s] DEBUG:colcon.colcon_core.package_identification:Package 'src/f1tenth_system/vesc/vesc_ackermann' with type 'ros.ament_cmake' and name 'vesc_ackermann'
[1.627s] Level 1:colcon.colcon_core.package_identification:_identify(src/f1tenth_system/vesc/vesc_driver) by extensions ['ignore', 'ignore_ament_install']
[1.627s] Level 1:colcon.colcon_core.package_identification:_identify(src/f1tenth_system/vesc/vesc_driver) by extension 'ignore'
[1.628s] Level 1:colcon.colcon_core.package_identification:_identify(src/f1tenth_system/vesc/vesc_driver) by extension 'ignore_ament_install'
[1.628s] Level 1:colcon.colcon_core.package_identification:_identify(src/f1tenth_system/vesc/vesc_driver) by extensions ['colcon_pkg']
[1.628s] Level 1:colcon.colcon_core.package_identification:_identify(src/f1tenth_system/vesc/vesc_driver) by extension 'colcon_pkg'
[1.628s] Level 1:colcon.colcon_core.package_identification:_identify(src/f1tenth_system/vesc/vesc_driver) by extensions ['colcon_meta']
[1.628s] Level 1:colcon.colcon_core.package_identification:_identify(src/f1tenth_system/vesc/vesc_driver) by extension 'colcon_meta'
[1.628s] Level 1:colcon.colcon_core.package_identification:_identify(src/f1tenth_system/vesc/vesc_driver) by extensions ['ros']
[1.629s] Level 1:colcon.colcon_core.package_identification:_identify(src/f1tenth_system/vesc/vesc_driver) by extension 'ros'
[1.633s] DEBUG:colcon.colcon_core.package_identification:Package 'src/f1tenth_system/vesc/vesc_driver' with type 'ros.ament_cmake' and name 'vesc_driver'
[1.634s] Level 1:colcon.colcon_core.package_identification:_identify(src/f1tenth_system/vesc/vesc_msgs) by extensions ['ignore', 'ignore_ament_install']
[1.634s] Level 1:colcon.colcon_core.package_identification:_identify(src/f1tenth_system/vesc/vesc_msgs) by extension 'ignore'
[1.634s] Level 1:colcon.colcon_core.package_identification:_identify(src/f1tenth_system/vesc/vesc_msgs) by extension 'ignore_ament_install'
[1.635s] Level 1:colcon.colcon_core.package_identification:_identify(src/f1tenth_system/vesc/vesc_msgs) by extensions ['colcon_pkg']
[1.635s] Level 1:colcon.colcon_core.package_identification:_identify(src/f1tenth_system/vesc/vesc_msgs) by extension 'colcon_pkg'
[1.635s] Level 1:colcon.colcon_core.package_identification:_identify(src/f1tenth_system/vesc/vesc_msgs) by extensions ['colcon_meta']
[1.635s] Level 1:colcon.colcon_core.package_identification:_identify(src/f1tenth_system/vesc/vesc_msgs) by extension 'colcon_meta'
[1.635s] Level 1:colcon.colcon_core.package_identification:_identify(src/f1tenth_system/vesc/vesc_msgs) by extensions ['ros']
[1.636s] Level 1:colcon.colcon_core.package_identification:_identify(src/f1tenth_system/vesc/vesc_msgs) by extension 'ros'
[1.642s] DEBUG:colcon.colcon_core.package_identification:Package 'src/f1tenth_system/vesc/vesc_msgs' with type 'ros.ament_cmake' and name 'vesc_msgs'
[1.643s] Level 1:colcon.colcon_core.package_discovery:discover_packages(recursive) using defaults
[1.643s] Level 1:colcon.colcon_core.package_discovery:discover_packages(ignore) discover
[1.643s] Level 1:colcon.colcon_core.package_discovery:discover_packages(ignore) using defaults
[1.643s] Level 1:colcon.colcon_core.package_discovery:discover_packages(path) discover
[1.643s] Level 1:colcon.colcon_core.package_discovery:discover_packages(path) using defaults
[1.723s] Level 1:colcon.colcon_core.package_discovery:discover_packages(prefix_path) check parameters
[1.724s] Level 1:colcon.colcon_core.package_discovery:discover_packages(prefix_path) discover
[1.736s] DEBUG:colcon.colcon_installed_package_information.package_discovery:Found 11 installed packages in /home/coche/coche_ws/install
[1.743s] DEBUG:colcon.colcon_installed_package_information.package_discovery:Found 278 installed packages in /opt/ros/foxy
[1.752s] Level 1:colcon.colcon_core.package_discovery:discover_packages(prefix_path) using defaults
[2.070s] Level 5:colcon.colcon_core.verb:set package 'ackermann_mux' build argument 'cmake_args' from command line to 'None'
[2.070s] Level 5:colcon.colcon_core.verb:set package 'ackermann_mux' build argument 'cmake_target' from command line to 'None'
[2.070s] Level 5:colcon.colcon_core.verb:set package 'ackermann_mux' build argument 'cmake_target_skip_unavailable' from command line to 'False'
[2.071s] Level 5:colcon.colcon_core.verb:set package 'ackermann_mux' build argument 'cmake_clean_cache' from command line to 'False'
[2.071s] Level 5:colcon.colcon_core.verb:set package 'ackermann_mux' build argument 'cmake_clean_first' from command line to 'False'
[2.071s] Level 5:colcon.colcon_core.verb:set package 'ackermann_mux' build argument 'cmake_force_configure' from command line to 'False'
[2.071s] Level 5:colcon.colcon_core.verb:set package 'ackermann_mux' build argument 'ament_cmake_args' from command line to 'None'
[2.071s] Level 5:colcon.colcon_core.verb:set package 'ackermann_mux' build argument 'catkin_cmake_args' from command line to 'None'
[2.071s] Level 5:colcon.colcon_core.verb:set package 'ackermann_mux' build argument 'catkin_skip_building_tests' from command line to 'False'
[2.072s] DEBUG:colcon.colcon_core.verb:Building package 'ackermann_mux' with the following arguments: {'ament_cmake_args': None, 'build_base': '/home/coche/coche_ws/build/ackermann_mux', 'catkin_cmake_args': None, 'catkin_skip_building_tests': False, 'cmake_args': None, 'cmake_clean_cache': False, 'cmake_clean_first': False, 'cmake_force_configure': False, 'cmake_target': None, 'cmake_target_skip_unavailable': False, 'install_base': '/home/coche/coche_ws/install/ackermann_mux', 'merge_install': False, 'path': '/home/coche/coche_ws/src/f1tenth_system/ackermann_mux', 'symlink_install': False, 'test_result_base': None}
[2.073s] Level 5:colcon.colcon_core.verb:set package 'key_teleop' build argument 'cmake_args' from command line to 'None'
[2.073s] Level 5:colcon.colcon_core.verb:set package 'key_teleop' build argument 'cmake_target' from command line to 'None'
[2.073s] Level 5:colcon.colcon_core.verb:set package 'key_teleop' build argument 'cmake_target_skip_unavailable' from command line to 'False'
[2.074s] Level 5:colcon.colcon_core.verb:set package 'key_teleop' build argument 'cmake_clean_cache' from command line to 'False'
[2.074s] Level 5:colcon.colcon_core.verb:set package 'key_teleop' build argument 'cmake_clean_first' from command line to 'False'
[2.074s] Level 5:colcon.colcon_core.verb:set package 'key_teleop' build argument 'cmake_force_configure' from command line to 'False'
[2.074s] Level 5:colcon.colcon_core.verb:set package 'key_teleop' build argument 'ament_cmake_args' from command line to 'None'
[2.074s] Level 5:colcon.colcon_core.verb:set package 'key_teleop' build argument 'catkin_cmake_args' from command line to 'None'
[2.074s] Level 5:colcon.colcon_core.verb:set package 'key_teleop' build argument 'catkin_skip_building_tests' from command line to 'False'
[2.074s] DEBUG:colcon.colcon_core.verb:Building package 'key_teleop' with the following arguments: {'ament_cmake_args': None, 'build_base': '/home/coche/coche_ws/build/key_teleop', 'catkin_cmake_args': None, 'catkin_skip_building_tests': False, 'cmake_args': None, 'cmake_clean_cache': False, 'cmake_clean_first': False, 'cmake_force_configure': False, 'cmake_target': None, 'cmake_target_skip_unavailable': False, 'install_base': '/home/coche/coche_ws/install/key_teleop', 'merge_install': False, 'path': '/home/coche/coche_ws/src/f1tenth_system/teleop_tools/key_teleop', 'symlink_install': False, 'test_result_base': None}
[2.076s] Level 5:colcon.colcon_core.verb:set package 'mouse_teleop' build argument 'cmake_args' from command line to 'None'
[2.076s] Level 5:colcon.colcon_core.verb:set package 'mouse_teleop' build argument 'cmake_target' from command line to 'None'
[2.076s] Level 5:colcon.colcon_core.verb:set package 'mouse_teleop' build argument 'cmake_target_skip_unavailable' from command line to 'False'
[2.076s] Level 5:colcon.colcon_core.verb:set package 'mouse_teleop' build argument 'cmake_clean_cache' from command line to 'False'
[2.077s] Level 5:colcon.colcon_core.verb:set package 'mouse_teleop' build argument 'cmake_clean_first' from command line to 'False'
[2.077s] Level 5:colcon.colcon_core.verb:set package 'mouse_teleop' build argument 'cmake_force_configure' from command line to 'False'
[2.077s] Level 5:colcon.colcon_core.verb:set package 'mouse_teleop' build argument 'ament_cmake_args' from command line to 'None'
[2.077s] Level 5:colcon.colcon_core.verb:set package 'mouse_teleop' build argument 'catkin_cmake_args' from command line to 'None'
[2.077s] Level 5:colcon.colcon_core.verb:set package 'mouse_teleop' build argument 'catkin_skip_building_tests' from command line to 'False'
[2.077s] DEBUG:colcon.colcon_core.verb:Building package 'mouse_teleop' with the following arguments: {'ament_cmake_args': None, 'build_base': '/home/coche/coche_ws/build/mouse_teleop', 'catkin_cmake_args': None, 'catkin_skip_building_tests': False, 'cmake_args': None, 'cmake_clean_cache': False, 'cmake_clean_first': False, 'cmake_force_configure': False, 'cmake_target': None, 'cmake_target_skip_unavailable': False, 'install_base': '/home/coche/coche_ws/install/mouse_teleop', 'merge_install': False, 'path': '/home/coche/coche_ws/src/f1tenth_system/teleop_tools/mouse_teleop', 'symlink_install': False, 'test_result_base': None}
[2.079s] Level 5:colcon.colcon_core.verb:set package 'teleop_tools_msgs' build argument 'cmake_args' from command line to 'None'
[2.079s] Level 5:colcon.colcon_core.verb:set package 'teleop_tools_msgs' build argument 'cmake_target' from command line to 'None'
[2.079s] Level 5:colcon.colcon_core.verb:set package 'teleop_tools_msgs' build argument 'cmake_target_skip_unavailable' from command line to 'False'
[2.079s] Level 5:colcon.colcon_core.verb:set package 'teleop_tools_msgs' build argument 'cmake_clean_cache' from command line to 'False'
[2.079s] Level 5:colcon.colcon_core.verb:set package 'teleop_tools_msgs' build argument 'cmake_clean_first' from command line to 'False'
[2.079s] Level 5:colcon.colcon_core.verb:set package 'teleop_tools_msgs' build argument 'cmake_force_configure' from command line to 'False'
[2.079s] Level 5:colcon.colcon_core.verb:set package 'teleop_tools_msgs' build argument 'ament_cmake_args' from command line to 'None'
[2.080s] Level 5:colcon.colcon_core.verb:set package 'teleop_tools_msgs' build argument 'catkin_cmake_args' from command line to 'None'
[2.080s] Level 5:colcon.colcon_core.verb:set package 'teleop_tools_msgs' build argument 'catkin_skip_building_tests' from command line to 'False'
[2.080s] DEBUG:colcon.colcon_core.verb:Building package 'teleop_tools_msgs' with the following arguments: {'ament_cmake_args': None, 'build_base': '/home/coche/coche_ws/build/teleop_tools_msgs', 'catkin_cmake_args': None, 'catkin_skip_building_tests': False, 'cmake_args': None, 'cmake_clean_cache': False, 'cmake_clean_first': False, 'cmake_force_configure': False, 'cmake_target': None, 'cmake_target_skip_unavailable': False, 'install_base': '/home/coche/coche_ws/install/teleop_tools_msgs', 'merge_install': False, 'path': '/home/coche/coche_ws/src/f1tenth_system/teleop_tools/teleop_tools_msgs', 'symlink_install': False, 'test_result_base': None}
[2.081s] Level 5:colcon.colcon_core.verb:set package 'vesc_msgs' build argument 'cmake_args' from command line to 'None'
[2.082s] Level 5:colcon.colcon_core.verb:set package 'vesc_msgs' build argument 'cmake_target' from command line to 'None'
[2.082s] Level 5:colcon.colcon_core.verb:set package 'vesc_msgs' build argument 'cmake_target_skip_unavailable' from command line to 'False'
[2.082s] Level 5:colcon.colcon_core.verb:set package 'vesc_msgs' build argument 'cmake_clean_cache' from command line to 'False'
[2.082s] Level 5:colcon.colcon_core.verb:set package 'vesc_msgs' build argument 'cmake_clean_first' from command line to 'False'
[2.082s] Level 5:colcon.colcon_core.verb:set package 'vesc_msgs' build argument 'cmake_force_configure' from command line to 'False'
[2.082s] Level 5:colcon.colcon_core.verb:set package 'vesc_msgs' build argument 'ament_cmake_args' from command line to 'None'
[2.082s] Level 5:colcon.colcon_core.verb:set package 'vesc_msgs' build argument 'catkin_cmake_args' from command line to 'None'
[2.083s] Level 5:colcon.colcon_core.verb:set package 'vesc_msgs' build argument 'catkin_skip_building_tests' from command line to 'False'
[2.083s] DEBUG:colcon.colcon_core.verb:Building package 'vesc_msgs' with the following arguments: {'ament_cmake_args': None, 'build_base': '/home/coche/coche_ws/build/vesc_msgs', 'catkin_cmake_args': None, 'catkin_skip_building_tests': False, 'cmake_args': None, 'cmake_clean_cache': False, 'cmake_clean_first': False, 'cmake_force_configure': False, 'cmake_target': None, 'cmake_target_skip_unavailable': False, 'install_base': '/home/coche/coche_ws/install/vesc_msgs', 'merge_install': False, 'path': '/home/coche/coche_ws/src/f1tenth_system/vesc/vesc_msgs', 'symlink_install': False, 'test_result_base': None}
[2.084s] Level 5:colcon.colcon_core.verb:set package 'joy_teleop' build argument 'cmake_args' from command line to 'None'
[2.084s] Level 5:colcon.colcon_core.verb:set package 'joy_teleop' build argument 'cmake_target' from command line to 'None'
[2.085s] Level 5:colcon.colcon_core.verb:set package 'joy_teleop' build argument 'cmake_target_skip_unavailable' from command line to 'False'
[2.085s] Level 5:colcon.colcon_core.verb:set package 'joy_teleop' build argument 'cmake_clean_cache' from command line to 'False'
[2.085s] Level 5:colcon.colcon_core.verb:set package 'joy_teleop' build argument 'cmake_clean_first' from command line to 'False'
[2.085s] Level 5:colcon.colcon_core.verb:set package 'joy_teleop' build argument 'cmake_force_configure' from command line to 'False'
[2.085s] Level 5:colcon.colcon_core.verb:set package 'joy_teleop' build argument 'ament_cmake_args' from command line to 'None'
[2.085s] Level 5:colcon.colcon_core.verb:set package 'joy_teleop' build argument 'catkin_cmake_args' from command line to 'None'
[2.085s] Level 5:colcon.colcon_core.verb:set package 'joy_teleop' build argument 'catkin_skip_building_tests' from command line to 'False'
[2.085s] DEBUG:colcon.colcon_core.verb:Building package 'joy_teleop' with the following arguments: {'ament_cmake_args': None, 'build_base': '/home/coche/coche_ws/build/joy_teleop', 'catkin_cmake_args': None, 'catkin_skip_building_tests': False, 'cmake_args': None, 'cmake_clean_cache': False, 'cmake_clean_first': False, 'cmake_force_configure': False, 'cmake_target': None, 'cmake_target_skip_unavailable': False, 'install_base': '/home/coche/coche_ws/install/joy_teleop', 'merge_install': False, 'path': '/home/coche/coche_ws/src/f1tenth_system/teleop_tools/joy_teleop', 'symlink_install': False, 'test_result_base': None}
[2.087s] Level 5:colcon.colcon_core.verb:set package 'vesc_ackermann' build argument 'cmake_args' from command line to 'None'
[2.087s] Level 5:colcon.colcon_core.verb:set package 'vesc_ackermann' build argument 'cmake_target' from command line to 'None'
[2.087s] Level 5:colcon.colcon_core.verb:set package 'vesc_ackermann' build argument 'cmake_target_skip_unavailable' from command line to 'False'
[2.087s] Level 5:colcon.colcon_core.verb:set package 'vesc_ackermann' build argument 'cmake_clean_cache' from command line to 'False'
[2.087s] Level 5:colcon.colcon_core.verb:set package 'vesc_ackermann' build argument 'cmake_clean_first' from command line to 'False'
[2.088s] Level 5:colcon.colcon_core.verb:set package 'vesc_ackermann' build argument 'cmake_force_configure' from command line to 'False'
[2.088s] Level 5:colcon.colcon_core.verb:set package 'vesc_ackermann' build argument 'ament_cmake_args' from command line to 'None'
[2.088s] Level 5:colcon.colcon_core.verb:set package 'vesc_ackermann' build argument 'catkin_cmake_args' from command line to 'None'
[2.088s] Level 5:colcon.colcon_core.verb:set package 'vesc_ackermann' build argument 'catkin_skip_building_tests' from command line to 'False'
[2.088s] DEBUG:colcon.colcon_core.verb:Building package 'vesc_ackermann' with the following arguments: {'ament_cmake_args': None, 'build_base': '/home/coche/coche_ws/build/vesc_ackermann', 'catkin_cmake_args': None, 'catkin_skip_building_tests': False, 'cmake_args': None, 'cmake_clean_cache': False, 'cmake_clean_first': False, 'cmake_force_configure': False, 'cmake_target': None, 'cmake_target_skip_unavailable': False, 'install_base': '/home/coche/coche_ws/install/vesc_ackermann', 'merge_install': False, 'path': '/home/coche/coche_ws/src/f1tenth_system/vesc/vesc_ackermann', 'symlink_install': False, 'test_result_base': None}
[2.090s] Level 5:colcon.colcon_core.verb:set package 'vesc_driver' build argument 'cmake_args' from command line to 'None'
[2.090s] Level 5:colcon.colcon_core.verb:set package 'vesc_driver' build argument 'cmake_target' from command line to 'None'
[2.090s] Level 5:colcon.colcon_core.verb:set package 'vesc_driver' build argument 'cmake_target_skip_unavailable' from command line to 'False'
[2.090s] Level 5:colcon.colcon_core.verb:set package 'vesc_driver' build argument 'cmake_clean_cache' from command line to 'False'
[2.090s] Level 5:colcon.colcon_core.verb:set package 'vesc_driver' build argument 'cmake_clean_first' from command line to 'False'
[2.090s] Level 5:colcon.colcon_core.verb:set package 'vesc_driver' build argument 'cmake_force_configure' from command line to 'False'
[2.090s] Level 5:colcon.colcon_core.verb:set package 'vesc_driver' build argument 'ament_cmake_args' from command line to 'None'
[2.090s] Level 5:colcon.colcon_core.verb:set package 'vesc_driver' build argument 'catkin_cmake_args' from command line to 'None'
[2.090s] Level 5:colcon.colcon_core.verb:set package 'vesc_driver' build argument 'catkin_skip_building_tests' from command line to 'False'
[2.091s] DEBUG:colcon.colcon_core.verb:Building package 'vesc_driver' with the following arguments: {'ament_cmake_args': None, 'build_base': '/home/coche/coche_ws/build/vesc_driver', 'catkin_cmake_args': None, 'catkin_skip_building_tests': False, 'cmake_args': None, 'cmake_clean_cache': False, 'cmake_clean_first': False, 'cmake_force_configure': False, 'cmake_target': None, 'cmake_target_skip_unavailable': False, 'install_base': '/home/coche/coche_ws/install/vesc_driver', 'merge_install': False, 'path': '/home/coche/coche_ws/src/f1tenth_system/vesc/vesc_driver', 'symlink_install': False, 'test_result_base': None}
[2.092s] Level 5:colcon.colcon_core.verb:set package 'teleop_tools' build argument 'cmake_args' from command line to 'None'
[2.092s] Level 5:colcon.colcon_core.verb:set package 'teleop_tools' build argument 'cmake_target' from command line to 'None'
[2.092s] Level 5:colcon.colcon_core.verb:set package 'teleop_tools' build argument 'cmake_target_skip_unavailable' from command line to 'False'
[2.093s] Level 5:colcon.colcon_core.verb:set package 'teleop_tools' build argument 'cmake_clean_cache' from command line to 'False'
[2.093s] Level 5:colcon.colcon_core.verb:set package 'teleop_tools' build argument 'cmake_clean_first' from command line to 'False'
[2.093s] Level 5:colcon.colcon_core.verb:set package 'teleop_tools' build argument 'cmake_force_configure' from command line to 'False'
[2.093s] Level 5:colcon.colcon_core.verb:set package 'teleop_tools' build argument 'ament_cmake_args' from command line to 'None'
[2.093s] Level 5:colcon.colcon_core.verb:set package 'teleop_tools' build argument 'catkin_cmake_args' from command line to 'None'
[2.093s] Level 5:colcon.colcon_core.verb:set package 'teleop_tools' build argument 'catkin_skip_building_tests' from command line to 'False'
[2.093s] DEBUG:colcon.colcon_core.verb:Building package 'teleop_tools' with the following arguments: {'ament_cmake_args': None, 'build_base': '/home/coche/coche_ws/build/teleop_tools', 'catkin_cmake_args': None, 'catkin_skip_building_tests': False, 'cmake_args': None, 'cmake_clean_cache': False, 'cmake_clean_first': False, 'cmake_force_configure': False, 'cmake_target': None, 'cmake_target_skip_unavailable': False, 'install_base': '/home/coche/coche_ws/install/teleop_tools', 'merge_install': False, 'path': '/home/coche/coche_ws/src/f1tenth_system/teleop_tools/teleop_tools', 'symlink_install': False, 'test_result_base': None}
[2.095s] Level 5:colcon.colcon_core.verb:set package 'vesc' build argument 'cmake_args' from command line to 'None'
[2.095s] Level 5:colcon.colcon_core.verb:set package 'vesc' build argument 'cmake_target' from command line to 'None'
[2.095s] Level 5:colcon.colcon_core.verb:set package 'vesc' build argument 'cmake_target_skip_unavailable' from command line to 'False'
[2.095s] Level 5:colcon.colcon_core.verb:set package 'vesc' build argument 'cmake_clean_cache' from command line to 'False'
[2.095s] Level 5:colcon.colcon_core.verb:set package 'vesc' build argument 'cmake_clean_first' from command line to 'False'
[2.095s] Level 5:colcon.colcon_core.verb:set package 'vesc' build argument 'cmake_force_configure' from command line to 'False'
[2.096s] Level 5:colcon.colcon_core.verb:set package 'vesc' build argument 'ament_cmake_args' from command line to 'None'
[2.096s] Level 5:colcon.colcon_core.verb:set package 'vesc' build argument 'catkin_cmake_args' from command line to 'None'
[2.096s] Level 5:colcon.colcon_core.verb:set package 'vesc' build argument 'catkin_skip_building_tests' from command line to 'False'
[2.096s] DEBUG:colcon.colcon_core.verb:Building package 'vesc' with the following arguments: {'ament_cmake_args': None, 'build_base': '/home/coche/coche_ws/build/vesc', 'catkin_cmake_args': None, 'catkin_skip_building_tests': False, 'cmake_args': None, 'cmake_clean_cache': False, 'cmake_clean_first': False, 'cmake_force_configure': False, 'cmake_target': None, 'cmake_target_skip_unavailable': False, 'install_base': '/home/coche/coche_ws/install/vesc', 'merge_install': False, 'path': '/home/coche/coche_ws/src/f1tenth_system/vesc/vesc', 'symlink_install': False, 'test_result_base': None}
[2.098s] Level 5:colcon.colcon_core.verb:set package 'f1tenth_stack' build argument 'cmake_args' from command line to 'None'
[2.098s] Level 5:colcon.colcon_core.verb:set package 'f1tenth_stack' build argument 'cmake_target' from command line to 'None'
[2.098s] Level 5:colcon.colcon_core.verb:set package 'f1tenth_stack' build argument 'cmake_target_skip_unavailable' from command line to 'False'
[2.098s] Level 5:colcon.colcon_core.verb:set package 'f1tenth_stack' build argument 'cmake_clean_cache' from command line to 'False'
[2.098s] Level 5:colcon.colcon_core.verb:set package 'f1tenth_stack' build argument 'cmake_clean_first' from command line to 'False'
[2.098s] Level 5:colcon.colcon_core.verb:set package 'f1tenth_stack' build argument 'cmake_force_configure' from command line to 'False'
[2.098s] Level 5:colcon.colcon_core.verb:set package 'f1tenth_stack' build argument 'ament_cmake_args' from command line to 'None'
[2.098s] Level 5:colcon.colcon_core.verb:set package 'f1tenth_stack' build argument 'catkin_cmake_args' from command line to 'None'
[2.098s] Level 5:colcon.colcon_core.verb:set package 'f1tenth_stack' build argument 'catkin_skip_building_tests' from command line to 'False'
[2.099s] DEBUG:colcon.colcon_core.verb:Building package 'f1tenth_stack' with the following arguments: {'ament_cmake_args': None, 'build_base': '/home/coche/coche_ws/build/f1tenth_stack', 'catkin_cmake_args': None, 'catkin_skip_building_tests': False, 'cmake_args': None, 'cmake_clean_cache': False, 'cmake_clean_first': False, 'cmake_force_configure': False, 'cmake_target': None, 'cmake_target_skip_unavailable': False, 'install_base': '/home/coche/coche_ws/install/f1tenth_stack', 'merge_install': False, 'path': '/home/coche/coche_ws/src/f1tenth_system/f1tenth_stack', 'symlink_install': False, 'test_result_base': None}
[2.099s] INFO:colcon.colcon_core.executor:Executing jobs using 'parallel' executor
[2.104s] DEBUG:colcon.colcon_parallel_executor.executor.parallel:run_until_complete
[2.105s] INFO:colcon.colcon_ros.task.ament_cmake.build:Building ROS package in '/home/coche/coche_ws/src/f1tenth_system/vesc/vesc_msgs' with build type 'ament_cmake'
[2.106s] INFO:colcon.colcon_cmake.task.cmake.build:Building CMake package in '/home/coche/coche_ws/src/f1tenth_system/vesc/vesc_msgs'
[2.123s] INFO:colcon.colcon_core.plugin_system:Skipping extension 'colcon_core.shell.bat': Not used on non-Windows systems
[2.123s] INFO:colcon.colcon_core.shell:Skip shell extension 'powershell' for command environment: Not usable outside of PowerShell
[2.124s] DEBUG:colcon.colcon_core.shell:Skip shell extension 'dsv' for command environment
[2.166s] INFO:colcon.colcon_ros.task.ament_cmake.build:Building ROS package in '/home/coche/coche_ws/src/f1tenth_system/teleop_tools/teleop_tools_msgs' with build type 'ament_cmake'
[2.169s] INFO:colcon.colcon_cmake.task.cmake.build:Building CMake package in '/home/coche/coche_ws/src/f1tenth_system/teleop_tools/teleop_tools_msgs'
[2.176s] INFO:colcon.colcon_core.shell:Skip shell extension 'powershell' for command environment: Not usable outside of PowerShell
[2.176s] DEBUG:colcon.colcon_core.shell:Skip shell extension 'dsv' for command environment
[2.209s] INFO:colcon.colcon_ros.task.ament_cmake.build:Building ROS package in '/home/coche/coche_ws/src/f1tenth_system/ackermann_mux' with build type 'ament_cmake'
[2.211s] INFO:colcon.colcon_cmake.task.cmake.build:Building CMake package in '/home/coche/coche_ws/src/f1tenth_system/ackermann_mux'
[2.214s] INFO:colcon.colcon_core.shell:Skip shell extension 'powershell' for command environment: Not usable outside of PowerShell
[2.215s] DEBUG:colcon.colcon_core.shell:Skip shell extension 'dsv' for command environment
[2.246s] INFO:colcon.colcon_ros.task.ament_python.build:Building ROS package in '/home/coche/coche_ws/src/f1tenth_system/teleop_tools/key_teleop' with build type 'ament_python'
[2.251s] Level 1:colcon.colcon_core.shell:create_environment_hook('key_teleop', 'ament_prefix_path')
[2.253s] INFO:colcon.colcon_core.shell:Creating environment hook '/home/coche/coche_ws/install/key_teleop/share/key_teleop/hook/ament_prefix_path.ps1'
[2.259s] INFO:colcon.colcon_core.shell:Creating environment descriptor '/home/coche/coche_ws/install/key_teleop/share/key_teleop/hook/ament_prefix_path.dsv'
[2.261s] INFO:colcon.colcon_core.shell:Creating environment hook '/home/coche/coche_ws/install/key_teleop/share/key_teleop/hook/ament_prefix_path.sh'
[2.265s] INFO:colcon.colcon_core.shell:Skip shell extension 'powershell' for command environment: Not usable outside of PowerShell
[2.266s] DEBUG:colcon.colcon_core.shell:Skip shell extension 'dsv' for command environment
[2.347s] DEBUG:colcon.colcon_core.event_handler.log_command:Invoking command in '/home/coche/coche_ws/build/vesc_msgs': CMAKE_PREFIX_PATH=${CMAKE_PREFIX_PATH}:/home/coche/coche_ws/install/f1tenth_stack:/home/coche/coche_ws/install/joy_teleop:/home/coche/coche_ws/install/mouse_teleop:/home/coche/coche_ws/install/key_teleop:/opt/ros/foxy /usr/bin/cmake --build /home/coche/coche_ws/build/vesc_msgs -- -j4 -l4
[2.380s] DEBUG:colcon.colcon_core.event_handler.log_command:Invoking command in '/home/coche/coche_ws/build/teleop_tools_msgs': CMAKE_PREFIX_PATH=${CMAKE_PREFIX_PATH}:/home/coche/coche_ws/install/f1tenth_stack:/home/coche/coche_ws/install/joy_teleop:/home/coche/coche_ws/install/mouse_teleop:/home/coche/coche_ws/install/key_teleop:/opt/ros/foxy /usr/bin/cmake --build /home/coche/coche_ws/build/teleop_tools_msgs -- -j4 -l4
[2.428s] DEBUG:colcon.colcon_core.event_handler.log_command:Invoking command in '/home/coche/coche_ws/build/ackermann_mux': CMAKE_PREFIX_PATH=${CMAKE_PREFIX_PATH}:/home/coche/coche_ws/install/f1tenth_stack:/home/coche/coche_ws/install/joy_teleop:/home/coche/coche_ws/install/mouse_teleop:/home/coche/coche_ws/install/key_teleop:/opt/ros/foxy /usr/bin/cmake --build /home/coche/coche_ws/build/ackermann_mux -- -j4 -l4
[3.998s] INFO:colcon.colcon_core.task.python.build:Building Python package in '/home/coche/coche_ws/src/f1tenth_system/teleop_tools/key_teleop'
[4.002s] INFO:colcon.colcon_core.shell:Skip shell extension 'powershell' for command environment: Not usable outside of PowerShell
[4.002s] DEBUG:colcon.colcon_core.shell:Skip shell extension 'dsv' for command environment
[4.139s] DEBUG:colcon.colcon_core.event_handler.log_command:Invoked command in '/home/coche/coche_ws/build/ackermann_mux' returned '0': CMAKE_PREFIX_PATH=${CMAKE_PREFIX_PATH}:/home/coche/coche_ws/install/f1tenth_stack:/home/coche/coche_ws/install/joy_teleop:/home/coche/coche_ws/install/mouse_teleop:/home/coche/coche_ws/install/key_teleop:/opt/ros/foxy /usr/bin/cmake --build /home/coche/coche_ws/build/ackermann_mux -- -j4 -l4
[4.200s] DEBUG:colcon.colcon_core.event_handler.log_command:Invoked command in '/home/coche/coche_ws/build/vesc_msgs' returned '0': CMAKE_PREFIX_PATH=${CMAKE_PREFIX_PATH}:/home/coche/coche_ws/install/f1tenth_stack:/home/coche/coche_ws/install/joy_teleop:/home/coche/coche_ws/install/mouse_teleop:/home/coche/coche_ws/install/key_teleop:/opt/ros/foxy /usr/bin/cmake --build /home/coche/coche_ws/build/vesc_msgs -- -j4 -l4
[4.223s] DEBUG:colcon.colcon_core.event_handler.log_command:Invoked command in '/home/coche/coche_ws/build/teleop_tools_msgs' returned '0': CMAKE_PREFIX_PATH=${CMAKE_PREFIX_PATH}:/home/coche/coche_ws/install/f1tenth_stack:/home/coche/coche_ws/install/joy_teleop:/home/coche/coche_ws/install/mouse_teleop:/home/coche/coche_ws/install/key_teleop:/opt/ros/foxy /usr/bin/cmake --build /home/coche/coche_ws/build/teleop_tools_msgs -- -j4 -l4
[4.394s] DEBUG:colcon.colcon_core.event_handler.log_command:Invoking command in '/home/coche/coche_ws/build/ackermann_mux': CMAKE_PREFIX_PATH=${CMAKE_PREFIX_PATH}:/home/coche/coche_ws/install/f1tenth_stack:/home/coche/coche_ws/install/joy_teleop:/home/coche/coche_ws/install/mouse_teleop:/home/coche/coche_ws/install/key_teleop:/opt/ros/foxy /usr/bin/cmake --install /home/coche/coche_ws/build/ackermann_mux
[4.461s] Level 1:colcon.colcon_core.environment:create_environment_scripts_only(ackermann_mux)
[4.475s] DEBUG:colcon.colcon_core.event_handler.log_command:Invoked command in '/home/coche/coche_ws/build/ackermann_mux' returned '0': CMAKE_PREFIX_PATH=${CMAKE_PREFIX_PATH}:/home/coche/coche_ws/install/f1tenth_stack:/home/coche/coche_ws/install/joy_teleop:/home/coche/coche_ws/install/mouse_teleop:/home/coche/coche_ws/install/key_teleop:/opt/ros/foxy /usr/bin/cmake --install /home/coche/coche_ws/build/ackermann_mux
[4.490s] Level 1:colcon.colcon_core.environment:checking '/home/coche/coche_ws/install/ackermann_mux' for CMake module files
[4.494s] Level 1:colcon.colcon_core.environment:checking '/home/coche/coche_ws/install/ackermann_mux' for CMake config files
[4.496s] Level 1:colcon.colcon_core.shell:create_environment_hook('ackermann_mux', 'cmake_prefix_path')
[4.497s] INFO:colcon.colcon_core.shell:Creating environment hook '/home/coche/coche_ws/install/ackermann_mux/share/ackermann_mux/hook/cmake_prefix_path.ps1'
[4.500s] INFO:colcon.colcon_core.shell:Creating environment descriptor '/home/coche/coche_ws/install/ackermann_mux/share/ackermann_mux/hook/cmake_prefix_path.dsv'
[4.503s] INFO:colcon.colcon_core.shell:Creating environment hook '/home/coche/coche_ws/install/ackermann_mux/share/ackermann_mux/hook/cmake_prefix_path.sh'
[4.507s] Level 1:colcon.colcon_core.environment:checking '/home/coche/coche_ws/install/ackermann_mux/lib'
[4.508s] Level 1:colcon.colcon_core.environment:checking '/home/coche/coche_ws/install/ackermann_mux/bin'
[4.508s] Level 1:colcon.colcon_core.environment:checking '/home/coche/coche_ws/install/ackermann_mux/lib/pkgconfig/ackermann_mux.pc'
[4.510s] Level 1:colcon.colcon_core.environment:checking '/home/coche/coche_ws/install/ackermann_mux/lib/python3.8/site-packages'
[4.510s] Level 1:colcon.colcon_core.environment:checking '/home/coche/coche_ws/install/ackermann_mux/bin'
[4.512s] INFO:colcon.colcon_core.shell:Creating package script '/home/coche/coche_ws/install/ackermann_mux/share/ackermann_mux/package.ps1'
[4.516s] INFO:colcon.colcon_core.shell:Creating package descriptor '/home/coche/coche_ws/install/ackermann_mux/share/ackermann_mux/package.dsv'
[4.519s] INFO:colcon.colcon_core.shell:Creating package script '/home/coche/coche_ws/install/ackermann_mux/share/ackermann_mux/package.sh'
[4.522s] INFO:colcon.colcon_core.shell:Creating package script '/home/coche/coche_ws/install/ackermann_mux/share/ackermann_mux/package.bash'
[4.527s] INFO:colcon.colcon_core.shell:Creating package script '/home/coche/coche_ws/install/ackermann_mux/share/ackermann_mux/package.zsh'
[4.531s] Level 1:colcon.colcon_core.environment:create_file_with_runtime_dependencies(/home/coche/coche_ws/install/ackermann_mux/share/colcon-core/packages/ackermann_mux)
[4.592s] DEBUG:colcon.colcon_core.event_handler.log_command:Invoking command in '/home/coche/coche_ws/build/teleop_tools_msgs': CMAKE_PREFIX_PATH=${CMAKE_PREFIX_PATH}:/home/coche/coche_ws/install/f1tenth_stack:/home/coche/coche_ws/install/joy_teleop:/home/coche/coche_ws/install/mouse_teleop:/home/coche/coche_ws/install/key_teleop:/opt/ros/foxy /usr/bin/cmake --install /home/coche/coche_ws/build/teleop_tools_msgs
[4.715s] Level 1:colcon.colcon_core.environment:create_environment_scripts_only(ackermann_mux)
[4.717s] Level 1:colcon.colcon_core.environment:checking '/home/coche/coche_ws/install/ackermann_mux' for CMake module files
[4.729s] Level 1:colcon.colcon_core.environment:checking '/home/coche/coche_ws/install/ackermann_mux' for CMake config files
[4.735s] Level 1:colcon.colcon_core.shell:create_environment_hook('ackermann_mux', 'cmake_prefix_path')
[4.736s] INFO:colcon.colcon_core.shell:Creating environment hook '/home/coche/coche_ws/install/ackermann_mux/share/ackermann_mux/hook/cmake_prefix_path.ps1'
[4.739s] INFO:colcon.colcon_core.shell:Creating environment descriptor '/home/coche/coche_ws/install/ackermann_mux/share/ackermann_mux/hook/cmake_prefix_path.dsv'
[4.741s] INFO:colcon.colcon_core.shell:Creating environment hook '/home/coche/coche_ws/install/ackermann_mux/share/ackermann_mux/hook/cmake_prefix_path.sh'
[4.745s] Level 1:colcon.colcon_core.environment:checking '/home/coche/coche_ws/install/ackermann_mux/lib'
[4.745s] Level 1:colcon.colcon_core.environment:checking '/home/coche/coche_ws/install/ackermann_mux/bin'
[4.746s] Level 1:colcon.colcon_core.environment:checking '/home/coche/coche_ws/install/ackermann_mux/lib/pkgconfig/ackermann_mux.pc'
[4.747s] Level 1:colcon.colcon_core.environment:checking '/home/coche/coche_ws/install/ackermann_mux/lib/python3.8/site-packages'
[4.749s] Level 1:colcon.colcon_core.environment:checking '/home/coche/coche_ws/install/ackermann_mux/bin'
[4.751s] INFO:colcon.colcon_core.shell:Creating package script '/home/coche/coche_ws/install/ackermann_mux/share/ackermann_mux/package.ps1'
[4.754s] INFO:colcon.colcon_core.shell:Creating package descriptor '/home/coche/coche_ws/install/ackermann_mux/share/ackermann_mux/package.dsv'
[4.756s] INFO:colcon.colcon_core.shell:Creating package script '/home/coche/coche_ws/install/ackermann_mux/share/ackermann_mux/package.sh'
[4.758s] INFO:colcon.colcon_core.shell:Creating package script '/home/coche/coche_ws/install/ackermann_mux/share/ackermann_mux/package.bash'
[4.766s] INFO:colcon.colcon_core.shell:Creating package script '/home/coche/coche_ws/install/ackermann_mux/share/ackermann_mux/package.zsh'
[4.769s] Level 1:colcon.colcon_core.environment:create_file_with_runtime_dependencies(/home/coche/coche_ws/install/ackermann_mux/share/colcon-core/packages/ackermann_mux)
[4.772s] INFO:colcon.colcon_ros.task.ament_python.build:Building ROS package in '/home/coche/coche_ws/src/f1tenth_system/teleop_tools/mouse_teleop' with build type 'ament_python'
[4.773s] Level 1:colcon.colcon_core.shell:create_environment_hook('mouse_teleop', 'ament_prefix_path')
[4.774s] INFO:colcon.colcon_core.shell:Creating environment hook '/home/coche/coche_ws/install/mouse_teleop/share/mouse_teleop/hook/ament_prefix_path.ps1'
[4.778s] INFO:colcon.colcon_core.shell:Creating environment descriptor '/home/coche/coche_ws/install/mouse_teleop/share/mouse_teleop/hook/ament_prefix_path.dsv'
[4.780s] INFO:colcon.colcon_core.shell:Creating environment hook '/home/coche/coche_ws/install/mouse_teleop/share/mouse_teleop/hook/ament_prefix_path.sh'
[4.783s] INFO:colcon.colcon_core.shell:Skip shell extension 'powershell' for command environment: Not usable outside of PowerShell
[4.784s] DEBUG:colcon.colcon_core.shell:Skip shell extension 'dsv' for command environment
[5.822s] INFO:colcon.colcon_core.task.python.build:Building Python package in '/home/coche/coche_ws/src/f1tenth_system/teleop_tools/mouse_teleop'
[5.826s] INFO:colcon.colcon_core.shell:Skip shell extension 'powershell' for command environment: Not usable outside of PowerShell
[5.826s] DEBUG:colcon.colcon_core.shell:Skip shell extension 'dsv' for command environment
[5.864s] Level 1:colcon.colcon_core.environment:create_environment_scripts_only(teleop_tools_msgs)
[5.868s] Level 1:colcon.colcon_core.environment:checking '/home/coche/coche_ws/install/teleop_tools_msgs' for CMake module files
[5.871s] DEBUG:colcon.colcon_core.event_handler.log_command:Invoked command in '/home/coche/coche_ws/build/teleop_tools_msgs' returned '0': CMAKE_PREFIX_PATH=${CMAKE_PREFIX_PATH}:/home/coche/coche_ws/install/f1tenth_stack:/home/coche/coche_ws/install/joy_teleop:/home/coche/coche_ws/install/mouse_teleop:/home/coche/coche_ws/install/key_teleop:/opt/ros/foxy /usr/bin/cmake --install /home/coche/coche_ws/build/teleop_tools_msgs
[5.875s] Level 1:colcon.colcon_core.environment:checking '/home/coche/coche_ws/install/teleop_tools_msgs' for CMake config files
[5.878s] Level 1:colcon.colcon_core.shell:create_environment_hook('teleop_tools_msgs', 'cmake_prefix_path')
[5.880s] INFO:colcon.colcon_core.shell:Creating environment hook '/home/coche/coche_ws/install/teleop_tools_msgs/share/teleop_tools_msgs/hook/cmake_prefix_path.ps1'
[5.883s] INFO:colcon.colcon_core.shell:Creating environment descriptor '/home/coche/coche_ws/install/teleop_tools_msgs/share/teleop_tools_msgs/hook/cmake_prefix_path.dsv'
[5.885s] INFO:colcon.colcon_core.shell:Creating environment hook '/home/coche/coche_ws/install/teleop_tools_msgs/share/teleop_tools_msgs/hook/cmake_prefix_path.sh'
[5.888s] Level 1:colcon.colcon_core.environment:checking '/home/coche/coche_ws/install/teleop_tools_msgs/lib'
[5.888s] Level 1:colcon.colcon_core.shell:create_environment_hook('teleop_tools_msgs', 'ld_library_path_lib')
[5.889s] INFO:colcon.colcon_core.shell:Creating environment hook '/home/coche/coche_ws/install/teleop_tools_msgs/share/teleop_tools_msgs/hook/ld_library_path_lib.ps1'
[5.891s] INFO:colcon.colcon_core.shell:Creating environment descriptor '/home/coche/coche_ws/install/teleop_tools_msgs/share/teleop_tools_msgs/hook/ld_library_path_lib.dsv'
[5.892s] INFO:colcon.colcon_core.shell:Creating environment hook '/home/coche/coche_ws/install/teleop_tools_msgs/share/teleop_tools_msgs/hook/ld_library_path_lib.sh'
[5.894s] Level 1:colcon.colcon_core.environment:checking '/home/coche/coche_ws/install/teleop_tools_msgs/bin'
[5.894s] Level 1:colcon.colcon_core.environment:checking '/home/coche/coche_ws/install/teleop_tools_msgs/lib/pkgconfig/teleop_tools_msgs.pc'
[5.895s] Level 1:colcon.colcon_core.environment:checking '/home/coche/coche_ws/install/teleop_tools_msgs/lib/python3.8/site-packages'
[5.895s] Level 1:colcon.colcon_core.shell:create_environment_hook('teleop_tools_msgs', 'pythonpath')
[5.896s] INFO:colcon.colcon_core.shell:Creating environment hook '/home/coche/coche_ws/install/teleop_tools_msgs/share/teleop_tools_msgs/hook/pythonpath.ps1'
[5.898s] INFO:colcon.colcon_core.shell:Creating environment descriptor '/home/coche/coche_ws/install/teleop_tools_msgs/share/teleop_tools_msgs/hook/pythonpath.dsv'
[5.899s] INFO:colcon.colcon_core.shell:Creating environment hook '/home/coche/coche_ws/install/teleop_tools_msgs/share/teleop_tools_msgs/hook/pythonpath.sh'
[5.901s] Level 1:colcon.colcon_core.environment:checking '/home/coche/coche_ws/install/teleop_tools_msgs/bin'
[5.903s] INFO:colcon.colcon_core.shell:Creating package script '/home/coche/coche_ws/install/teleop_tools_msgs/share/teleop_tools_msgs/package.ps1'
[5.905s] INFO:colcon.colcon_core.shell:Creating package descriptor '/home/coche/coche_ws/install/teleop_tools_msgs/share/teleop_tools_msgs/package.dsv'
[5.907s] INFO:colcon.colcon_core.shell:Creating package script '/home/coche/coche_ws/install/teleop_tools_msgs/share/teleop_tools_msgs/package.sh'
[5.909s] INFO:colcon.colcon_core.shell:Creating package script '/home/coche/coche_ws/install/teleop_tools_msgs/share/teleop_tools_msgs/package.bash'
[5.911s] INFO:colcon.colcon_core.shell:Creating package script '/home/coche/coche_ws/install/teleop_tools_msgs/share/teleop_tools_msgs/package.zsh'
[5.912s] Level 1:colcon.colcon_core.environment:create_file_with_runtime_dependencies(/home/coche/coche_ws/install/teleop_tools_msgs/share/colcon-core/packages/teleop_tools_msgs)
[5.952s] DEBUG:colcon.colcon_core.event_handler.log_command:Invoking command in '/home/coche/coche_ws/build/vesc_msgs': CMAKE_PREFIX_PATH=${CMAKE_PREFIX_PATH}:/home/coche/coche_ws/install/f1tenth_stack:/home/coche/coche_ws/install/joy_teleop:/home/coche/coche_ws/install/mouse_teleop:/home/coche/coche_ws/install/key_teleop:/opt/ros/foxy /usr/bin/cmake --install /home/coche/coche_ws/build/vesc_msgs
[6.239s] DEBUG:colcon.colcon_core.event_handler.log_command:Invoking command in '/home/coche/coche_ws/src/f1tenth_system/teleop_tools/key_teleop': PYTHONPATH=/home/coche/coche_ws/build/key_teleop/prefix_override:/usr/lib/python3/dist-packages/colcon_core/task/python/colcon_distutils_commands:/home/coche/coche_ws/install/key_teleop/lib/python3.8/site-packages:${PYTHONPATH} /usr/bin/python3 -W ignore:setup.py install is deprecated setup.py egg_info --egg-base ../../../../build/key_teleop build --build-base /home/coche/coche_ws/build/key_teleop/build install --record /home/coche/coche_ws/build/key_teleop/install.log --install-scripts $base/lib/key_teleop --single-version-externally-managed install_data
[6.302s] Level 1:colcon.colcon_core.environment:create_environment_scripts_only(teleop_tools_msgs)
[6.304s] Level 1:colcon.colcon_core.environment:checking '/home/coche/coche_ws/install/teleop_tools_msgs' for CMake module files
[6.320s] Level 1:colcon.colcon_core.environment:checking '/home/coche/coche_ws/install/teleop_tools_msgs' for CMake config files
[6.322s] Level 1:colcon.colcon_core.shell:create_environment_hook('teleop_tools_msgs', 'cmake_prefix_path')
[6.324s] INFO:colcon.colcon_core.shell:Creating environment hook '/home/coche/coche_ws/install/teleop_tools_msgs/share/teleop_tools_msgs/hook/cmake_prefix_path.ps1'
[6.331s] INFO:colcon.colcon_core.shell:Creating environment descriptor '/home/coche/coche_ws/install/teleop_tools_msgs/share/teleop_tools_msgs/hook/cmake_prefix_path.dsv'
[6.333s] INFO:colcon.colcon_core.shell:Creating environment hook '/home/coche/coche_ws/install/teleop_tools_msgs/share/teleop_tools_msgs/hook/cmake_prefix_path.sh'
[6.336s] Level 1:colcon.colcon_core.environment:checking '/home/coche/coche_ws/install/teleop_tools_msgs/lib'
[6.337s] Level 1:colcon.colcon_core.shell:create_environment_hook('teleop_tools_msgs', 'ld_library_path_lib')
[6.338s] INFO:colcon.colcon_core.shell:Creating environment hook '/home/coche/coche_ws/install/teleop_tools_msgs/share/teleop_tools_msgs/hook/ld_library_path_lib.ps1'
[6.340s] INFO:colcon.colcon_core.shell:Creating environment descriptor '/home/coche/coche_ws/install/teleop_tools_msgs/share/teleop_tools_msgs/hook/ld_library_path_lib.dsv'
[6.341s] INFO:colcon.colcon_core.shell:Creating environment hook '/home/coche/coche_ws/install/teleop_tools_msgs/share/teleop_tools_msgs/hook/ld_library_path_lib.sh'
[6.343s] Level 1:colcon.colcon_core.environment:checking '/home/coche/coche_ws/install/teleop_tools_msgs/bin'
[6.343s] Level 1:colcon.colcon_core.environment:checking '/home/coche/coche_ws/install/teleop_tools_msgs/lib/pkgconfig/teleop_tools_msgs.pc'
[6.345s] Level 1:colcon.colcon_core.environment:checking '/home/coche/coche_ws/install/teleop_tools_msgs/lib/python3.8/site-packages'
[6.345s] Level 1:colcon.colcon_core.shell:create_environment_hook('teleop_tools_msgs', 'pythonpath')
[6.346s] INFO:colcon.colcon_core.shell:Creating environment hook '/home/coche/coche_ws/install/teleop_tools_msgs/share/teleop_tools_msgs/hook/pythonpath.ps1'
[6.349s] INFO:colcon.colcon_core.shell:Creating environment descriptor '/home/coche/coche_ws/install/teleop_tools_msgs/share/teleop_tools_msgs/hook/pythonpath.dsv'
[6.351s] INFO:colcon.colcon_core.shell:Creating environment hook '/home/coche/coche_ws/install/teleop_tools_msgs/share/teleop_tools_msgs/hook/pythonpath.sh'
[6.353s] Level 1:colcon.colcon_core.environment:checking '/home/coche/coche_ws/install/teleop_tools_msgs/bin'
[6.355s] INFO:colcon.colcon_core.shell:Creating package script '/home/coche/coche_ws/install/teleop_tools_msgs/share/teleop_tools_msgs/package.ps1'
[6.360s] INFO:colcon.colcon_core.shell:Creating package descriptor '/home/coche/coche_ws/install/teleop_tools_msgs/share/teleop_tools_msgs/package.dsv'
[6.365s] INFO:colcon.colcon_core.shell:Creating package script '/home/coche/coche_ws/install/teleop_tools_msgs/share/teleop_tools_msgs/package.sh'
[6.368s] INFO:colcon.colcon_core.shell:Creating package script '/home/coche/coche_ws/install/teleop_tools_msgs/share/teleop_tools_msgs/package.bash'
[6.370s] INFO:colcon.colcon_core.shell:Creating package script '/home/coche/coche_ws/install/teleop_tools_msgs/share/teleop_tools_msgs/package.zsh'
[6.372s] Level 1:colcon.colcon_core.environment:create_file_with_runtime_dependencies(/home/coche/coche_ws/install/teleop_tools_msgs/share/colcon-core/packages/teleop_tools_msgs)
[6.379s] INFO:colcon.colcon_ros.task.ament_python.build:Building ROS package in '/home/coche/coche_ws/src/f1tenth_system/teleop_tools/joy_teleop' with build type 'ament_python'
[6.381s] Level 1:colcon.colcon_core.shell:create_environment_hook('joy_teleop', 'ament_prefix_path')
[6.383s] INFO:colcon.colcon_core.shell:Creating environment hook '/home/coche/coche_ws/install/joy_teleop/share/joy_teleop/hook/ament_prefix_path.ps1'
[6.387s] INFO:colcon.colcon_core.shell:Creating environment descriptor '/home/coche/coche_ws/install/joy_teleop/share/joy_teleop/hook/ament_prefix_path.dsv'
[6.388s] INFO:colcon.colcon_core.shell:Creating environment hook '/home/coche/coche_ws/install/joy_teleop/share/joy_teleop/hook/ament_prefix_path.sh'
[6.391s] INFO:colcon.colcon_core.shell:Skip shell extension 'powershell' for command environment: Not usable outside of PowerShell
[6.391s] DEBUG:colcon.colcon_core.shell:Skip shell extension 'dsv' for command environment
[6.442s] Level 1:colcon.colcon_core.environment:create_environment_scripts_only(vesc_msgs)
[6.445s] DEBUG:colcon.colcon_core.event_handler.log_command:Invoked command in '/home/coche/coche_ws/build/vesc_msgs' returned '0': CMAKE_PREFIX_PATH=${CMAKE_PREFIX_PATH}:/home/coche/coche_ws/install/f1tenth_stack:/home/coche/coche_ws/install/joy_teleop:/home/coche/coche_ws/install/mouse_teleop:/home/coche/coche_ws/install/key_teleop:/opt/ros/foxy /usr/bin/cmake --install /home/coche/coche_ws/build/vesc_msgs
[6.448s] Level 1:colcon.colcon_core.environment:checking '/home/coche/coche_ws/install/vesc_msgs' for CMake module files
[6.458s] Level 1:colcon.colcon_core.environment:checking '/home/coche/coche_ws/install/vesc_msgs' for CMake config files
[6.460s] Level 1:colcon.colcon_core.shell:create_environment_hook('vesc_msgs', 'cmake_prefix_path')
[6.462s] INFO:colcon.colcon_core.shell:Creating environment hook '/home/coche/coche_ws/install/vesc_msgs/share/vesc_msgs/hook/cmake_prefix_path.ps1'
[6.465s] INFO:colcon.colcon_core.shell:Creating environment descriptor '/home/coche/coche_ws/install/vesc_msgs/share/vesc_msgs/hook/cmake_prefix_path.dsv'
[6.467s] INFO:colcon.colcon_core.shell:Creating environment hook '/home/coche/coche_ws/install/vesc_msgs/share/vesc_msgs/hook/cmake_prefix_path.sh'
[6.472s] Level 1:colcon.colcon_core.environment:checking '/home/coche/coche_ws/install/vesc_msgs/lib'
[6.472s] Level 1:colcon.colcon_core.shell:create_environment_hook('vesc_msgs', 'ld_library_path_lib')
[6.474s] INFO:colcon.colcon_core.shell:Creating environment hook '/home/coche/coche_ws/install/vesc_msgs/share/vesc_msgs/hook/ld_library_path_lib.ps1'
[6.479s] INFO:colcon.colcon_core.shell:Creating environment descriptor '/home/coche/coche_ws/install/vesc_msgs/share/vesc_msgs/hook/ld_library_path_lib.dsv'
[6.486s] INFO:colcon.colcon_core.shell:Creating environment hook '/home/coche/coche_ws/install/vesc_msgs/share/vesc_msgs/hook/ld_library_path_lib.sh'
[6.489s] Level 1:colcon.colcon_core.environment:checking '/home/coche/coche_ws/install/vesc_msgs/bin'
[6.490s] Level 1:colcon.colcon_core.environment:checking '/home/coche/coche_ws/install/vesc_msgs/lib/pkgconfig/vesc_msgs.pc'
[6.491s] Level 1:colcon.colcon_core.environment:checking '/home/coche/coche_ws/install/vesc_msgs/lib/python3.8/site-packages'
[6.491s] Level 1:colcon.colcon_core.shell:create_environment_hook('vesc_msgs', 'pythonpath')
[6.492s] INFO:colcon.colcon_core.shell:Creating environment hook '/home/coche/coche_ws/install/vesc_msgs/share/vesc_msgs/hook/pythonpath.ps1'
[6.498s] INFO:colcon.colcon_core.shell:Creating environment descriptor '/home/coche/coche_ws/install/vesc_msgs/share/vesc_msgs/hook/pythonpath.dsv'
[6.501s] INFO:colcon.colcon_core.shell:Creating environment hook '/home/coche/coche_ws/install/vesc_msgs/share/vesc_msgs/hook/pythonpath.sh'
[6.503s] Level 1:colcon.colcon_core.environment:checking '/home/coche/coche_ws/install/vesc_msgs/bin'
[6.505s] INFO:colcon.colcon_core.shell:Creating package script '/home/coche/coche_ws/install/vesc_msgs/share/vesc_msgs/package.ps1'
[6.508s] INFO:colcon.colcon_core.shell:Creating package descriptor '/home/coche/coche_ws/install/vesc_msgs/share/vesc_msgs/package.dsv'
[6.510s] INFO:colcon.colcon_core.shell:Creating package script '/home/coche/coche_ws/install/vesc_msgs/share/vesc_msgs/package.sh'
[6.512s] INFO:colcon.colcon_core.shell:Creating package script '/home/coche/coche_ws/install/vesc_msgs/share/vesc_msgs/package.bash'
[6.514s] INFO:colcon.colcon_core.shell:Creating package script '/home/coche/coche_ws/install/vesc_msgs/share/vesc_msgs/package.zsh'
[6.516s] Level 1:colcon.colcon_core.environment:create_file_with_runtime_dependencies(/home/coche/coche_ws/install/vesc_msgs/share/colcon-core/packages/vesc_msgs)
[7.625s] INFO:colcon.colcon_core.task.python.build:Building Python package in '/home/coche/coche_ws/src/f1tenth_system/teleop_tools/joy_teleop'
[7.629s] INFO:colcon.colcon_core.shell:Skip shell extension 'powershell' for command environment: Not usable outside of PowerShell
[7.629s] DEBUG:colcon.colcon_core.shell:Skip shell extension 'dsv' for command environment
[7.678s] Level 1:colcon.colcon_core.environment:create_environment_scripts_only(vesc_msgs)
[7.682s] Level 1:colcon.colcon_core.environment:checking '/home/coche/coche_ws/install/vesc_msgs' for CMake module files
[7.687s] Level 1:colcon.colcon_core.environment:checking '/home/coche/coche_ws/install/vesc_msgs' for CMake config files
[7.689s] Level 1:colcon.colcon_core.shell:create_environment_hook('vesc_msgs', 'cmake_prefix_path')
[7.691s] INFO:colcon.colcon_core.shell:Creating environment hook '/home/coche/coche_ws/install/vesc_msgs/share/vesc_msgs/hook/cmake_prefix_path.ps1'
[7.695s] INFO:colcon.colcon_core.shell:Creating environment descriptor '/home/coche/coche_ws/install/vesc_msgs/share/vesc_msgs/hook/cmake_prefix_path.dsv'
[7.697s] INFO:colcon.colcon_core.shell:Creating environment hook '/home/coche/coche_ws/install/vesc_msgs/share/vesc_msgs/hook/cmake_prefix_path.sh'
[7.701s] Level 1:colcon.colcon_core.environment:checking '/home/coche/coche_ws/install/vesc_msgs/lib'
[7.701s] Level 1:colcon.colcon_core.shell:create_environment_hook('vesc_msgs', 'ld_library_path_lib')
[7.702s] INFO:colcon.colcon_core.shell:Creating environment hook '/home/coche/coche_ws/install/vesc_msgs/share/vesc_msgs/hook/ld_library_path_lib.ps1'
[7.705s] INFO:colcon.colcon_core.shell:Creating environment descriptor '/home/coche/coche_ws/install/vesc_msgs/share/vesc_msgs/hook/ld_library_path_lib.dsv'
[7.706s] INFO:colcon.colcon_core.shell:Creating environment hook '/home/coche/coche_ws/install/vesc_msgs/share/vesc_msgs/hook/ld_library_path_lib.sh'
[7.709s] Level 1:colcon.colcon_core.environment:checking '/home/coche/coche_ws/install/vesc_msgs/bin'
[7.709s] Level 1:colcon.colcon_core.environment:checking '/home/coche/coche_ws/install/vesc_msgs/lib/pkgconfig/vesc_msgs.pc'
[7.712s] Level 1:colcon.colcon_core.environment:checking '/home/coche/coche_ws/install/vesc_msgs/lib/python3.8/site-packages'
[7.712s] Level 1:colcon.colcon_core.shell:create_environment_hook('vesc_msgs', 'pythonpath')
[7.713s] INFO:colcon.colcon_core.shell:Creating environment hook '/home/coche/coche_ws/install/vesc_msgs/share/vesc_msgs/hook/pythonpath.ps1'
[7.716s] INFO:colcon.colcon_core.shell:Creating environment descriptor '/home/coche/coche_ws/install/vesc_msgs/share/vesc_msgs/hook/pythonpath.dsv'
[7.717s] INFO:colcon.colcon_core.shell:Creating environment hook '/home/coche/coche_ws/install/vesc_msgs/share/vesc_msgs/hook/pythonpath.sh'
[7.720s] Level 1:colcon.colcon_core.environment:checking '/home/coche/coche_ws/install/vesc_msgs/bin'
[7.722s] INFO:colcon.colcon_core.shell:Creating package script '/home/coche/coche_ws/install/vesc_msgs/share/vesc_msgs/package.ps1'
[7.725s] INFO:colcon.colcon_core.shell:Creating package descriptor '/home/coche/coche_ws/install/vesc_msgs/share/vesc_msgs/package.dsv'
[7.728s] INFO:colcon.colcon_core.shell:Creating package script '/home/coche/coche_ws/install/vesc_msgs/share/vesc_msgs/package.sh'
[7.731s] INFO:colcon.colcon_core.shell:Creating package script '/home/coche/coche_ws/install/vesc_msgs/share/vesc_msgs/package.bash'
[7.734s] INFO:colcon.colcon_core.shell:Creating package script '/home/coche/coche_ws/install/vesc_msgs/share/vesc_msgs/package.zsh'
[7.736s] Level 1:colcon.colcon_core.environment:create_file_with_runtime_dependencies(/home/coche/coche_ws/install/vesc_msgs/share/colcon-core/packages/vesc_msgs)
[7.740s] INFO:colcon.colcon_ros.task.ament_cmake.build:Building ROS package in '/home/coche/coche_ws/src/f1tenth_system/vesc/vesc_ackermann' with build type 'ament_cmake'
[7.742s] INFO:colcon.colcon_cmake.task.cmake.build:Building CMake package in '/home/coche/coche_ws/src/f1tenth_system/vesc/vesc_ackermann'
[7.743s] INFO:colcon.colcon_core.shell:Skip shell extension 'powershell' for command environment: Not usable outside of PowerShell
[7.743s] DEBUG:colcon.colcon_core.shell:Skip shell extension 'dsv' for command environment
[7.838s] DEBUG:colcon.colcon_core.event_handler.log_command:Invoking command in '/home/coche/coche_ws/src/f1tenth_system/teleop_tools/mouse_teleop': PYTHONPATH=/home/coche/coche_ws/build/mouse_teleop/prefix_override:/usr/lib/python3/dist-packages/colcon_core/task/python/colcon_distutils_commands:/home/coche/coche_ws/install/mouse_teleop/lib/python3.8/site-packages:${PYTHONPATH} /usr/bin/python3 -W ignore:setup.py install is deprecated setup.py egg_info --egg-base ../../../../build/mouse_teleop build --build-base /home/coche/coche_ws/build/mouse_teleop/build install --record /home/coche/coche_ws/build/mouse_teleop/install.log --install-scripts $base/lib/mouse_teleop --single-version-externally-managed install_data
[7.846s] Level 1:colcon.colcon_core.environment:checking '/home/coche/coche_ws/install/key_teleop' for CMake module files
[7.847s] DEBUG:colcon.colcon_core.event_handler.log_command:Invoked command in '/home/coche/coche_ws/src/f1tenth_system/teleop_tools/key_teleop' returned '0': PYTHONPATH=/home/coche/coche_ws/build/key_teleop/prefix_override:/usr/lib/python3/dist-packages/colcon_core/task/python/colcon_distutils_commands:/home/coche/coche_ws/install/key_teleop/lib/python3.8/site-packages:${PYTHONPATH} /usr/bin/python3 -W ignore:setup.py install is deprecated setup.py egg_info --egg-base ../../../../build/key_teleop build --build-base /home/coche/coche_ws/build/key_teleop/build install --record /home/coche/coche_ws/build/key_teleop/install.log --install-scripts $base/lib/key_teleop --single-version-externally-managed install_data
[7.851s] Level 1:colcon.colcon_core.environment:checking '/home/coche/coche_ws/install/key_teleop' for CMake config files
[7.854s] Level 1:colcon.colcon_core.environment:checking '/home/coche/coche_ws/install/key_teleop/lib'
[7.855s] Level 1:colcon.colcon_core.environment:checking '/home/coche/coche_ws/install/key_teleop/bin'
[7.855s] Level 1:colcon.colcon_core.environment:checking '/home/coche/coche_ws/install/key_teleop/lib/pkgconfig/key_teleop.pc'
[7.857s] Level 1:colcon.colcon_core.environment:checking '/home/coche/coche_ws/install/key_teleop/lib/python3.8/site-packages'
[7.857s] Level 1:colcon.colcon_core.shell:create_environment_hook('key_teleop', 'pythonpath')
[7.858s] INFO:colcon.colcon_core.shell:Creating environment hook '/home/coche/coche_ws/install/key_teleop/share/key_teleop/hook/pythonpath.ps1'
[7.861s] INFO:colcon.colcon_core.shell:Creating environment descriptor '/home/coche/coche_ws/install/key_teleop/share/key_teleop/hook/pythonpath.dsv'
[7.864s] INFO:colcon.colcon_core.shell:Creating environment hook '/home/coche/coche_ws/install/key_teleop/share/key_teleop/hook/pythonpath.sh'
[7.866s] Level 1:colcon.colcon_core.environment:checking '/home/coche/coche_ws/install/key_teleop/bin'
[7.866s] Level 1:colcon.colcon_core.environment:create_environment_scripts_only(key_teleop)
[7.868s] INFO:colcon.colcon_core.shell:Creating package script '/home/coche/coche_ws/install/key_teleop/share/key_teleop/package.ps1'
[7.870s] INFO:colcon.colcon_core.shell:Creating package descriptor '/home/coche/coche_ws/install/key_teleop/share/key_teleop/package.dsv'
[7.872s] INFO:colcon.colcon_core.shell:Creating package script '/home/coche/coche_ws/install/key_teleop/share/key_teleop/package.sh'
[7.874s] INFO:colcon.colcon_core.shell:Creating package script '/home/coche/coche_ws/install/key_teleop/share/key_teleop/package.bash'
[7.880s] INFO:colcon.colcon_core.shell:Creating package script '/home/coche/coche_ws/install/key_teleop/share/key_teleop/package.zsh'
[7.883s] Level 1:colcon.colcon_core.environment:create_file_with_runtime_dependencies(/home/coche/coche_ws/install/key_teleop/share/colcon-core/packages/key_teleop)
[7.890s] INFO:colcon.colcon_ros.task.ament_cmake.build:Building ROS package in '/home/coche/coche_ws/src/f1tenth_system/vesc/vesc_driver' with build type 'ament_cmake'
[7.892s] INFO:colcon.colcon_cmake.task.cmake.build:Building CMake package in '/home/coche/coche_ws/src/f1tenth_system/vesc/vesc_driver'
[7.894s] INFO:colcon.colcon_core.shell:Skip shell extension 'powershell' for command environment: Not usable outside of PowerShell
[7.894s] DEBUG:colcon.colcon_core.shell:Skip shell extension 'dsv' for command environment
[7.963s] DEBUG:colcon.colcon_core.event_handler.log_command:Invoking command in '/home/coche/coche_ws/build/vesc_ackermann': CMAKE_PREFIX_PATH=/home/coche/coche_ws/install/vesc_msgs:/home/coche/coche_ws/install/vesc:/home/coche/coche_ws/install/vesc_driver:/home/coche/coche_ws/install/vesc_ackermann:/home/coche/coche_ws/install/teleop_tools:/home/coche/coche_ws/install/teleop_tools_msgs:/home/coche/coche_ws/install/ackermann_mux:/home/coche/coche_ws/install/f1tenth_stack:/home/coche/coche_ws/install/joy_teleop:/home/coche/coche_ws/install/mouse_teleop:/home/coche/coche_ws/install/key_teleop:/opt/ros/foxy LD_LIBRARY_PATH=/home/coche/coche_ws/install/vesc_msgs/lib:/home/coche/coche_ws/install/vesc_driver/lib:/home/coche/coche_ws/install/vesc_ackermann/lib:/home/coche/coche_ws/install/teleop_tools_msgs/lib:/opt/ros/foxy/opt/yaml_cpp_vendor/lib:/opt/ros/foxy/opt/rviz_ogre_vendor/lib:/opt/ros/foxy/lib/aarch64-linux-gnu:/opt/ros/foxy/lib PYTHONPATH=/home/coche/coche_ws/install/vesc_msgs/lib/python3.8/site-packages:/home/coche/coche_ws/install/f1tenth_stack/lib/python3.8/site-packages:/home/coche/coche_ws/install/joy_teleop/lib/python3.8/site-packages:/home/coche/coche_ws/install/teleop_tools_msgs/lib/python3.8/site-packages:/home/coche/coche_ws/install/mouse_teleop/lib/python3.8/site-packages:/home/coche/coche_ws/install/key_teleop/lib/python3.8/site-packages:/opt/ros/foxy/lib/python3.8/site-packages /usr/bin/cmake --build /home/coche/coche_ws/build/vesc_ackermann -- -j4 -l4
[8.037s] DEBUG:colcon.colcon_core.event_handler.log_command:Invoking command in '/home/coche/coche_ws/build/vesc_driver': CMAKE_PREFIX_PATH=/home/coche/coche_ws/install/vesc_msgs:/home/coche/coche_ws/install/vesc:/home/coche/coche_ws/install/vesc_driver:/home/coche/coche_ws/install/vesc_ackermann:/home/coche/coche_ws/install/teleop_tools:/home/coche/coche_ws/install/teleop_tools_msgs:/home/coche/coche_ws/install/ackermann_mux:/home/coche/coche_ws/install/f1tenth_stack:/home/coche/coche_ws/install/joy_teleop:/home/coche/coche_ws/install/mouse_teleop:/home/coche/coche_ws/install/key_teleop:/opt/ros/foxy LD_LIBRARY_PATH=/home/coche/coche_ws/install/vesc_msgs/lib:/home/coche/coche_ws/install/vesc_driver/lib:/home/coche/coche_ws/install/vesc_ackermann/lib:/home/coche/coche_ws/install/teleop_tools_msgs/lib:/opt/ros/foxy/opt/yaml_cpp_vendor/lib:/opt/ros/foxy/opt/rviz_ogre_vendor/lib:/opt/ros/foxy/lib/aarch64-linux-gnu:/opt/ros/foxy/lib PYTHONPATH=/home/coche/coche_ws/install/vesc_msgs/lib/python3.8/site-packages:/home/coche/coche_ws/install/f1tenth_stack/lib/python3.8/site-packages:/home/coche/coche_ws/install/joy_teleop/lib/python3.8/site-packages:/home/coche/coche_ws/install/teleop_tools_msgs/lib/python3.8/site-packages:/home/coche/coche_ws/install/mouse_teleop/lib/python3.8/site-packages:/home/coche/coche_ws/install/key_teleop/lib/python3.8/site-packages:/opt/ros/foxy/lib/python3.8/site-packages /usr/bin/cmake --build /home/coche/coche_ws/build/vesc_driver -- -j4 -l4
[8.624s] DEBUG:colcon.colcon_core.event_handler.log_command:Invoked command in '/home/coche/coche_ws/build/vesc_ackermann' returned '0': CMAKE_PREFIX_PATH=/home/coche/coche_ws/install/vesc_msgs:/home/coche/coche_ws/install/vesc:/home/coche/coche_ws/install/vesc_driver:/home/coche/coche_ws/install/vesc_ackermann:/home/coche/coche_ws/install/teleop_tools:/home/coche/coche_ws/install/teleop_tools_msgs:/home/coche/coche_ws/install/ackermann_mux:/home/coche/coche_ws/install/f1tenth_stack:/home/coche/coche_ws/install/joy_teleop:/home/coche/coche_ws/install/mouse_teleop:/home/coche/coche_ws/install/key_teleop:/opt/ros/foxy LD_LIBRARY_PATH=/home/coche/coche_ws/install/vesc_msgs/lib:/home/coche/coche_ws/install/vesc_driver/lib:/home/coche/coche_ws/install/vesc_ackermann/lib:/home/coche/coche_ws/install/teleop_tools_msgs/lib:/opt/ros/foxy/opt/yaml_cpp_vendor/lib:/opt/ros/foxy/opt/rviz_ogre_vendor/lib:/opt/ros/foxy/lib/aarch64-linux-gnu:/opt/ros/foxy/lib PYTHONPATH=/home/coche/coche_ws/install/vesc_msgs/lib/python3.8/site-packages:/home/coche/coche_ws/install/f1tenth_stack/lib/python3.8/site-packages:/home/coche/coche_ws/install/joy_teleop/lib/python3.8/site-packages:/home/coche/coche_ws/install/teleop_tools_msgs/lib/python3.8/site-packages:/home/coche/coche_ws/install/mouse_teleop/lib/python3.8/site-packages:/home/coche/coche_ws/install/key_teleop/lib/python3.8/site-packages:/opt/ros/foxy/lib/python3.8/site-packages /usr/bin/cmake --build /home/coche/coche_ws/build/vesc_ackermann -- -j4 -l4
[8.784s] DEBUG:colcon.colcon_core.event_handler.log_command:Invoked command in '/home/coche/coche_ws/build/vesc_driver' returned '0': CMAKE_PREFIX_PATH=/home/coche/coche_ws/install/vesc_msgs:/home/coche/coche_ws/install/vesc:/home/coche/coche_ws/install/vesc_driver:/home/coche/coche_ws/install/vesc_ackermann:/home/coche/coche_ws/install/teleop_tools:/home/coche/coche_ws/install/teleop_tools_msgs:/home/coche/coche_ws/install/ackermann_mux:/home/coche/coche_ws/install/f1tenth_stack:/home/coche/coche_ws/install/joy_teleop:/home/coche/coche_ws/install/mouse_teleop:/home/coche/coche_ws/install/key_teleop:/opt/ros/foxy LD_LIBRARY_PATH=/home/coche/coche_ws/install/vesc_msgs/lib:/home/coche/coche_ws/install/vesc_driver/lib:/home/coche/coche_ws/install/vesc_ackermann/lib:/home/coche/coche_ws/install/teleop_tools_msgs/lib:/opt/ros/foxy/opt/yaml_cpp_vendor/lib:/opt/ros/foxy/opt/rviz_ogre_vendor/lib:/opt/ros/foxy/lib/aarch64-linux-gnu:/opt/ros/foxy/lib PYTHONPATH=/home/coche/coche_ws/install/vesc_msgs/lib/python3.8/site-packages:/home/coche/coche_ws/install/f1tenth_stack/lib/python3.8/site-packages:/home/coche/coche_ws/install/joy_teleop/lib/python3.8/site-packages:/home/coche/coche_ws/install/teleop_tools_msgs/lib/python3.8/site-packages:/home/coche/coche_ws/install/mouse_teleop/lib/python3.8/site-packages:/home/coche/coche_ws/install/key_teleop/lib/python3.8/site-packages:/opt/ros/foxy/lib/python3.8/site-packages /usr/bin/cmake --build /home/coche/coche_ws/build/vesc_driver -- -j4 -l4
[8.882s] DEBUG:colcon.colcon_core.event_handler.log_command:Invoking command in '/home/coche/coche_ws/build/vesc_ackermann': CMAKE_PREFIX_PATH=/home/coche/coche_ws/install/vesc_msgs:/home/coche/coche_ws/install/vesc:/home/coche/coche_ws/install/vesc_driver:/home/coche/coche_ws/install/vesc_ackermann:/home/coche/coche_ws/install/teleop_tools:/home/coche/coche_ws/install/teleop_tools_msgs:/home/coche/coche_ws/install/ackermann_mux:/home/coche/coche_ws/install/f1tenth_stack:/home/coche/coche_ws/install/joy_teleop:/home/coche/coche_ws/install/mouse_teleop:/home/coche/coche_ws/install/key_teleop:/opt/ros/foxy LD_LIBRARY_PATH=/home/coche/coche_ws/install/vesc_msgs/lib:/home/coche/coche_ws/install/vesc_driver/lib:/home/coche/coche_ws/install/vesc_ackermann/lib:/home/coche/coche_ws/install/teleop_tools_msgs/lib:/opt/ros/foxy/opt/yaml_cpp_vendor/lib:/opt/ros/foxy/opt/rviz_ogre_vendor/lib:/opt/ros/foxy/lib/aarch64-linux-gnu:/opt/ros/foxy/lib PYTHONPATH=/home/coche/coche_ws/install/vesc_msgs/lib/python3.8/site-packages:/home/coche/coche_ws/install/f1tenth_stack/lib/python3.8/site-packages:/home/coche/coche_ws/install/joy_teleop/lib/python3.8/site-packages:/home/coche/coche_ws/install/teleop_tools_msgs/lib/python3.8/site-packages:/home/coche/coche_ws/install/mouse_teleop/lib/python3.8/site-packages:/home/coche/coche_ws/install/key_teleop/lib/python3.8/site-packages:/opt/ros/foxy/lib/python3.8/site-packages /usr/bin/cmake --install /home/coche/coche_ws/build/vesc_ackermann
[9.003s] Level 1:colcon.colcon_core.environment:create_environment_scripts_only(vesc_ackermann)
[9.008s] Level 1:colcon.colcon_core.environment:checking '/home/coche/coche_ws/install/vesc_ackermann' for CMake module files
[9.011s] DEBUG:colcon.colcon_core.event_handler.log_command:Invoked command in '/home/coche/coche_ws/build/vesc_ackermann' returned '0': CMAKE_PREFIX_PATH=/home/coche/coche_ws/install/vesc_msgs:/home/coche/coche_ws/install/vesc:/home/coche/coche_ws/install/vesc_driver:/home/coche/coche_ws/install/vesc_ackermann:/home/coche/coche_ws/install/teleop_tools:/home/coche/coche_ws/install/teleop_tools_msgs:/home/coche/coche_ws/install/ackermann_mux:/home/coche/coche_ws/install/f1tenth_stack:/home/coche/coche_ws/install/joy_teleop:/home/coche/coche_ws/install/mouse_teleop:/home/coche/coche_ws/install/key_teleop:/opt/ros/foxy LD_LIBRARY_PATH=/home/coche/coche_ws/install/vesc_msgs/lib:/home/coche/coche_ws/install/vesc_driver/lib:/home/coche/coche_ws/install/vesc_ackermann/lib:/home/coche/coche_ws/install/teleop_tools_msgs/lib:/opt/ros/foxy/opt/yaml_cpp_vendor/lib:/opt/ros/foxy/opt/rviz_ogre_vendor/lib:/opt/ros/foxy/lib/aarch64-linux-gnu:/opt/ros/foxy/lib PYTHONPATH=/home/coche/coche_ws/install/vesc_msgs/lib/python3.8/site-packages:/home/coche/coche_ws/install/f1tenth_stack/lib/python3.8/site-packages:/home/coche/coche_ws/install/joy_teleop/lib/python3.8/site-packages:/home/coche/coche_ws/install/teleop_tools_msgs/lib/python3.8/site-packages:/home/coche/coche_ws/install/mouse_teleop/lib/python3.8/site-packages:/home/coche/coche_ws/install/key_teleop/lib/python3.8/site-packages:/opt/ros/foxy/lib/python3.8/site-packages /usr/bin/cmake --install /home/coche/coche_ws/build/vesc_ackermann
[9.014s] Level 1:colcon.colcon_core.environment:checking '/home/coche/coche_ws/install/vesc_ackermann' for CMake config files
[9.015s] Level 1:colcon.colcon_core.shell:create_environment_hook('vesc_ackermann', 'cmake_prefix_path')
[9.017s] INFO:colcon.colcon_core.shell:Creating environment hook '/home/coche/coche_ws/install/vesc_ackermann/share/vesc_ackermann/hook/cmake_prefix_path.ps1'
[9.021s] INFO:colcon.colcon_core.shell:Creating environment descriptor '/home/coche/coche_ws/install/vesc_ackermann/share/vesc_ackermann/hook/cmake_prefix_path.dsv'
[9.024s] INFO:colcon.colcon_core.shell:Creating environment hook '/home/coche/coche_ws/install/vesc_ackermann/share/vesc_ackermann/hook/cmake_prefix_path.sh'
[9.028s] Level 1:colcon.colcon_core.environment:checking '/home/coche/coche_ws/install/vesc_ackermann/lib'
[9.028s] Level 1:colcon.colcon_core.shell:create_environment_hook('vesc_ackermann', 'ld_library_path_lib')
[9.029s] INFO:colcon.colcon_core.shell:Creating environment hook '/home/coche/coche_ws/install/vesc_ackermann/share/vesc_ackermann/hook/ld_library_path_lib.ps1'
[9.032s] INFO:colcon.colcon_core.shell:Creating environment descriptor '/home/coche/coche_ws/install/vesc_ackermann/share/vesc_ackermann/hook/ld_library_path_lib.dsv'
[9.033s] INFO:colcon.colcon_core.shell:Creating environment hook '/home/coche/coche_ws/install/vesc_ackermann/share/vesc_ackermann/hook/ld_library_path_lib.sh'
[9.036s] Level 1:colcon.colcon_core.environment:checking '/home/coche/coche_ws/install/vesc_ackermann/bin'
[9.036s] Level 1:colcon.colcon_core.environment:checking '/home/coche/coche_ws/install/vesc_ackermann/lib/pkgconfig/vesc_ackermann.pc'
[9.038s] Level 1:colcon.colcon_core.environment:checking '/home/coche/coche_ws/install/vesc_ackermann/lib/python3.8/site-packages'
[9.040s] Level 1:colcon.colcon_core.environment:checking '/home/coche/coche_ws/install/vesc_ackermann/bin'
[9.042s] INFO:colcon.colcon_core.shell:Creating package script '/home/coche/coche_ws/install/vesc_ackermann/share/vesc_ackermann/package.ps1'
[9.049s] INFO:colcon.colcon_core.shell:Creating package descriptor '/home/coche/coche_ws/install/vesc_ackermann/share/vesc_ackermann/package.dsv'
[9.051s] INFO:colcon.colcon_core.shell:Creating package script '/home/coche/coche_ws/install/vesc_ackermann/share/vesc_ackermann/package.sh'
[9.054s] INFO:colcon.colcon_core.shell:Creating package script '/home/coche/coche_ws/install/vesc_ackermann/share/vesc_ackermann/package.bash'
[9.056s] INFO:colcon.colcon_core.shell:Creating package script '/home/coche/coche_ws/install/vesc_ackermann/share/vesc_ackermann/package.zsh'
[9.058s] Level 1:colcon.colcon_core.environment:create_file_with_runtime_dependencies(/home/coche/coche_ws/install/vesc_ackermann/share/colcon-core/packages/vesc_ackermann)
[9.097s] DEBUG:colcon.colcon_core.event_handler.log_command:Invoking command in '/home/coche/coche_ws/build/vesc_driver': CMAKE_PREFIX_PATH=/home/coche/coche_ws/install/vesc_msgs:/home/coche/coche_ws/install/vesc:/home/coche/coche_ws/install/vesc_driver:/home/coche/coche_ws/install/vesc_ackermann:/home/coche/coche_ws/install/teleop_tools:/home/coche/coche_ws/install/teleop_tools_msgs:/home/coche/coche_ws/install/ackermann_mux:/home/coche/coche_ws/install/f1tenth_stack:/home/coche/coche_ws/install/joy_teleop:/home/coche/coche_ws/install/mouse_teleop:/home/coche/coche_ws/install/key_teleop:/opt/ros/foxy LD_LIBRARY_PATH=/home/coche/coche_ws/install/vesc_msgs/lib:/home/coche/coche_ws/install/vesc_driver/lib:/home/coche/coche_ws/install/vesc_ackermann/lib:/home/coche/coche_ws/install/teleop_tools_msgs/lib:/opt/ros/foxy/opt/yaml_cpp_vendor/lib:/opt/ros/foxy/opt/rviz_ogre_vendor/lib:/opt/ros/foxy/lib/aarch64-linux-gnu:/opt/ros/foxy/lib PYTHONPATH=/home/coche/coche_ws/install/vesc_msgs/lib/python3.8/site-packages:/home/coche/coche_ws/install/f1tenth_stack/lib/python3.8/site-packages:/home/coche/coche_ws/install/joy_teleop/lib/python3.8/site-packages:/home/coche/coche_ws/install/teleop_tools_msgs/lib/python3.8/site-packages:/home/coche/coche_ws/install/mouse_teleop/lib/python3.8/site-packages:/home/coche/coche_ws/install/key_teleop/lib/python3.8/site-packages:/opt/ros/foxy/lib/python3.8/site-packages /usr/bin/cmake --install /home/coche/coche_ws/build/vesc_driver
[9.206s] Level 1:colcon.colcon_core.environment:create_environment_scripts_only(vesc_driver)
[9.209s] Level 1:colcon.colcon_core.environment:checking '/home/coche/coche_ws/install/vesc_driver' for CMake module files
[9.215s] DEBUG:colcon.colcon_core.event_handler.log_command:Invoked command in '/home/coche/coche_ws/build/vesc_driver' returned '0': CMAKE_PREFIX_PATH=/home/coche/coche_ws/install/vesc_msgs:/home/coche/coche_ws/install/vesc:/home/coche/coche_ws/install/vesc_driver:/home/coche/coche_ws/install/vesc_ackermann:/home/coche/coche_ws/install/teleop_tools:/home/coche/coche_ws/install/teleop_tools_msgs:/home/coche/coche_ws/install/ackermann_mux:/home/coche/coche_ws/install/f1tenth_stack:/home/coche/coche_ws/install/joy_teleop:/home/coche/coche_ws/install/mouse_teleop:/home/coche/coche_ws/install/key_teleop:/opt/ros/foxy LD_LIBRARY_PATH=/home/coche/coche_ws/install/vesc_msgs/lib:/home/coche/coche_ws/install/vesc_driver/lib:/home/coche/coche_ws/install/vesc_ackermann/lib:/home/coche/coche_ws/install/teleop_tools_msgs/lib:/opt/ros/foxy/opt/yaml_cpp_vendor/lib:/opt/ros/foxy/opt/rviz_ogre_vendor/lib:/opt/ros/foxy/lib/aarch64-linux-gnu:/opt/ros/foxy/lib PYTHONPATH=/home/coche/coche_ws/install/vesc_msgs/lib/python3.8/site-packages:/home/coche/coche_ws/install/f1tenth_stack/lib/python3.8/site-packages:/home/coche/coche_ws/install/joy_teleop/lib/python3.8/site-packages:/home/coche/coche_ws/install/teleop_tools_msgs/lib/python3.8/site-packages:/home/coche/coche_ws/install/mouse_teleop/lib/python3.8/site-packages:/home/coche/coche_ws/install/key_teleop/lib/python3.8/site-packages:/opt/ros/foxy/lib/python3.8/site-packages /usr/bin/cmake --install /home/coche/coche_ws/build/vesc_driver
[9.216s] Level 1:colcon.colcon_core.environment:checking '/home/coche/coche_ws/install/vesc_driver' for CMake config files
[9.219s] Level 1:colcon.colcon_core.shell:create_environment_hook('vesc_driver', 'cmake_prefix_path')
[9.221s] INFO:colcon.colcon_core.shell:Creating environment hook '/home/coche/coche_ws/install/vesc_driver/share/vesc_driver/hook/cmake_prefix_path.ps1'
[9.224s] INFO:colcon.colcon_core.shell:Creating environment descriptor '/home/coche/coche_ws/install/vesc_driver/share/vesc_driver/hook/cmake_prefix_path.dsv'
[9.226s] INFO:colcon.colcon_core.shell:Creating environment hook '/home/coche/coche_ws/install/vesc_driver/share/vesc_driver/hook/cmake_prefix_path.sh'
[9.232s] Level 1:colcon.colcon_core.environment:checking '/home/coche/coche_ws/install/vesc_driver/lib'
[9.233s] Level 1:colcon.colcon_core.shell:create_environment_hook('vesc_driver', 'ld_library_path_lib')
[9.235s] INFO:colcon.colcon_core.shell:Creating environment hook '/home/coche/coche_ws/install/vesc_driver/share/vesc_driver/hook/ld_library_path_lib.ps1'
[9.237s] INFO:colcon.colcon_core.shell:Creating environment descriptor '/home/coche/coche_ws/install/vesc_driver/share/vesc_driver/hook/ld_library_path_lib.dsv'
[9.241s] INFO:colcon.colcon_core.shell:Creating environment hook '/home/coche/coche_ws/install/vesc_driver/share/vesc_driver/hook/ld_library_path_lib.sh'
[9.245s] Level 1:colcon.colcon_core.environment:checking '/home/coche/coche_ws/install/vesc_driver/bin'
[9.245s] Level 1:colcon.colcon_core.environment:checking '/home/coche/coche_ws/install/vesc_driver/lib/pkgconfig/vesc_driver.pc'
[9.247s] Level 1:colcon.colcon_core.environment:checking '/home/coche/coche_ws/install/vesc_driver/lib/python3.8/site-packages'
[9.248s] Level 1:colcon.colcon_core.environment:checking '/home/coche/coche_ws/install/vesc_driver/bin'
[9.251s] INFO:colcon.colcon_core.shell:Creating package script '/home/coche/coche_ws/install/vesc_driver/share/vesc_driver/package.ps1'
[9.255s] INFO:colcon.colcon_core.shell:Creating package descriptor '/home/coche/coche_ws/install/vesc_driver/share/vesc_driver/package.dsv'
[9.257s] INFO:colcon.colcon_core.shell:Creating package script '/home/coche/coche_ws/install/vesc_driver/share/vesc_driver/package.sh'
[9.259s] INFO:colcon.colcon_core.shell:Creating package script '/home/coche/coche_ws/install/vesc_driver/share/vesc_driver/package.bash'
[9.261s] INFO:colcon.colcon_core.shell:Creating package script '/home/coche/coche_ws/install/vesc_driver/share/vesc_driver/package.zsh'
[9.263s] Level 1:colcon.colcon_core.environment:create_file_with_runtime_dependencies(/home/coche/coche_ws/install/vesc_driver/share/colcon-core/packages/vesc_driver)
[9.289s] Level 1:colcon.colcon_core.environment:create_environment_scripts_only(vesc_ackermann)
[9.291s] Level 1:colcon.colcon_core.environment:checking '/home/coche/coche_ws/install/vesc_ackermann' for CMake module files
[9.294s] Level 1:colcon.colcon_core.environment:checking '/home/coche/coche_ws/install/vesc_ackermann' for CMake config files
[9.296s] Level 1:colcon.colcon_core.shell:create_environment_hook('vesc_ackermann', 'cmake_prefix_path')
[9.297s] INFO:colcon.colcon_core.shell:Creating environment hook '/home/coche/coche_ws/install/vesc_ackermann/share/vesc_ackermann/hook/cmake_prefix_path.ps1'
[9.303s] INFO:colcon.colcon_core.shell:Creating environment descriptor '/home/coche/coche_ws/install/vesc_ackermann/share/vesc_ackermann/hook/cmake_prefix_path.dsv'
[9.305s] INFO:colcon.colcon_core.shell:Creating environment hook '/home/coche/coche_ws/install/vesc_ackermann/share/vesc_ackermann/hook/cmake_prefix_path.sh'
[9.309s] Level 1:colcon.colcon_core.environment:checking '/home/coche/coche_ws/install/vesc_ackermann/lib'
[9.309s] Level 1:colcon.colcon_core.shell:create_environment_hook('vesc_ackermann', 'ld_library_path_lib')
[9.310s] INFO:colcon.colcon_core.shell:Creating environment hook '/home/coche/coche_ws/install/vesc_ackermann/share/vesc_ackermann/hook/ld_library_path_lib.ps1'
[9.314s] INFO:colcon.colcon_core.shell:Creating environment descriptor '/home/coche/coche_ws/install/vesc_ackermann/share/vesc_ackermann/hook/ld_library_path_lib.dsv'
[9.316s] INFO:colcon.colcon_core.shell:Creating environment hook '/home/coche/coche_ws/install/vesc_ackermann/share/vesc_ackermann/hook/ld_library_path_lib.sh'
[9.319s] Level 1:colcon.colcon_core.environment:checking '/home/coche/coche_ws/install/vesc_ackermann/bin'
[9.319s] Level 1:colcon.colcon_core.environment:checking '/home/coche/coche_ws/install/vesc_ackermann/lib/pkgconfig/vesc_ackermann.pc'
[9.321s] Level 1:colcon.colcon_core.environment:checking '/home/coche/coche_ws/install/vesc_ackermann/lib/python3.8/site-packages'
[9.321s] Level 1:colcon.colcon_core.environment:checking '/home/coche/coche_ws/install/vesc_ackermann/bin'
[9.323s] INFO:colcon.colcon_core.shell:Creating package script '/home/coche/coche_ws/install/vesc_ackermann/share/vesc_ackermann/package.ps1'
[9.326s] INFO:colcon.colcon_core.shell:Creating package descriptor '/home/coche/coche_ws/install/vesc_ackermann/share/vesc_ackermann/package.dsv'
[9.328s] INFO:colcon.colcon_core.shell:Creating package script '/home/coche/coche_ws/install/vesc_ackermann/share/vesc_ackermann/package.sh'
[9.334s] INFO:colcon.colcon_core.shell:Creating package script '/home/coche/coche_ws/install/vesc_ackermann/share/vesc_ackermann/package.bash'
[9.337s] INFO:colcon.colcon_core.shell:Creating package script '/home/coche/coche_ws/install/vesc_ackermann/share/vesc_ackermann/package.zsh'
[9.341s] Level 1:colcon.colcon_core.environment:create_file_with_runtime_dependencies(/home/coche/coche_ws/install/vesc_ackermann/share/colcon-core/packages/vesc_ackermann)
[9.441s] Level 1:colcon.colcon_core.environment:checking '/home/coche/coche_ws/install/mouse_teleop' for CMake module files
[9.444s] DEBUG:colcon.colcon_core.event_handler.log_command:Invoked command in '/home/coche/coche_ws/src/f1tenth_system/teleop_tools/mouse_teleop' returned '0': PYTHONPATH=/home/coche/coche_ws/build/mouse_teleop/prefix_override:/usr/lib/python3/dist-packages/colcon_core/task/python/colcon_distutils_commands:/home/coche/coche_ws/install/mouse_teleop/lib/python3.8/site-packages:${PYTHONPATH} /usr/bin/python3 -W ignore:setup.py install is deprecated setup.py egg_info --egg-base ../../../../build/mouse_teleop build --build-base /home/coche/coche_ws/build/mouse_teleop/build install --record /home/coche/coche_ws/build/mouse_teleop/install.log --install-scripts $base/lib/mouse_teleop --single-version-externally-managed install_data
[9.446s] Level 1:colcon.colcon_core.environment:checking '/home/coche/coche_ws/install/mouse_teleop' for CMake config files
[9.450s] Level 1:colcon.colcon_core.environment:checking '/home/coche/coche_ws/install/mouse_teleop/lib'
[9.451s] Level 1:colcon.colcon_core.environment:checking '/home/coche/coche_ws/install/mouse_teleop/bin'
[9.452s] Level 1:colcon.colcon_core.environment:checking '/home/coche/coche_ws/install/mouse_teleop/lib/pkgconfig/mouse_teleop.pc'
[9.453s] Level 1:colcon.colcon_core.environment:checking '/home/coche/coche_ws/install/mouse_teleop/lib/python3.8/site-packages'
[9.454s] Level 1:colcon.colcon_core.shell:create_environment_hook('mouse_teleop', 'pythonpath')
[9.455s] INFO:colcon.colcon_core.shell:Creating environment hook '/home/coche/coche_ws/install/mouse_teleop/share/mouse_teleop/hook/pythonpath.ps1'
[9.458s] INFO:colcon.colcon_core.shell:Creating environment descriptor '/home/coche/coche_ws/install/mouse_teleop/share/mouse_teleop/hook/pythonpath.dsv'
[9.460s] INFO:colcon.colcon_core.shell:Creating environment hook '/home/coche/coche_ws/install/mouse_teleop/share/mouse_teleop/hook/pythonpath.sh'
[9.462s] Level 1:colcon.colcon_core.environment:checking '/home/coche/coche_ws/install/mouse_teleop/bin'
[9.463s] Level 1:colcon.colcon_core.environment:create_environment_scripts_only(mouse_teleop)
[9.465s] INFO:colcon.colcon_core.shell:Creating package script '/home/coche/coche_ws/install/mouse_teleop/share/mouse_teleop/package.ps1'
[9.467s] INFO:colcon.colcon_core.shell:Creating package descriptor '/home/coche/coche_ws/install/mouse_teleop/share/mouse_teleop/package.dsv'
[9.469s] INFO:colcon.colcon_core.shell:Creating package script '/home/coche/coche_ws/install/mouse_teleop/share/mouse_teleop/package.sh'
[9.472s] INFO:colcon.colcon_core.shell:Creating package script '/home/coche/coche_ws/install/mouse_teleop/share/mouse_teleop/package.bash'
[9.473s] INFO:colcon.colcon_core.shell:Creating package script '/home/coche/coche_ws/install/mouse_teleop/share/mouse_teleop/package.zsh'
[9.475s] Level 1:colcon.colcon_core.environment:create_file_with_runtime_dependencies(/home/coche/coche_ws/install/mouse_teleop/share/colcon-core/packages/mouse_teleop)
[9.507s] Level 1:colcon.colcon_core.environment:create_environment_scripts_only(vesc_driver)
[9.509s] Level 1:colcon.colcon_core.environment:checking '/home/coche/coche_ws/install/vesc_driver' for CMake module files
[9.512s] Level 1:colcon.colcon_core.environment:checking '/home/coche/coche_ws/install/vesc_driver' for CMake config files
[9.514s] Level 1:colcon.colcon_core.shell:create_environment_hook('vesc_driver', 'cmake_prefix_path')
[9.515s] INFO:colcon.colcon_core.shell:Creating environment hook '/home/coche/coche_ws/install/vesc_driver/share/vesc_driver/hook/cmake_prefix_path.ps1'
[9.521s] INFO:colcon.colcon_core.shell:Creating environment descriptor '/home/coche/coche_ws/install/vesc_driver/share/vesc_driver/hook/cmake_prefix_path.dsv'
[9.523s] INFO:colcon.colcon_core.shell:Creating environment hook '/home/coche/coche_ws/install/vesc_driver/share/vesc_driver/hook/cmake_prefix_path.sh'
[9.526s] Level 1:colcon.colcon_core.environment:checking '/home/coche/coche_ws/install/vesc_driver/lib'
[9.526s] Level 1:colcon.colcon_core.shell:create_environment_hook('vesc_driver', 'ld_library_path_lib')
[9.528s] INFO:colcon.colcon_core.shell:Creating environment hook '/home/coche/coche_ws/install/vesc_driver/share/vesc_driver/hook/ld_library_path_lib.ps1'
[9.530s] INFO:colcon.colcon_core.shell:Creating environment descriptor '/home/coche/coche_ws/install/vesc_driver/share/vesc_driver/hook/ld_library_path_lib.dsv'
[9.531s] INFO:colcon.colcon_core.shell:Creating environment hook '/home/coche/coche_ws/install/vesc_driver/share/vesc_driver/hook/ld_library_path_lib.sh'
[9.534s] Level 1:colcon.colcon_core.environment:checking '/home/coche/coche_ws/install/vesc_driver/bin'
[9.534s] Level 1:colcon.colcon_core.environment:checking '/home/coche/coche_ws/install/vesc_driver/lib/pkgconfig/vesc_driver.pc'
[9.535s] Level 1:colcon.colcon_core.environment:checking '/home/coche/coche_ws/install/vesc_driver/lib/python3.8/site-packages'
[9.535s] Level 1:colcon.colcon_core.environment:checking '/home/coche/coche_ws/install/vesc_driver/bin'
[9.537s] INFO:colcon.colcon_core.shell:Creating package script '/home/coche/coche_ws/install/vesc_driver/share/vesc_driver/package.ps1'
[9.539s] INFO:colcon.colcon_core.shell:Creating package descriptor '/home/coche/coche_ws/install/vesc_driver/share/vesc_driver/package.dsv'
[9.541s] INFO:colcon.colcon_core.shell:Creating package script '/home/coche/coche_ws/install/vesc_driver/share/vesc_driver/package.sh'
[9.543s] INFO:colcon.colcon_core.shell:Creating package script '/home/coche/coche_ws/install/vesc_driver/share/vesc_driver/package.bash'
[9.545s] INFO:colcon.colcon_core.shell:Creating package script '/home/coche/coche_ws/install/vesc_driver/share/vesc_driver/package.zsh'
[9.546s] Level 1:colcon.colcon_core.environment:create_file_with_runtime_dependencies(/home/coche/coche_ws/install/vesc_driver/share/colcon-core/packages/vesc_driver)
[9.548s] INFO:colcon.colcon_ros.task.ament_cmake.build:Building ROS package in '/home/coche/coche_ws/src/f1tenth_system/vesc/vesc' with build type 'ament_cmake'
[9.549s] INFO:colcon.colcon_cmake.task.cmake.build:Building CMake package in '/home/coche/coche_ws/src/f1tenth_system/vesc/vesc'
[9.550s] INFO:colcon.colcon_core.shell:Skip shell extension 'powershell' for command environment: Not usable outside of PowerShell
[9.551s] DEBUG:colcon.colcon_core.shell:Skip shell extension 'dsv' for command environment
[9.669s] DEBUG:colcon.colcon_core.event_handler.log_command:Invoking command in '/home/coche/coche_ws/build/vesc': CMAKE_PREFIX_PATH=/home/coche/coche_ws/install/vesc_driver:/home/coche/coche_ws/install/vesc_ackermann:/home/coche/coche_ws/install/vesc_msgs:/home/coche/coche_ws/install/vesc:/home/coche/coche_ws/install/teleop_tools:/home/coche/coche_ws/install/teleop_tools_msgs:/home/coche/coche_ws/install/ackermann_mux:/home/coche/coche_ws/install/f1tenth_stack:/home/coche/coche_ws/install/joy_teleop:/home/coche/coche_ws/install/mouse_teleop:/home/coche/coche_ws/install/key_teleop:/opt/ros/foxy PYTHONPATH=/home/coche/coche_ws/install/vesc_msgs/lib/python3.8/site-packages:/home/coche/coche_ws/install/f1tenth_stack/lib/python3.8/site-packages:/home/coche/coche_ws/install/joy_teleop/lib/python3.8/site-packages:/home/coche/coche_ws/install/teleop_tools_msgs/lib/python3.8/site-packages:/home/coche/coche_ws/install/mouse_teleop/lib/python3.8/site-packages:/home/coche/coche_ws/install/key_teleop/lib/python3.8/site-packages:/opt/ros/foxy/lib/python3.8/site-packages /usr/bin/cmake --build /home/coche/coche_ws/build/vesc -- -j4 -l4
[9.765s] DEBUG:colcon.colcon_core.event_handler.log_command:Invoking command in '/home/coche/coche_ws/src/f1tenth_system/teleop_tools/joy_teleop': CMAKE_PREFIX_PATH=/home/coche/coche_ws/install/teleop_tools_msgs:/home/coche/coche_ws/install/vesc:/home/coche/coche_ws/install/vesc_driver:/home/coche/coche_ws/install/vesc_ackermann:/home/coche/coche_ws/install/vesc_msgs:/home/coche/coche_ws/install/teleop_tools:/home/coche/coche_ws/install/ackermann_mux LD_LIBRARY_PATH=/home/coche/coche_ws/install/teleop_tools_msgs/lib:/home/coche/coche_ws/install/vesc_driver/lib:/home/coche/coche_ws/install/vesc_ackermann/lib:/home/coche/coche_ws/install/vesc_msgs/lib:/opt/ros/foxy/opt/yaml_cpp_vendor/lib:/opt/ros/foxy/opt/rviz_ogre_vendor/lib:/opt/ros/foxy/lib/aarch64-linux-gnu:/opt/ros/foxy/lib PYTHONPATH=/home/coche/coche_ws/build/joy_teleop/prefix_override:/usr/lib/python3/dist-packages/colcon_core/task/python/colcon_distutils_commands:/home/coche/coche_ws/install/joy_teleop/lib/python3.8/site-packages:/home/coche/coche_ws/install/teleop_tools_msgs/lib/python3.8/site-packages:/home/coche/coche_ws/install/f1tenth_stack/lib/python3.8/site-packages:/home/coche/coche_ws/install/vesc_msgs/lib/python3.8/site-packages:/home/coche/coche_ws/install/joy_teleop/lib/python3.8/site-packages:/home/coche/coche_ws/install/mouse_teleop/lib/python3.8/site-packages:/home/coche/coche_ws/install/key_teleop/lib/python3.8/site-packages:/opt/ros/foxy/lib/python3.8/site-packages /usr/bin/python3 -W ignore:setup.py install is deprecated setup.py egg_info --egg-base ../../../../build/joy_teleop build --build-base /home/coche/coche_ws/build/joy_teleop/build install --record /home/coche/coche_ws/build/joy_teleop/install.log --install-scripts $base/lib/joy_teleop --single-version-externally-managed install_data
[9.861s] DEBUG:colcon.colcon_core.event_handler.log_command:Invoked command in '/home/coche/coche_ws/build/vesc' returned '0': CMAKE_PREFIX_PATH=/home/coche/coche_ws/install/vesc_driver:/home/coche/coche_ws/install/vesc_ackermann:/home/coche/coche_ws/install/vesc_msgs:/home/coche/coche_ws/install/vesc:/home/coche/coche_ws/install/teleop_tools:/home/coche/coche_ws/install/teleop_tools_msgs:/home/coche/coche_ws/install/ackermann_mux:/home/coche/coche_ws/install/f1tenth_stack:/home/coche/coche_ws/install/joy_teleop:/home/coche/coche_ws/install/mouse_teleop:/home/coche/coche_ws/install/key_teleop:/opt/ros/foxy PYTHONPATH=/home/coche/coche_ws/install/vesc_msgs/lib/python3.8/site-packages:/home/coche/coche_ws/install/f1tenth_stack/lib/python3.8/site-packages:/home/coche/coche_ws/install/joy_teleop/lib/python3.8/site-packages:/home/coche/coche_ws/install/teleop_tools_msgs/lib/python3.8/site-packages:/home/coche/coche_ws/install/mouse_teleop/lib/python3.8/site-packages:/home/coche/coche_ws/install/key_teleop/lib/python3.8/site-packages:/opt/ros/foxy/lib/python3.8/site-packages /usr/bin/cmake --build /home/coche/coche_ws/build/vesc -- -j4 -l4
[9.967s] DEBUG:colcon.colcon_core.event_handler.log_command:Invoking command in '/home/coche/coche_ws/build/vesc': CMAKE_PREFIX_PATH=/home/coche/coche_ws/install/vesc_driver:/home/coche/coche_ws/install/vesc_ackermann:/home/coche/coche_ws/install/vesc_msgs:/home/coche/coche_ws/install/vesc:/home/coche/coche_ws/install/teleop_tools:/home/coche/coche_ws/install/teleop_tools_msgs:/home/coche/coche_ws/install/ackermann_mux:/home/coche/coche_ws/install/f1tenth_stack:/home/coche/coche_ws/install/joy_teleop:/home/coche/coche_ws/install/mouse_teleop:/home/coche/coche_ws/install/key_teleop:/opt/ros/foxy PYTHONPATH=/home/coche/coche_ws/install/vesc_msgs/lib/python3.8/site-packages:/home/coche/coche_ws/install/f1tenth_stack/lib/python3.8/site-packages:/home/coche/coche_ws/install/joy_teleop/lib/python3.8/site-packages:/home/coche/coche_ws/install/teleop_tools_msgs/lib/python3.8/site-packages:/home/coche/coche_ws/install/mouse_teleop/lib/python3.8/site-packages:/home/coche/coche_ws/install/key_teleop/lib/python3.8/site-packages:/opt/ros/foxy/lib/python3.8/site-packages /usr/bin/cmake --install /home/coche/coche_ws/build/vesc
[10.016s] Level 1:colcon.colcon_core.environment:create_environment_scripts_only(vesc)
[10.019s] Level 1:colcon.colcon_core.environment:checking '/home/coche/coche_ws/install/vesc' for CMake module files
[10.021s] DEBUG:colcon.colcon_core.event_handler.log_command:Invoked command in '/home/coche/coche_ws/build/vesc' returned '0': CMAKE_PREFIX_PATH=/home/coche/coche_ws/install/vesc_driver:/home/coche/coche_ws/install/vesc_ackermann:/home/coche/coche_ws/install/vesc_msgs:/home/coche/coche_ws/install/vesc:/home/coche/coche_ws/install/teleop_tools:/home/coche/coche_ws/install/teleop_tools_msgs:/home/coche/coche_ws/install/ackermann_mux:/home/coche/coche_ws/install/f1tenth_stack:/home/coche/coche_ws/install/joy_teleop:/home/coche/coche_ws/install/mouse_teleop:/home/coche/coche_ws/install/key_teleop:/opt/ros/foxy PYTHONPATH=/home/coche/coche_ws/install/vesc_msgs/lib/python3.8/site-packages:/home/coche/coche_ws/install/f1tenth_stack/lib/python3.8/site-packages:/home/coche/coche_ws/install/joy_teleop/lib/python3.8/site-packages:/home/coche/coche_ws/install/teleop_tools_msgs/lib/python3.8/site-packages:/home/coche/coche_ws/install/mouse_teleop/lib/python3.8/site-packages:/home/coche/coche_ws/install/key_teleop/lib/python3.8/site-packages:/opt/ros/foxy/lib/python3.8/site-packages /usr/bin/cmake --install /home/coche/coche_ws/build/vesc
[10.023s] Level 1:colcon.colcon_core.environment:checking '/home/coche/coche_ws/install/vesc' for CMake config files
[10.025s] Level 1:colcon.colcon_core.shell:create_environment_hook('vesc', 'cmake_prefix_path')
[10.026s] INFO:colcon.colcon_core.shell:Creating environment hook '/home/coche/coche_ws/install/vesc/share/vesc/hook/cmake_prefix_path.ps1'
[10.030s] INFO:colcon.colcon_core.shell:Creating environment descriptor '/home/coche/coche_ws/install/vesc/share/vesc/hook/cmake_prefix_path.dsv'
[10.032s] INFO:colcon.colcon_core.shell:Creating environment hook '/home/coche/coche_ws/install/vesc/share/vesc/hook/cmake_prefix_path.sh'
[10.035s] Level 1:colcon.colcon_core.environment:checking '/home/coche/coche_ws/install/vesc/bin'
[10.036s] Level 1:colcon.colcon_core.environment:checking '/home/coche/coche_ws/install/vesc/lib/pkgconfig/vesc.pc'
[10.037s] Level 1:colcon.colcon_core.environment:checking '/home/coche/coche_ws/install/vesc/lib/python3.8/site-packages'
[10.037s] Level 1:colcon.colcon_core.environment:checking '/home/coche/coche_ws/install/vesc/bin'
[10.039s] INFO:colcon.colcon_core.shell:Creating package script '/home/coche/coche_ws/install/vesc/share/vesc/package.ps1'
[10.041s] INFO:colcon.colcon_core.shell:Creating package descriptor '/home/coche/coche_ws/install/vesc/share/vesc/package.dsv'
[10.042s] INFO:colcon.colcon_core.shell:Creating package script '/home/coche/coche_ws/install/vesc/share/vesc/package.sh'
[10.044s] INFO:colcon.colcon_core.shell:Creating package script '/home/coche/coche_ws/install/vesc/share/vesc/package.bash'
[10.046s] INFO:colcon.colcon_core.shell:Creating package script '/home/coche/coche_ws/install/vesc/share/vesc/package.zsh'
[10.049s] Level 1:colcon.colcon_core.environment:create_file_with_runtime_dependencies(/home/coche/coche_ws/install/vesc/share/colcon-core/packages/vesc)
[10.156s] Level 1:colcon.colcon_core.environment:create_environment_scripts_only(vesc)
[10.159s] Level 1:colcon.colcon_core.environment:checking '/home/coche/coche_ws/install/vesc' for CMake module files
[10.161s] Level 1:colcon.colcon_core.environment:checking '/home/coche/coche_ws/install/vesc' for CMake config files
[10.163s] Level 1:colcon.colcon_core.shell:create_environment_hook('vesc', 'cmake_prefix_path')
[10.164s] INFO:colcon.colcon_core.shell:Creating environment hook '/home/coche/coche_ws/install/vesc/share/vesc/hook/cmake_prefix_path.ps1'
[10.168s] INFO:colcon.colcon_core.shell:Creating environment descriptor '/home/coche/coche_ws/install/vesc/share/vesc/hook/cmake_prefix_path.dsv'
[10.169s] INFO:colcon.colcon_core.shell:Creating environment hook '/home/coche/coche_ws/install/vesc/share/vesc/hook/cmake_prefix_path.sh'
[10.172s] Level 1:colcon.colcon_core.environment:checking '/home/coche/coche_ws/install/vesc/bin'
[10.172s] Level 1:colcon.colcon_core.environment:checking '/home/coche/coche_ws/install/vesc/lib/pkgconfig/vesc.pc'
[10.174s] Level 1:colcon.colcon_core.environment:checking '/home/coche/coche_ws/install/vesc/lib/python3.8/site-packages'
[10.174s] Level 1:colcon.colcon_core.environment:checking '/home/coche/coche_ws/install/vesc/bin'
[10.176s] INFO:colcon.colcon_core.shell:Creating package script '/home/coche/coche_ws/install/vesc/share/vesc/package.ps1'
[10.178s] INFO:colcon.colcon_core.shell:Creating package descriptor '/home/coche/coche_ws/install/vesc/share/vesc/package.dsv'
[10.180s] INFO:colcon.colcon_core.shell:Creating package script '/home/coche/coche_ws/install/vesc/share/vesc/package.sh'
[10.182s] INFO:colcon.colcon_core.shell:Creating package script '/home/coche/coche_ws/install/vesc/share/vesc/package.bash'
[10.183s] INFO:colcon.colcon_core.shell:Creating package script '/home/coche/coche_ws/install/vesc/share/vesc/package.zsh'
[10.185s] Level 1:colcon.colcon_core.environment:create_file_with_runtime_dependencies(/home/coche/coche_ws/install/vesc/share/colcon-core/packages/vesc)
[10.963s] Level 1:colcon.colcon_core.environment:checking '/home/coche/coche_ws/install/joy_teleop' for CMake module files
[10.967s] DEBUG:colcon.colcon_core.event_handler.log_command:Invoked command in '/home/coche/coche_ws/src/f1tenth_system/teleop_tools/joy_teleop' returned '0': CMAKE_PREFIX_PATH=/home/coche/coche_ws/install/teleop_tools_msgs:/home/coche/coche_ws/install/vesc:/home/coche/coche_ws/install/vesc_driver:/home/coche/coche_ws/install/vesc_ackermann:/home/coche/coche_ws/install/vesc_msgs:/home/coche/coche_ws/install/teleop_tools:/home/coche/coche_ws/install/ackermann_mux LD_LIBRARY_PATH=/home/coche/coche_ws/install/teleop_tools_msgs/lib:/home/coche/coche_ws/install/vesc_driver/lib:/home/coche/coche_ws/install/vesc_ackermann/lib:/home/coche/coche_ws/install/vesc_msgs/lib:/opt/ros/foxy/opt/yaml_cpp_vendor/lib:/opt/ros/foxy/opt/rviz_ogre_vendor/lib:/opt/ros/foxy/lib/aarch64-linux-gnu:/opt/ros/foxy/lib PYTHONPATH=/home/coche/coche_ws/build/joy_teleop/prefix_override:/usr/lib/python3/dist-packages/colcon_core/task/python/colcon_distutils_commands:/home/coche/coche_ws/install/joy_teleop/lib/python3.8/site-packages:/home/coche/coche_ws/install/teleop_tools_msgs/lib/python3.8/site-packages:/home/coche/coche_ws/install/f1tenth_stack/lib/python3.8/site-packages:/home/coche/coche_ws/install/vesc_msgs/lib/python3.8/site-packages:/home/coche/coche_ws/install/joy_teleop/lib/python3.8/site-packages:/home/coche/coche_ws/install/mouse_teleop/lib/python3.8/site-packages:/home/coche/coche_ws/install/key_teleop/lib/python3.8/site-packages:/opt/ros/foxy/lib/python3.8/site-packages /usr/bin/python3 -W ignore:setup.py install is deprecated setup.py egg_info --egg-base ../../../../build/joy_teleop build --build-base /home/coche/coche_ws/build/joy_teleop/build install --record /home/coche/coche_ws/build/joy_teleop/install.log --install-scripts $base/lib/joy_teleop --single-version-externally-managed install_data
[10.969s] Level 1:colcon.colcon_core.environment:checking '/home/coche/coche_ws/install/joy_teleop' for CMake config files
[10.973s] Level 1:colcon.colcon_core.environment:checking '/home/coche/coche_ws/install/joy_teleop/lib'
[10.974s] Level 1:colcon.colcon_core.environment:checking '/home/coche/coche_ws/install/joy_teleop/bin'
[10.974s] Level 1:colcon.colcon_core.environment:checking '/home/coche/coche_ws/install/joy_teleop/lib/pkgconfig/joy_teleop.pc'
[10.975s] Level 1:colcon.colcon_core.environment:checking '/home/coche/coche_ws/install/joy_teleop/lib/python3.8/site-packages'
[10.976s] Level 1:colcon.colcon_core.shell:create_environment_hook('joy_teleop', 'pythonpath')
[10.977s] INFO:colcon.colcon_core.shell:Creating environment hook '/home/coche/coche_ws/install/joy_teleop/share/joy_teleop/hook/pythonpath.ps1'
[10.979s] INFO:colcon.colcon_core.shell:Creating environment descriptor '/home/coche/coche_ws/install/joy_teleop/share/joy_teleop/hook/pythonpath.dsv'
[10.981s] INFO:colcon.colcon_core.shell:Creating environment hook '/home/coche/coche_ws/install/joy_teleop/share/joy_teleop/hook/pythonpath.sh'
[10.982s] Level 1:colcon.colcon_core.environment:checking '/home/coche/coche_ws/install/joy_teleop/bin'
[10.983s] Level 1:colcon.colcon_core.environment:create_environment_scripts_only(joy_teleop)
[10.985s] INFO:colcon.colcon_core.shell:Creating package script '/home/coche/coche_ws/install/joy_teleop/share/joy_teleop/package.ps1'
[10.987s] INFO:colcon.colcon_core.shell:Creating package descriptor '/home/coche/coche_ws/install/joy_teleop/share/joy_teleop/package.dsv'
[10.990s] INFO:colcon.colcon_core.shell:Creating package script '/home/coche/coche_ws/install/joy_teleop/share/joy_teleop/package.sh'
[10.992s] INFO:colcon.colcon_core.shell:Creating package script '/home/coche/coche_ws/install/joy_teleop/share/joy_teleop/package.bash'
[10.994s] INFO:colcon.colcon_core.shell:Creating package script '/home/coche/coche_ws/install/joy_teleop/share/joy_teleop/package.zsh'
[10.995s] Level 1:colcon.colcon_core.environment:create_file_with_runtime_dependencies(/home/coche/coche_ws/install/joy_teleop/share/colcon-core/packages/joy_teleop)
[10.998s] INFO:colcon.colcon_ros.task.ament_cmake.build:Building ROS package in '/home/coche/coche_ws/src/f1tenth_system/teleop_tools/teleop_tools' with build type 'ament_cmake'
[10.999s] INFO:colcon.colcon_cmake.task.cmake.build:Building CMake package in '/home/coche/coche_ws/src/f1tenth_system/teleop_tools/teleop_tools'
[11.001s] INFO:colcon.colcon_core.shell:Skip shell extension 'powershell' for command environment: Not usable outside of PowerShell
[11.001s] DEBUG:colcon.colcon_core.shell:Skip shell extension 'dsv' for command environment
[11.035s] INFO:colcon.colcon_ros.task.ament_python.build:Building ROS package in '/home/coche/coche_ws/src/f1tenth_system/f1tenth_stack' with build type 'ament_python'
[11.039s] Level 1:colcon.colcon_core.shell:create_environment_hook('f1tenth_stack', 'ament_prefix_path')
[11.042s] INFO:colcon.colcon_core.shell:Creating environment hook '/home/coche/coche_ws/install/f1tenth_stack/share/f1tenth_stack/hook/ament_prefix_path.ps1'
[11.047s] INFO:colcon.colcon_core.shell:Creating environment descriptor '/home/coche/coche_ws/install/f1tenth_stack/share/f1tenth_stack/hook/ament_prefix_path.dsv'
[11.049s] INFO:colcon.colcon_core.shell:Creating environment hook '/home/coche/coche_ws/install/f1tenth_stack/share/f1tenth_stack/hook/ament_prefix_path.sh'
[11.053s] INFO:colcon.colcon_core.shell:Skip shell extension 'powershell' for command environment: Not usable outside of PowerShell
[11.053s] DEBUG:colcon.colcon_core.shell:Skip shell extension 'dsv' for command environment
[11.115s] DEBUG:colcon.colcon_core.event_handler.log_command:Invoking command in '/home/coche/coche_ws/build/teleop_tools': AMENT_PREFIX_PATH=/home/coche/coche_ws/install/joy_teleop:/home/coche/coche_ws/install/key_teleop:/home/coche/coche_ws/install/f1tenth_stack:/home/coche/coche_ws/install/vesc:/home/coche/coche_ws/install/vesc_driver:/home/coche/coche_ws/install/vesc_ackermann:/home/coche/coche_ws/install/vesc_msgs:/home/coche/coche_ws/install/teleop_tools:/home/coche/coche_ws/install/teleop_tools_msgs:/home/coche/coche_ws/install/mouse_teleop:/home/coche/coche_ws/install/ackermann_mux:/opt/ros/foxy CMAKE_PREFIX_PATH=/home/coche/coche_ws/install/teleop_tools_msgs:/home/coche/coche_ws/install/vesc:/home/coche/coche_ws/install/vesc_driver:/home/coche/coche_ws/install/vesc_ackermann:/home/coche/coche_ws/install/vesc_msgs:/home/coche/coche_ws/install/teleop_tools:/home/coche/coche_ws/install/ackermann_mux:/home/coche/coche_ws/install/f1tenth_stack:/home/coche/coche_ws/install/joy_teleop:/home/coche/coche_ws/install/mouse_teleop:/home/coche/coche_ws/install/key_teleop:/opt/ros/foxy LD_LIBRARY_PATH=/home/coche/coche_ws/install/teleop_tools_msgs/lib:/home/coche/coche_ws/install/vesc_driver/lib:/home/coche/coche_ws/install/vesc_ackermann/lib:/home/coche/coche_ws/install/vesc_msgs/lib:/opt/ros/foxy/opt/yaml_cpp_vendor/lib:/opt/ros/foxy/opt/rviz_ogre_vendor/lib:/opt/ros/foxy/lib/aarch64-linux-gnu:/opt/ros/foxy/lib PYTHONPATH=/home/coche/coche_ws/install/joy_teleop/lib/python3.8/site-packages:/home/coche/coche_ws/install/teleop_tools_msgs/lib/python3.8/site-packages:/home/coche/coche_ws/install/key_teleop/lib/python3.8/site-packages:/home/coche/coche_ws/install/f1tenth_stack/lib/python3.8/site-packages:/home/coche/coche_ws/install/vesc_msgs/lib/python3.8/site-packages:/home/coche/coche_ws/install/mouse_teleop/lib/python3.8/site-packages:/opt/ros/foxy/lib/python3.8/site-packages /usr/bin/cmake --build /home/coche/coche_ws/build/teleop_tools -- -j4 -l4
[12.114s] INFO:colcon.colcon_core.task.python.build:Building Python package in '/home/coche/coche_ws/src/f1tenth_system/f1tenth_stack'
[12.117s] INFO:colcon.colcon_core.shell:Skip shell extension 'powershell' for command environment: Not usable outside of PowerShell
[12.118s] DEBUG:colcon.colcon_core.shell:Skip shell extension 'dsv' for command environment
[12.159s] DEBUG:colcon.colcon_core.event_handler.log_command:Invoked command in '/home/coche/coche_ws/build/teleop_tools' returned '0': AMENT_PREFIX_PATH=/home/coche/coche_ws/install/joy_teleop:/home/coche/coche_ws/install/key_teleop:/home/coche/coche_ws/install/f1tenth_stack:/home/coche/coche_ws/install/vesc:/home/coche/coche_ws/install/vesc_driver:/home/coche/coche_ws/install/vesc_ackermann:/home/coche/coche_ws/install/vesc_msgs:/home/coche/coche_ws/install/teleop_tools:/home/coche/coche_ws/install/teleop_tools_msgs:/home/coche/coche_ws/install/mouse_teleop:/home/coche/coche_ws/install/ackermann_mux:/opt/ros/foxy CMAKE_PREFIX_PATH=/home/coche/coche_ws/install/teleop_tools_msgs:/home/coche/coche_ws/install/vesc:/home/coche/coche_ws/install/vesc_driver:/home/coche/coche_ws/install/vesc_ackermann:/home/coche/coche_ws/install/vesc_msgs:/home/coche/coche_ws/install/teleop_tools:/home/coche/coche_ws/install/ackermann_mux:/home/coche/coche_ws/install/f1tenth_stack:/home/coche/coche_ws/install/joy_teleop:/home/coche/coche_ws/install/mouse_teleop:/home/coche/coche_ws/install/key_teleop:/opt/ros/foxy LD_LIBRARY_PATH=/home/coche/coche_ws/install/teleop_tools_msgs/lib:/home/coche/coche_ws/install/vesc_driver/lib:/home/coche/coche_ws/install/vesc_ackermann/lib:/home/coche/coche_ws/install/vesc_msgs/lib:/opt/ros/foxy/opt/yaml_cpp_vendor/lib:/opt/ros/foxy/opt/rviz_ogre_vendor/lib:/opt/ros/foxy/lib/aarch64-linux-gnu:/opt/ros/foxy/lib PYTHONPATH=/home/coche/coche_ws/install/joy_teleop/lib/python3.8/site-packages:/home/coche/coche_ws/install/teleop_tools_msgs/lib/python3.8/site-packages:/home/coche/coche_ws/install/key_teleop/lib/python3.8/site-packages:/home/coche/coche_ws/install/f1tenth_stack/lib/python3.8/site-packages:/home/coche/coche_ws/install/vesc_msgs/lib/python3.8/site-packages:/home/coche/coche_ws/install/mouse_teleop/lib/python3.8/site-packages:/opt/ros/foxy/lib/python3.8/site-packages /usr/bin/cmake --build /home/coche/coche_ws/build/teleop_tools -- -j4 -l4
[12.280s] DEBUG:colcon.colcon_core.event_handler.log_command:Invoking command in '/home/coche/coche_ws/build/teleop_tools': AMENT_PREFIX_PATH=/home/coche/coche_ws/install/joy_teleop:/home/coche/coche_ws/install/key_teleop:/home/coche/coche_ws/install/f1tenth_stack:/home/coche/coche_ws/install/vesc:/home/coche/coche_ws/install/vesc_driver:/home/coche/coche_ws/install/vesc_ackermann:/home/coche/coche_ws/install/vesc_msgs:/home/coche/coche_ws/install/teleop_tools:/home/coche/coche_ws/install/teleop_tools_msgs:/home/coche/coche_ws/install/mouse_teleop:/home/coche/coche_ws/install/ackermann_mux:/opt/ros/foxy CMAKE_PREFIX_PATH=/home/coche/coche_ws/install/teleop_tools_msgs:/home/coche/coche_ws/install/vesc:/home/coche/coche_ws/install/vesc_driver:/home/coche/coche_ws/install/vesc_ackermann:/home/coche/coche_ws/install/vesc_msgs:/home/coche/coche_ws/install/teleop_tools:/home/coche/coche_ws/install/ackermann_mux:/home/coche/coche_ws/install/f1tenth_stack:/home/coche/coche_ws/install/joy_teleop:/home/coche/coche_ws/install/mouse_teleop:/home/coche/coche_ws/install/key_teleop:/opt/ros/foxy LD_LIBRARY_PATH=/home/coche/coche_ws/install/teleop_tools_msgs/lib:/home/coche/coche_ws/install/vesc_driver/lib:/home/coche/coche_ws/install/vesc_ackermann/lib:/home/coche/coche_ws/install/vesc_msgs/lib:/opt/ros/foxy/opt/yaml_cpp_vendor/lib:/opt/ros/foxy/opt/rviz_ogre_vendor/lib:/opt/ros/foxy/lib/aarch64-linux-gnu:/opt/ros/foxy/lib PYTHONPATH=/home/coche/coche_ws/install/joy_teleop/lib/python3.8/site-packages:/home/coche/coche_ws/install/teleop_tools_msgs/lib/python3.8/site-packages:/home/coche/coche_ws/install/key_teleop/lib/python3.8/site-packages:/home/coche/coche_ws/install/f1tenth_stack/lib/python3.8/site-packages:/home/coche/coche_ws/install/vesc_msgs/lib/python3.8/site-packages:/home/coche/coche_ws/install/mouse_teleop/lib/python3.8/site-packages:/opt/ros/foxy/lib/python3.8/site-packages /usr/bin/cmake --install /home/coche/coche_ws/build/teleop_tools
[12.331s] Level 1:colcon.colcon_core.environment:create_environment_scripts_only(teleop_tools)
[12.334s] Level 1:colcon.colcon_core.environment:checking '/home/coche/coche_ws/install/teleop_tools' for CMake module files
[12.337s] DEBUG:colcon.colcon_core.event_handler.log_command:Invoked command in '/home/coche/coche_ws/build/teleop_tools' returned '0': AMENT_PREFIX_PATH=/home/coche/coche_ws/install/joy_teleop:/home/coche/coche_ws/install/key_teleop:/home/coche/coche_ws/install/f1tenth_stack:/home/coche/coche_ws/install/vesc:/home/coche/coche_ws/install/vesc_driver:/home/coche/coche_ws/install/vesc_ackermann:/home/coche/coche_ws/install/vesc_msgs:/home/coche/coche_ws/install/teleop_tools:/home/coche/coche_ws/install/teleop_tools_msgs:/home/coche/coche_ws/install/mouse_teleop:/home/coche/coche_ws/install/ackermann_mux:/opt/ros/foxy CMAKE_PREFIX_PATH=/home/coche/coche_ws/install/teleop_tools_msgs:/home/coche/coche_ws/install/vesc:/home/coche/coche_ws/install/vesc_driver:/home/coche/coche_ws/install/vesc_ackermann:/home/coche/coche_ws/install/vesc_msgs:/home/coche/coche_ws/install/teleop_tools:/home/coche/coche_ws/install/ackermann_mux:/home/coche/coche_ws/install/f1tenth_stack:/home/coche/coche_ws/install/joy_teleop:/home/coche/coche_ws/install/mouse_teleop:/home/coche/coche_ws/install/key_teleop:/opt/ros/foxy LD_LIBRARY_PATH=/home/coche/coche_ws/install/teleop_tools_msgs/lib:/home/coche/coche_ws/install/vesc_driver/lib:/home/coche/coche_ws/install/vesc_ackermann/lib:/home/coche/coche_ws/install/vesc_msgs/lib:/opt/ros/foxy/opt/yaml_cpp_vendor/lib:/opt/ros/foxy/opt/rviz_ogre_vendor/lib:/opt/ros/foxy/lib/aarch64-linux-gnu:/opt/ros/foxy/lib PYTHONPATH=/home/coche/coche_ws/install/joy_teleop/lib/python3.8/site-packages:/home/coche/coche_ws/install/teleop_tools_msgs/lib/python3.8/site-packages:/home/coche/coche_ws/install/key_teleop/lib/python3.8/site-packages:/home/coche/coche_ws/install/f1tenth_stack/lib/python3.8/site-packages:/home/coche/coche_ws/install/vesc_msgs/lib/python3.8/site-packages:/home/coche/coche_ws/install/mouse_teleop/lib/python3.8/site-packages:/opt/ros/foxy/lib/python3.8/site-packages /usr/bin/cmake --install /home/coche/coche_ws/build/teleop_tools
[12.340s] Level 1:colcon.colcon_core.environment:checking '/home/coche/coche_ws/install/teleop_tools' for CMake config files
[12.342s] Level 1:colcon.colcon_core.shell:create_environment_hook('teleop_tools', 'cmake_prefix_path')
[12.344s] INFO:colcon.colcon_core.shell:Creating environment hook '/home/coche/coche_ws/install/teleop_tools/share/teleop_tools/hook/cmake_prefix_path.ps1'
[12.347s] INFO:colcon.colcon_core.shell:Creating environment descriptor '/home/coche/coche_ws/install/teleop_tools/share/teleop_tools/hook/cmake_prefix_path.dsv'
[12.350s] INFO:colcon.colcon_core.shell:Creating environment hook '/home/coche/coche_ws/install/teleop_tools/share/teleop_tools/hook/cmake_prefix_path.sh'
[12.352s] Level 1:colcon.colcon_core.environment:checking '/home/coche/coche_ws/install/teleop_tools/bin'
[12.353s] Level 1:colcon.colcon_core.environment:checking '/home/coche/coche_ws/install/teleop_tools/lib/pkgconfig/teleop_tools.pc'
[12.354s] Level 1:colcon.colcon_core.environment:checking '/home/coche/coche_ws/install/teleop_tools/lib/python3.8/site-packages'
[12.355s] Level 1:colcon.colcon_core.environment:checking '/home/coche/coche_ws/install/teleop_tools/bin'
[12.356s] INFO:colcon.colcon_core.shell:Creating package script '/home/coche/coche_ws/install/teleop_tools/share/teleop_tools/package.ps1'
[12.358s] INFO:colcon.colcon_core.shell:Creating package descriptor '/home/coche/coche_ws/install/teleop_tools/share/teleop_tools/package.dsv'
[12.360s] INFO:colcon.colcon_core.shell:Creating package script '/home/coche/coche_ws/install/teleop_tools/share/teleop_tools/package.sh'
[12.362s] INFO:colcon.colcon_core.shell:Creating package script '/home/coche/coche_ws/install/teleop_tools/share/teleop_tools/package.bash'
[12.364s] INFO:colcon.colcon_core.shell:Creating package script '/home/coche/coche_ws/install/teleop_tools/share/teleop_tools/package.zsh'
[12.368s] Level 1:colcon.colcon_core.environment:create_file_with_runtime_dependencies(/home/coche/coche_ws/install/teleop_tools/share/colcon-core/packages/teleop_tools)
[12.471s] Level 1:colcon.colcon_core.environment:create_environment_scripts_only(teleop_tools)
[12.473s] Level 1:colcon.colcon_core.environment:checking '/home/coche/coche_ws/install/teleop_tools' for CMake module files
[12.475s] Level 1:colcon.colcon_core.environment:checking '/home/coche/coche_ws/install/teleop_tools' for CMake config files
[12.477s] Level 1:colcon.colcon_core.shell:create_environment_hook('teleop_tools', 'cmake_prefix_path')
[12.478s] INFO:colcon.colcon_core.shell:Creating environment hook '/home/coche/coche_ws/install/teleop_tools/share/teleop_tools/hook/cmake_prefix_path.ps1'
[12.482s] INFO:colcon.colcon_core.shell:Creating environment descriptor '/home/coche/coche_ws/install/teleop_tools/share/teleop_tools/hook/cmake_prefix_path.dsv'
[12.484s] INFO:colcon.colcon_core.shell:Creating environment hook '/home/coche/coche_ws/install/teleop_tools/share/teleop_tools/hook/cmake_prefix_path.sh'
[12.486s] Level 1:colcon.colcon_core.environment:checking '/home/coche/coche_ws/install/teleop_tools/bin'
[12.487s] Level 1:colcon.colcon_core.environment:checking '/home/coche/coche_ws/install/teleop_tools/lib/pkgconfig/teleop_tools.pc'
[12.488s] Level 1:colcon.colcon_core.environment:checking '/home/coche/coche_ws/install/teleop_tools/lib/python3.8/site-packages'
[12.489s] Level 1:colcon.colcon_core.environment:checking '/home/coche/coche_ws/install/teleop_tools/bin'
[12.490s] INFO:colcon.colcon_core.shell:Creating package script '/home/coche/coche_ws/install/teleop_tools/share/teleop_tools/package.ps1'
[12.492s] INFO:colcon.colcon_core.shell:Creating package descriptor '/home/coche/coche_ws/install/teleop_tools/share/teleop_tools/package.dsv'
[12.494s] INFO:colcon.colcon_core.shell:Creating package script '/home/coche/coche_ws/install/teleop_tools/share/teleop_tools/package.sh'
[12.496s] INFO:colcon.colcon_core.shell:Creating package script '/home/coche/coche_ws/install/teleop_tools/share/teleop_tools/package.bash'
[12.498s] INFO:colcon.colcon_core.shell:Creating package script '/home/coche/coche_ws/install/teleop_tools/share/teleop_tools/package.zsh'
[12.501s] Level 1:colcon.colcon_core.environment:create_file_with_runtime_dependencies(/home/coche/coche_ws/install/teleop_tools/share/colcon-core/packages/teleop_tools)
[13.758s] DEBUG:colcon.colcon_core.event_handler.log_command:Invoking command in '/home/coche/coche_ws/src/f1tenth_system/f1tenth_stack': AMENT_PREFIX_PATH=/home/coche/coche_ws/install/joy_teleop:/home/coche/coche_ws/install/f1tenth_stack:/home/coche/coche_ws/install/vesc:/home/coche/coche_ws/install/vesc_driver:/home/coche/coche_ws/install/vesc_ackermann:/home/coche/coche_ws/install/vesc_msgs:/home/coche/coche_ws/install/teleop_tools:/home/coche/coche_ws/install/teleop_tools_msgs:/home/coche/coche_ws/install/mouse_teleop:/home/coche/coche_ws/install/key_teleop:/home/coche/coche_ws/install/ackermann_mux:/opt/ros/foxy CMAKE_PREFIX_PATH=/home/coche/coche_ws/install/vesc:/home/coche/coche_ws/install/vesc_driver:/home/coche/coche_ws/install/vesc_ackermann:/home/coche/coche_ws/install/vesc_msgs:/home/coche/coche_ws/install/teleop_tools_msgs:/home/coche/coche_ws/install/ackermann_mux:/home/coche/coche_ws/install/teleop_tools PYTHONPATH=/home/coche/coche_ws/build/f1tenth_stack/prefix_override:/usr/lib/python3/dist-packages/colcon_core/task/python/colcon_distutils_commands:/home/coche/coche_ws/install/f1tenth_stack/lib/python3.8/site-packages:/home/coche/coche_ws/install/joy_teleop/lib/python3.8/site-packages:/home/coche/coche_ws/install/vesc_msgs/lib/python3.8/site-packages:/home/coche/coche_ws/install/teleop_tools_msgs/lib/python3.8/site-packages:/home/coche/coche_ws/install/f1tenth_stack/lib/python3.8/site-packages:/home/coche/coche_ws/install/mouse_teleop/lib/python3.8/site-packages:/home/coche/coche_ws/install/key_teleop/lib/python3.8/site-packages:/opt/ros/foxy/lib/python3.8/site-packages /usr/bin/python3 -W ignore:setup.py install is deprecated setup.py egg_info --egg-base ../../../build/f1tenth_stack build --build-base /home/coche/coche_ws/build/f1tenth_stack/build install --record /home/coche/coche_ws/build/f1tenth_stack/install.log --install-scripts $base/lib/f1tenth_stack --single-version-externally-managed install_data
[14.971s] Level 1:colcon.colcon_core.environment:checking '/home/coche/coche_ws/install/f1tenth_stack' for CMake module files
[14.974s] DEBUG:colcon.colcon_core.event_handler.log_command:Invoked command in '/home/coche/coche_ws/src/f1tenth_system/f1tenth_stack' returned '0': AMENT_PREFIX_PATH=/home/coche/coche_ws/install/joy_teleop:/home/coche/coche_ws/install/f1tenth_stack:/home/coche/coche_ws/install/vesc:/home/coche/coche_ws/install/vesc_driver:/home/coche/coche_ws/install/vesc_ackermann:/home/coche/coche_ws/install/vesc_msgs:/home/coche/coche_ws/install/teleop_tools:/home/coche/coche_ws/install/teleop_tools_msgs:/home/coche/coche_ws/install/mouse_teleop:/home/coche/coche_ws/install/key_teleop:/home/coche/coche_ws/install/ackermann_mux:/opt/ros/foxy CMAKE_PREFIX_PATH=/home/coche/coche_ws/install/vesc:/home/coche/coche_ws/install/vesc_driver:/home/coche/coche_ws/install/vesc_ackermann:/home/coche/coche_ws/install/vesc_msgs:/home/coche/coche_ws/install/teleop_tools_msgs:/home/coche/coche_ws/install/ackermann_mux:/home/coche/coche_ws/install/teleop_tools PYTHONPATH=/home/coche/coche_ws/build/f1tenth_stack/prefix_override:/usr/lib/python3/dist-packages/colcon_core/task/python/colcon_distutils_commands:/home/coche/coche_ws/install/f1tenth_stack/lib/python3.8/site-packages:/home/coche/coche_ws/install/joy_teleop/lib/python3.8/site-packages:/home/coche/coche_ws/install/vesc_msgs/lib/python3.8/site-packages:/home/coche/coche_ws/install/teleop_tools_msgs/lib/python3.8/site-packages:/home/coche/coche_ws/install/f1tenth_stack/lib/python3.8/site-packages:/home/coche/coche_ws/install/mouse_teleop/lib/python3.8/site-packages:/home/coche/coche_ws/install/key_teleop/lib/python3.8/site-packages:/opt/ros/foxy/lib/python3.8/site-packages /usr/bin/python3 -W ignore:setup.py install is deprecated setup.py egg_info --egg-base ../../../build/f1tenth_stack build --build-base /home/coche/coche_ws/build/f1tenth_stack/build install --record /home/coche/coche_ws/build/f1tenth_stack/install.log --install-scripts $base/lib/f1tenth_stack --single-version-externally-managed install_data
[14.978s] Level 1:colcon.colcon_core.environment:checking '/home/coche/coche_ws/install/f1tenth_stack' for CMake config files
[14.982s] Level 1:colcon.colcon_core.environment:checking '/home/coche/coche_ws/install/f1tenth_stack/lib'
[14.982s] Level 1:colcon.colcon_core.environment:checking '/home/coche/coche_ws/install/f1tenth_stack/bin'
[14.983s] Level 1:colcon.colcon_core.environment:checking '/home/coche/coche_ws/install/f1tenth_stack/lib/pkgconfig/f1tenth_stack.pc'
[14.985s] Level 1:colcon.colcon_core.environment:checking '/home/coche/coche_ws/install/f1tenth_stack/lib/python3.8/site-packages'
[14.985s] Level 1:colcon.colcon_core.shell:create_environment_hook('f1tenth_stack', 'pythonpath')
[14.987s] INFO:colcon.colcon_core.shell:Creating environment hook '/home/coche/coche_ws/install/f1tenth_stack/share/f1tenth_stack/hook/pythonpath.ps1'
[14.991s] INFO:colcon.colcon_core.shell:Creating environment descriptor '/home/coche/coche_ws/install/f1tenth_stack/share/f1tenth_stack/hook/pythonpath.dsv'
[14.993s] INFO:colcon.colcon_core.shell:Creating environment hook '/home/coche/coche_ws/install/f1tenth_stack/share/f1tenth_stack/hook/pythonpath.sh'
[14.996s] Level 1:colcon.colcon_core.environment:checking '/home/coche/coche_ws/install/f1tenth_stack/bin'
[14.996s] Level 1:colcon.colcon_core.environment:create_environment_scripts_only(f1tenth_stack)
[14.998s] INFO:colcon.colcon_core.shell:Creating package script '/home/coche/coche_ws/install/f1tenth_stack/share/f1tenth_stack/package.ps1'
[15.001s] INFO:colcon.colcon_core.shell:Creating package descriptor '/home/coche/coche_ws/install/f1tenth_stack/share/f1tenth_stack/package.dsv'
[15.003s] INFO:colcon.colcon_core.shell:Creating package script '/home/coche/coche_ws/install/f1tenth_stack/share/f1tenth_stack/package.sh'
[15.006s] INFO:colcon.colcon_core.shell:Creating package script '/home/coche/coche_ws/install/f1tenth_stack/share/f1tenth_stack/package.bash'
[15.007s] INFO:colcon.colcon_core.shell:Creating package script '/home/coche/coche_ws/install/f1tenth_stack/share/f1tenth_stack/package.zsh'
[15.009s] Level 1:colcon.colcon_core.environment:create_file_with_runtime_dependencies(/home/coche/coche_ws/install/f1tenth_stack/share/colcon-core/packages/f1tenth_stack)
[15.010s] DEBUG:colcon.colcon_parallel_executor.executor.parallel:closing loop
[15.012s] DEBUG:colcon.colcon_parallel_executor.executor.parallel:loop closed
[15.013s] DEBUG:colcon.colcon_parallel_executor.executor.parallel:run_until_complete finished with '0'
[15.013s] DEBUG:colcon.colcon_core.event_reactor:joining thread
[15.049s] INFO:colcon.colcon_core.plugin_system:Skipping extension 'colcon_notification.desktop_notification.terminal_notifier': Not used on non-Darwin systems
[15.049s] INFO:colcon.colcon_core.plugin_system:Skipping extension 'colcon_notification.desktop_notification.win32': Not used on non-Windows systems
[15.050s] INFO:colcon.colcon_notification.desktop_notification:Sending desktop notification using 'notify2'
[15.150s] DEBUG:colcon.colcon_core.event_reactor:joined thread
[15.152s] INFO:colcon.colcon_core.shell:Creating prefix script '/home/coche/coche_ws/install/local_setup.ps1'
[15.156s] INFO:colcon.colcon_core.shell:Creating prefix util module '/home/coche/coche_ws/install/_local_setup_util_ps1.py'
[15.162s] INFO:colcon.colcon_core.shell:Creating prefix chain script '/home/coche/coche_ws/install/setup.ps1'
[15.170s] INFO:colcon.colcon_core.shell:Creating prefix script '/home/coche/coche_ws/install/local_setup.sh'
[15.173s] INFO:colcon.colcon_core.shell:Creating prefix util module '/home/coche/coche_ws/install/_local_setup_util_sh.py'
[15.175s] INFO:colcon.colcon_core.shell:Creating prefix chain script '/home/coche/coche_ws/install/setup.sh'
[15.182s] INFO:colcon.colcon_core.shell:Creating prefix script '/home/coche/coche_ws/install/local_setup.bash'
[15.185s] INFO:colcon.colcon_core.shell:Creating prefix chain script '/home/coche/coche_ws/install/setup.bash'
[15.191s] INFO:colcon.colcon_core.shell:Creating prefix script '/home/coche/coche_ws/install/local_setup.zsh'
[15.194s] INFO:colcon.colcon_core.shell:Creating prefix chain script '/home/coche/coche_ws/install/setup.zsh'
