[0.746s] DEBUG:colcon:Command line arguments: ['/usr/bin/colcon', 'build']
[0.746s] DEBUG:colcon:Parsed command line arguments: Namespace(allow_overriding=[], ament_cmake_args=None, base_paths=['.'], build_base='build', catkin_cmake_args=None, catkin_skip_building_tests=False, cmake_args=None, cmake_clean_cache=False, cmake_clean_first=False, cmake_force_configure=False, cmake_target=None, cmake_target_skip_unavailable=False, continue_on_error=False, event_handlers=None, executor='parallel', ignore_user_meta=False, install_base='install', log_base=None, log_level=None, main=<bound method BuildVerb.main of <colcon_core.verb.build.BuildVerb object at 0xffffb9c56c10>>, merge_install=False, metas=['./colcon.meta'], mixin=None, mixin_files=None, mixin_verb=('build',), packages_above=None, packages_above_and_dependencies=None, packages_above_depth=None, packages_end=None, packages_ignore=None, packages_ignore_regex=None, packages_select=None, packages_select_build_failed=False, packages_select_by_dep=None, packages_select_regex=None, packages_select_test_failures=False, packages_skip=None, packages_skip_build_finished=False, packages_skip_by_dep=None, packages_skip_regex=None, packages_skip_test_passed=False, packages_skip_up_to=None, packages_start=None, packages_up_to=None, packages_up_to_regex=None, parallel_workers=4, paths=None, symlink_install=False, test_result_base=None, verb_extension=<colcon_core.verb.build.BuildVerb object at 0xffffb9c56c10>, verb_name='build', verb_parser=<colcon_mixin.mixin.mixin_argument.MixinArgumentDecorator object at 0xffffb9c661f0>)
[1.326s] Level 1:colcon.colcon_core.package_discovery:discover_packages(colcon_meta) check parameters
[1.326s] Level 1:colcon.colcon_core.package_discovery:discover_packages(recursive) check parameters
[1.326s] Level 1:colcon.colcon_core.package_discovery:discover_packages(ignore) check parameters
[1.326s] Level 1:colcon.colcon_core.package_discovery:discover_packages(path) check parameters
[1.327s] Level 1:colcon.colcon_core.package_discovery:discover_packages(colcon_meta) discover
[1.327s] Level 1:colcon.colcon_core.package_discovery:discover_packages(recursive) discover
[1.327s] INFO:colcon.colcon_core.package_discovery:Crawling recursively for packages in '/home/coche/coche_ws'
[1.327s] Level 1:colcon.colcon_core.package_identification:_identify(.) by extensions ['ignore', 'ignore_ament_install']
[1.328s] Level 1:colcon.colcon_core.package_identification:_identify(.) by extension 'ignore'
[1.328s] Level 1:colcon.colcon_core.package_identification:_identify(.) by extension 'ignore_ament_install'
[1.328s] Level 1:colcon.colcon_core.package_identification:_identify(.) by extensions ['colcon_pkg']
[1.329s] Level 1:colcon.colcon_core.package_identification:_identify(.) by extension 'colcon_pkg'
[1.329s] Level 1:colcon.colcon_core.package_identification:_identify(.) by extensions ['colcon_meta']
[1.329s] Level 1:colcon.colcon_core.package_identification:_identify(.) by extension 'colcon_meta'
[1.329s] Level 1:colcon.colcon_core.package_identification:_identify(.) by extensions ['ros']
[1.329s] Level 1:colcon.colcon_core.package_identification:_identify(.) by extension 'ros'
[1.371s] Level 1:colcon.colcon_core.package_identification:_identify(.) by extensions ['cmake', 'python']
[1.372s] Level 1:colcon.colcon_core.package_identification:_identify(.) by extension 'cmake'
[1.372s] Level 1:colcon.colcon_core.package_identification:_identify(.) by extension 'python'
[1.372s] Level 1:colcon.colcon_core.package_identification:_identify(.) by extensions ['python_setup_py']
[1.372s] Level 1:colcon.colcon_core.package_identification:_identify(.) by extension 'python_setup_py'
[1.373s] Level 1:colcon.colcon_core.package_identification:_identify(build) by extensions ['ignore', 'ignore_ament_install']
[1.373s] Level 1:colcon.colcon_core.package_identification:_identify(build) by extension 'ignore'
[1.373s] Level 1:colcon.colcon_core.package_identification:_identify(build) ignored
[1.374s] Level 1:colcon.colcon_core.package_identification:_identify(install) by extensions ['ignore', 'ignore_ament_install']
[1.374s] Level 1:colcon.colcon_core.package_identification:_identify(install) by extension 'ignore'
[1.375s] Level 1:colcon.colcon_core.package_identification:_identify(install) ignored
[1.375s] Level 1:colcon.colcon_core.package_identification:_identify(log) by extensions ['ignore', 'ignore_ament_install']
[1.375s] Level 1:colcon.colcon_core.package_identification:_identify(log) by extension 'ignore'
[1.375s] Level 1:colcon.colcon_core.package_identification:_identify(log) ignored
[1.376s] Level 1:colcon.colcon_core.package_identification:_identify(src) by extensions ['ignore', 'ignore_ament_install']
[1.376s] Level 1:colcon.colcon_core.package_identification:_identify(src) by extension 'ignore'
[1.376s] Level 1:colcon.colcon_core.package_identification:_identify(src) by extension 'ignore_ament_install'
[1.376s] Level 1:colcon.colcon_core.package_identification:_identify(src) by extensions ['colcon_pkg']
[1.377s] Level 1:colcon.colcon_core.package_identification:_identify(src) by extension 'colcon_pkg'
[1.377s] Level 1:colcon.colcon_core.package_identification:_identify(src) by extensions ['colcon_meta']
[1.377s] Level 1:colcon.colcon_core.package_identification:_identify(src) by extension 'colcon_meta'
[1.377s] Level 1:colcon.colcon_core.package_identification:_identify(src) by extensions ['ros']
[1.377s] Level 1:colcon.colcon_core.package_identification:_identify(src) by extension 'ros'
[1.378s] Level 1:colcon.colcon_core.package_identification:_identify(src) by extensions ['cmake', 'python']
[1.378s] Level 1:colcon.colcon_core.package_identification:_identify(src) by extension 'cmake'
[1.378s] Level 1:colcon.colcon_core.package_identification:_identify(src) by extension 'python'
[1.378s] Level 1:colcon.colcon_core.package_identification:_identify(src) by extensions ['python_setup_py']
[1.378s] Level 1:colcon.colcon_core.package_identification:_identify(src) by extension 'python_setup_py'
[1.379s] Level 1:colcon.colcon_core.package_identification:_identify(src/f1tenth_system) by extensions ['ignore', 'ignore_ament_install']
[1.379s] Level 1:colcon.colcon_core.package_identification:_identify(src/f1tenth_system) by extension 'ignore'
[1.379s] Level 1:colcon.colcon_core.package_identification:_identify(src/f1tenth_system) by extension 'ignore_ament_install'
[1.379s] Level 1:colcon.colcon_core.package_identification:_identify(src/f1tenth_system) by extensions ['colcon_pkg']
[1.379s] Level 1:colcon.colcon_core.package_identification:_identify(src/f1tenth_system) by extension 'colcon_pkg'
[1.380s] Level 1:colcon.colcon_core.package_identification:_identify(src/f1tenth_system) by extensions ['colcon_meta']
[1.380s] Level 1:colcon.colcon_core.package_identification:_identify(src/f1tenth_system) by extension 'colcon_meta'
[1.380s] Level 1:colcon.colcon_core.package_identification:_identify(src/f1tenth_system) by extensions ['ros']
[1.380s] Level 1:colcon.colcon_core.package_identification:_identify(src/f1tenth_system) by extension 'ros'
[1.380s] Level 1:colcon.colcon_core.package_identification:_identify(src/f1tenth_system) by extensions ['cmake', 'python']
[1.381s] Level 1:colcon.colcon_core.package_identification:_identify(src/f1tenth_system) by extension 'cmake'
[1.381s] Level 1:colcon.colcon_core.package_identification:_identify(src/f1tenth_system) by extension 'python'
[1.381s] Level 1:colcon.colcon_core.package_identification:_identify(src/f1tenth_system) by extensions ['python_setup_py']
[1.381s] Level 1:colcon.colcon_core.package_identification:_identify(src/f1tenth_system) by extension 'python_setup_py'
[1.382s] Level 1:colcon.colcon_core.package_identification:_identify(src/f1tenth_system/ackermann_mux) by extensions ['ignore', 'ignore_ament_install']
[1.382s] Level 1:colcon.colcon_core.package_identification:_identify(src/f1tenth_system/ackermann_mux) by extension 'ignore'
[1.382s] Level 1:colcon.colcon_core.package_identification:_identify(src/f1tenth_system/ackermann_mux) by extension 'ignore_ament_install'
[1.382s] Level 1:colcon.colcon_core.package_identification:_identify(src/f1tenth_system/ackermann_mux) by extensions ['colcon_pkg']
[1.382s] Level 1:colcon.colcon_core.package_identification:_identify(src/f1tenth_system/ackermann_mux) by extension 'colcon_pkg'
[1.383s] Level 1:colcon.colcon_core.package_identification:_identify(src/f1tenth_system/ackermann_mux) by extensions ['colcon_meta']
[1.383s] Level 1:colcon.colcon_core.package_identification:_identify(src/f1tenth_system/ackermann_mux) by extension 'colcon_meta'
[1.383s] Level 1:colcon.colcon_core.package_identification:_identify(src/f1tenth_system/ackermann_mux) by extensions ['ros']
[1.383s] Level 1:colcon.colcon_core.package_identification:_identify(src/f1tenth_system/ackermann_mux) by extension 'ros'
[1.393s] DEBUG:colcon.colcon_core.package_identification:Package 'src/f1tenth_system/ackermann_mux' with type 'ros.ament_cmake' and name 'ackermann_mux'
[1.394s] Level 1:colcon.colcon_core.package_identification:_identify(src/f1tenth_system/f1tenth_stack) by extensions ['ignore', 'ignore_ament_install']
[1.394s] Level 1:colcon.colcon_core.package_identification:_identify(src/f1tenth_system/f1tenth_stack) by extension 'ignore'
[1.394s] Level 1:colcon.colcon_core.package_identification:_identify(src/f1tenth_system/f1tenth_stack) by extension 'ignore_ament_install'
[1.394s] Level 1:colcon.colcon_core.package_identification:_identify(src/f1tenth_system/f1tenth_stack) by extensions ['colcon_pkg']
[1.395s] Level 1:colcon.colcon_core.package_identification:_identify(src/f1tenth_system/f1tenth_stack) by extension 'colcon_pkg'
[1.395s] Level 1:colcon.colcon_core.package_identification:_identify(src/f1tenth_system/f1tenth_stack) by extensions ['colcon_meta']
[1.395s] Level 1:colcon.colcon_core.package_identification:_identify(src/f1tenth_system/f1tenth_stack) by extension 'colcon_meta'
[1.395s] Level 1:colcon.colcon_core.package_identification:_identify(src/f1tenth_system/f1tenth_stack) by extensions ['ros']
[1.395s] Level 1:colcon.colcon_core.package_identification:_identify(src/f1tenth_system/f1tenth_stack) by extension 'ros'
[1.400s] DEBUG:colcon.colcon_core.package_identification:Package 'src/f1tenth_system/f1tenth_stack' with type 'ros.ament_python' and name 'f1tenth_stack'
[1.400s] Level 1:colcon.colcon_core.package_identification:_identify(src/f1tenth_system/scripts) by extensions ['ignore', 'ignore_ament_install']
[1.400s] Level 1:colcon.colcon_core.package_identification:_identify(src/f1tenth_system/scripts) by extension 'ignore'
[1.401s] Level 1:colcon.colcon_core.package_identification:_identify(src/f1tenth_system/scripts) by extension 'ignore_ament_install'
[1.401s] Level 1:colcon.colcon_core.package_identification:_identify(src/f1tenth_system/scripts) by extensions ['colcon_pkg']
[1.401s] Level 1:colcon.colcon_core.package_identification:_identify(src/f1tenth_system/scripts) by extension 'colcon_pkg'
[1.401s] Level 1:colcon.colcon_core.package_identification:_identify(src/f1tenth_system/scripts) by extensions ['colcon_meta']
[1.401s] Level 1:colcon.colcon_core.package_identification:_identify(src/f1tenth_system/scripts) by extension 'colcon_meta'
[1.401s] Level 1:colcon.colcon_core.package_identification:_identify(src/f1tenth_system/scripts) by extensions ['ros']
[1.402s] Level 1:colcon.colcon_core.package_identification:_identify(src/f1tenth_system/scripts) by extension 'ros'
[1.402s] Level 1:colcon.colcon_core.package_identification:_identify(src/f1tenth_system/scripts) by extensions ['cmake', 'python']
[1.402s] Level 1:colcon.colcon_core.package_identification:_identify(src/f1tenth_system/scripts) by extension 'cmake'
[1.402s] Level 1:colcon.colcon_core.package_identification:_identify(src/f1tenth_system/scripts) by extension 'python'
[1.402s] Level 1:colcon.colcon_core.package_identification:_identify(src/f1tenth_system/scripts) by extensions ['python_setup_py']
[1.403s] Level 1:colcon.colcon_core.package_identification:_identify(src/f1tenth_system/scripts) by extension 'python_setup_py'
[1.403s] Level 1:colcon.colcon_core.package_identification:_identify(src/f1tenth_system/teleop_tools) by extensions ['ignore', 'ignore_ament_install']
[1.403s] Level 1:colcon.colcon_core.package_identification:_identify(src/f1tenth_system/teleop_tools) by extension 'ignore'
[1.403s] Level 1:colcon.colcon_core.package_identification:_identify(src/f1tenth_system/teleop_tools) by extension 'ignore_ament_install'
[1.404s] Level 1:colcon.colcon_core.package_identification:_identify(src/f1tenth_system/teleop_tools) by extensions ['colcon_pkg']
[1.404s] Level 1:colcon.colcon_core.package_identification:_identify(src/f1tenth_system/teleop_tools) by extension 'colcon_pkg'
[1.404s] Level 1:colcon.colcon_core.package_identification:_identify(src/f1tenth_system/teleop_tools) by extensions ['colcon_meta']
[1.404s] Level 1:colcon.colcon_core.package_identification:_identify(src/f1tenth_system/teleop_tools) by extension 'colcon_meta'
[1.404s] Level 1:colcon.colcon_core.package_identification:_identify(src/f1tenth_system/teleop_tools) by extensions ['ros']
[1.405s] Level 1:colcon.colcon_core.package_identification:_identify(src/f1tenth_system/teleop_tools) by extension 'ros'
[1.405s] Level 1:colcon.colcon_core.package_identification:_identify(src/f1tenth_system/teleop_tools) by extensions ['cmake', 'python']
[1.405s] Level 1:colcon.colcon_core.package_identification:_identify(src/f1tenth_system/teleop_tools) by extension 'cmake'
[1.405s] Level 1:colcon.colcon_core.package_identification:_identify(src/f1tenth_system/teleop_tools) by extension 'python'
[1.405s] Level 1:colcon.colcon_core.package_identification:_identify(src/f1tenth_system/teleop_tools) by extensions ['python_setup_py']
[1.405s] Level 1:colcon.colcon_core.package_identification:_identify(src/f1tenth_system/teleop_tools) by extension 'python_setup_py'
[1.406s] Level 1:colcon.colcon_core.package_identification:_identify(src/f1tenth_system/teleop_tools/joy_teleop) by extensions ['ignore', 'ignore_ament_install']
[1.406s] Level 1:colcon.colcon_core.package_identification:_identify(src/f1tenth_system/teleop_tools/joy_teleop) by extension 'ignore'
[1.406s] Level 1:colcon.colcon_core.package_identification:_identify(src/f1tenth_system/teleop_tools/joy_teleop) by extension 'ignore_ament_install'
[1.407s] Level 1:colcon.colcon_core.package_identification:_identify(src/f1tenth_system/teleop_tools/joy_teleop) by extensions ['colcon_pkg']
[1.407s] Level 1:colcon.colcon_core.package_identification:_identify(src/f1tenth_system/teleop_tools/joy_teleop) by extension 'colcon_pkg'
[1.407s] Level 1:colcon.colcon_core.package_identification:_identify(src/f1tenth_system/teleop_tools/joy_teleop) by extensions ['colcon_meta']
[1.407s] Level 1:colcon.colcon_core.package_identification:_identify(src/f1tenth_system/teleop_tools/joy_teleop) by extension 'colcon_meta'
[1.407s] Level 1:colcon.colcon_core.package_identification:_identify(src/f1tenth_system/teleop_tools/joy_teleop) by extensions ['ros']
[1.407s] Level 1:colcon.colcon_core.package_identification:_identify(src/f1tenth_system/teleop_tools/joy_teleop) by extension 'ros'
[1.410s] DEBUG:colcon.colcon_core.package_identification:Package 'src/f1tenth_system/teleop_tools/joy_teleop' with type 'ros.ament_python' and name 'joy_teleop'
[1.410s] Level 1:colcon.colcon_core.package_identification:_identify(src/f1tenth_system/teleop_tools/key_teleop) by extensions ['ignore', 'ignore_ament_install']
[1.411s] Level 1:colcon.colcon_core.package_identification:_identify(src/f1tenth_system/teleop_tools/key_teleop) by extension 'ignore'
[1.411s] Level 1:colcon.colcon_core.package_identification:_identify(src/f1tenth_system/teleop_tools/key_teleop) by extension 'ignore_ament_install'
[1.411s] Level 1:colcon.colcon_core.package_identification:_identify(src/f1tenth_system/teleop_tools/key_teleop) by extensions ['colcon_pkg']
[1.411s] Level 1:colcon.colcon_core.package_identification:_identify(src/f1tenth_system/teleop_tools/key_teleop) by extension 'colcon_pkg'
[1.411s] Level 1:colcon.colcon_core.package_identification:_identify(src/f1tenth_system/teleop_tools/key_teleop) by extensions ['colcon_meta']
[1.412s] Level 1:colcon.colcon_core.package_identification:_identify(src/f1tenth_system/teleop_tools/key_teleop) by extension 'colcon_meta'
[1.412s] Level 1:colcon.colcon_core.package_identification:_identify(src/f1tenth_system/teleop_tools/key_teleop) by extensions ['ros']
[1.412s] Level 1:colcon.colcon_core.package_identification:_identify(src/f1tenth_system/teleop_tools/key_teleop) by extension 'ros'
[1.414s] DEBUG:colcon.colcon_core.package_identification:Package 'src/f1tenth_system/teleop_tools/key_teleop' with type 'ros.ament_python' and name 'key_teleop'
[1.414s] Level 1:colcon.colcon_core.package_identification:_identify(src/f1tenth_system/teleop_tools/mouse_teleop) by extensions ['ignore', 'ignore_ament_install']
[1.415s] Level 1:colcon.colcon_core.package_identification:_identify(src/f1tenth_system/teleop_tools/mouse_teleop) by extension 'ignore'
[1.415s] Level 1:colcon.colcon_core.package_identification:_identify(src/f1tenth_system/teleop_tools/mouse_teleop) by extension 'ignore_ament_install'
[1.415s] Level 1:colcon.colcon_core.package_identification:_identify(src/f1tenth_system/teleop_tools/mouse_teleop) by extensions ['colcon_pkg']
[1.415s] Level 1:colcon.colcon_core.package_identification:_identify(src/f1tenth_system/teleop_tools/mouse_teleop) by extension 'colcon_pkg'
[1.415s] Level 1:colcon.colcon_core.package_identification:_identify(src/f1tenth_system/teleop_tools/mouse_teleop) by extensions ['colcon_meta']
[1.416s] Level 1:colcon.colcon_core.package_identification:_identify(src/f1tenth_system/teleop_tools/mouse_teleop) by extension 'colcon_meta'
[1.416s] Level 1:colcon.colcon_core.package_identification:_identify(src/f1tenth_system/teleop_tools/mouse_teleop) by extensions ['ros']
[1.416s] Level 1:colcon.colcon_core.package_identification:_identify(src/f1tenth_system/teleop_tools/mouse_teleop) by extension 'ros'
[1.418s] DEBUG:colcon.colcon_core.package_identification:Package 'src/f1tenth_system/teleop_tools/mouse_teleop' with type 'ros.ament_python' and name 'mouse_teleop'
[1.418s] Level 1:colcon.colcon_core.package_identification:_identify(src/f1tenth_system/teleop_tools/teleop_tools) by extensions ['ignore', 'ignore_ament_install']
[1.419s] Level 1:colcon.colcon_core.package_identification:_identify(src/f1tenth_system/teleop_tools/teleop_tools) by extension 'ignore'
[1.419s] Level 1:colcon.colcon_core.package_identification:_identify(src/f1tenth_system/teleop_tools/teleop_tools) by extension 'ignore_ament_install'
[1.419s] Level 1:colcon.colcon_core.package_identification:_identify(src/f1tenth_system/teleop_tools/teleop_tools) by extensions ['colcon_pkg']
[1.419s] Level 1:colcon.colcon_core.package_identification:_identify(src/f1tenth_system/teleop_tools/teleop_tools) by extension 'colcon_pkg'
[1.419s] Level 1:colcon.colcon_core.package_identification:_identify(src/f1tenth_system/teleop_tools/teleop_tools) by extensions ['colcon_meta']
[1.420s] Level 1:colcon.colcon_core.package_identification:_identify(src/f1tenth_system/teleop_tools/teleop_tools) by extension 'colcon_meta'
[1.420s] Level 1:colcon.colcon_core.package_identification:_identify(src/f1tenth_system/teleop_tools/teleop_tools) by extensions ['ros']
[1.420s] Level 1:colcon.colcon_core.package_identification:_identify(src/f1tenth_system/teleop_tools/teleop_tools) by extension 'ros'
[1.422s] DEBUG:colcon.colcon_core.package_identification:Package 'src/f1tenth_system/teleop_tools/teleop_tools' with type 'ros.ament_cmake' and name 'teleop_tools'
[1.422s] Level 1:colcon.colcon_core.package_identification:_identify(src/f1tenth_system/teleop_tools/teleop_tools_msgs) by extensions ['ignore', 'ignore_ament_install']
[1.422s] Level 1:colcon.colcon_core.package_identification:_identify(src/f1tenth_system/teleop_tools/teleop_tools_msgs) by extension 'ignore'
[1.423s] Level 1:colcon.colcon_core.package_identification:_identify(src/f1tenth_system/teleop_tools/teleop_tools_msgs) by extension 'ignore_ament_install'
[1.423s] Level 1:colcon.colcon_core.package_identification:_identify(src/f1tenth_system/teleop_tools/teleop_tools_msgs) by extensions ['colcon_pkg']
[1.423s] Level 1:colcon.colcon_core.package_identification:_identify(src/f1tenth_system/teleop_tools/teleop_tools_msgs) by extension 'colcon_pkg'
[1.423s] Level 1:colcon.colcon_core.package_identification:_identify(src/f1tenth_system/teleop_tools/teleop_tools_msgs) by extensions ['colcon_meta']
[1.423s] Level 1:colcon.colcon_core.package_identification:_identify(src/f1tenth_system/teleop_tools/teleop_tools_msgs) by extension 'colcon_meta'
[1.424s] Level 1:colcon.colcon_core.package_identification:_identify(src/f1tenth_system/teleop_tools/teleop_tools_msgs) by extensions ['ros']
[1.424s] Level 1:colcon.colcon_core.package_identification:_identify(src/f1tenth_system/teleop_tools/teleop_tools_msgs) by extension 'ros'
[1.426s] DEBUG:colcon.colcon_core.package_identification:Package 'src/f1tenth_system/teleop_tools/teleop_tools_msgs' with type 'ros.ament_cmake' and name 'teleop_tools_msgs'
[1.426s] Level 1:colcon.colcon_core.package_identification:_identify(src/f1tenth_system/vesc) by extensions ['ignore', 'ignore_ament_install']
[1.427s] Level 1:colcon.colcon_core.package_identification:_identify(src/f1tenth_system/vesc) by extension 'ignore'
[1.427s] Level 1:colcon.colcon_core.package_identification:_identify(src/f1tenth_system/vesc) by extension 'ignore_ament_install'
[1.427s] Level 1:colcon.colcon_core.package_identification:_identify(src/f1tenth_system/vesc) by extensions ['colcon_pkg']
[1.427s] Level 1:colcon.colcon_core.package_identification:_identify(src/f1tenth_system/vesc) by extension 'colcon_pkg'
[1.427s] Level 1:colcon.colcon_core.package_identification:_identify(src/f1tenth_system/vesc) by extensions ['colcon_meta']
[1.427s] Level 1:colcon.colcon_core.package_identification:_identify(src/f1tenth_system/vesc) by extension 'colcon_meta'
[1.428s] Level 1:colcon.colcon_core.package_identification:_identify(src/f1tenth_system/vesc) by extensions ['ros']
[1.428s] Level 1:colcon.colcon_core.package_identification:_identify(src/f1tenth_system/vesc) by extension 'ros'
[1.428s] Level 1:colcon.colcon_core.package_identification:_identify(src/f1tenth_system/vesc) by extensions ['cmake', 'python']
[1.428s] Level 1:colcon.colcon_core.package_identification:_identify(src/f1tenth_system/vesc) by extension 'cmake'
[1.428s] Level 1:colcon.colcon_core.package_identification:_identify(src/f1tenth_system/vesc) by extension 'python'
[1.429s] Level 1:colcon.colcon_core.package_identification:_identify(src/f1tenth_system/vesc) by extensions ['python_setup_py']
[1.429s] Level 1:colcon.colcon_core.package_identification:_identify(src/f1tenth_system/vesc) by extension 'python_setup_py'
[1.429s] Level 1:colcon.colcon_core.package_identification:_identify(src/f1tenth_system/vesc/vesc) by extensions ['ignore', 'ignore_ament_install']
[1.430s] Level 1:colcon.colcon_core.package_identification:_identify(src/f1tenth_system/vesc/vesc) by extension 'ignore'
[1.430s] Level 1:colcon.colcon_core.package_identification:_identify(src/f1tenth_system/vesc/vesc) by extension 'ignore_ament_install'
[1.430s] Level 1:colcon.colcon_core.package_identification:_identify(src/f1tenth_system/vesc/vesc) by extensions ['colcon_pkg']
[1.430s] Level 1:colcon.colcon_core.package_identification:_identify(src/f1tenth_system/vesc/vesc) by extension 'colcon_pkg'
[1.431s] Level 1:colcon.colcon_core.package_identification:_identify(src/f1tenth_system/vesc/vesc) by extensions ['colcon_meta']
[1.431s] Level 1:colcon.colcon_core.package_identification:_identify(src/f1tenth_system/vesc/vesc) by extension 'colcon_meta'
[1.431s] Level 1:colcon.colcon_core.package_identification:_identify(src/f1tenth_system/vesc/vesc) by extensions ['ros']
[1.431s] Level 1:colcon.colcon_core.package_identification:_identify(src/f1tenth_system/vesc/vesc) by extension 'ros'
[1.433s] DEBUG:colcon.colcon_core.package_identification:Package 'src/f1tenth_system/vesc/vesc' with type 'ros.ament_cmake' and name 'vesc'
[1.434s] Level 1:colcon.colcon_core.package_identification:_identify(src/f1tenth_system/vesc/vesc_ackermann) by extensions ['ignore', 'ignore_ament_install']
[1.434s] Level 1:colcon.colcon_core.package_identification:_identify(src/f1tenth_system/vesc/vesc_ackermann) by extension 'ignore'
[1.434s] Level 1:colcon.colcon_core.package_identification:_identify(src/f1tenth_system/vesc/vesc_ackermann) by extension 'ignore_ament_install'
[1.434s] Level 1:colcon.colcon_core.package_identification:_identify(src/f1tenth_system/vesc/vesc_ackermann) by extensions ['colcon_pkg']
[1.434s] Level 1:colcon.colcon_core.package_identification:_identify(src/f1tenth_system/vesc/vesc_ackermann) by extension 'colcon_pkg'
[1.435s] Level 1:colcon.colcon_core.package_identification:_identify(src/f1tenth_system/vesc/vesc_ackermann) by extensions ['colcon_meta']
[1.435s] Level 1:colcon.colcon_core.package_identification:_identify(src/f1tenth_system/vesc/vesc_ackermann) by extension 'colcon_meta'
[1.435s] Level 1:colcon.colcon_core.package_identification:_identify(src/f1tenth_system/vesc/vesc_ackermann) by extensions ['ros']
[1.435s] Level 1:colcon.colcon_core.package_identification:_identify(src/f1tenth_system/vesc/vesc_ackermann) by extension 'ros'
[1.439s] DEBUG:colcon.colcon_core.package_identification:Package 'src/f1tenth_system/vesc/vesc_ackermann' with type 'ros.ament_cmake' and name 'vesc_ackermann'
[1.440s] Level 1:colcon.colcon_core.package_identification:_identify(src/f1tenth_system/vesc/vesc_driver) by extensions ['ignore', 'ignore_ament_install']
[1.440s] Level 1:colcon.colcon_core.package_identification:_identify(src/f1tenth_system/vesc/vesc_driver) by extension 'ignore'
[1.440s] Level 1:colcon.colcon_core.package_identification:_identify(src/f1tenth_system/vesc/vesc_driver) by extension 'ignore_ament_install'
[1.440s] Level 1:colcon.colcon_core.package_identification:_identify(src/f1tenth_system/vesc/vesc_driver) by extensions ['colcon_pkg']
[1.440s] Level 1:colcon.colcon_core.package_identification:_identify(src/f1tenth_system/vesc/vesc_driver) by extension 'colcon_pkg'
[1.441s] Level 1:colcon.colcon_core.package_identification:_identify(src/f1tenth_system/vesc/vesc_driver) by extensions ['colcon_meta']
[1.441s] Level 1:colcon.colcon_core.package_identification:_identify(src/f1tenth_system/vesc/vesc_driver) by extension 'colcon_meta'
[1.441s] Level 1:colcon.colcon_core.package_identification:_identify(src/f1tenth_system/vesc/vesc_driver) by extensions ['ros']
[1.441s] Level 1:colcon.colcon_core.package_identification:_identify(src/f1tenth_system/vesc/vesc_driver) by extension 'ros'
[1.445s] DEBUG:colcon.colcon_core.package_identification:Package 'src/f1tenth_system/vesc/vesc_driver' with type 'ros.ament_cmake' and name 'vesc_driver'
[1.445s] Level 1:colcon.colcon_core.package_identification:_identify(src/f1tenth_system/vesc/vesc_msgs) by extensions ['ignore', 'ignore_ament_install']
[1.446s] Level 1:colcon.colcon_core.package_identification:_identify(src/f1tenth_system/vesc/vesc_msgs) by extension 'ignore'
[1.446s] Level 1:colcon.colcon_core.package_identification:_identify(src/f1tenth_system/vesc/vesc_msgs) by extension 'ignore_ament_install'
[1.446s] Level 1:colcon.colcon_core.package_identification:_identify(src/f1tenth_system/vesc/vesc_msgs) by extensions ['colcon_pkg']
[1.446s] Level 1:colcon.colcon_core.package_identification:_identify(src/f1tenth_system/vesc/vesc_msgs) by extension 'colcon_pkg'
[1.446s] Level 1:colcon.colcon_core.package_identification:_identify(src/f1tenth_system/vesc/vesc_msgs) by extensions ['colcon_meta']
[1.447s] Level 1:colcon.colcon_core.package_identification:_identify(src/f1tenth_system/vesc/vesc_msgs) by extension 'colcon_meta'
[1.447s] Level 1:colcon.colcon_core.package_identification:_identify(src/f1tenth_system/vesc/vesc_msgs) by extensions ['ros']
[1.447s] Level 1:colcon.colcon_core.package_identification:_identify(src/f1tenth_system/vesc/vesc_msgs) by extension 'ros'
[1.453s] DEBUG:colcon.colcon_core.package_identification:Package 'src/f1tenth_system/vesc/vesc_msgs' with type 'ros.ament_cmake' and name 'vesc_msgs'
[1.454s] Level 1:colcon.colcon_core.package_discovery:discover_packages(recursive) using defaults
[1.454s] Level 1:colcon.colcon_core.package_discovery:discover_packages(ignore) discover
[1.454s] Level 1:colcon.colcon_core.package_discovery:discover_packages(ignore) using defaults
[1.454s] Level 1:colcon.colcon_core.package_discovery:discover_packages(path) discover
[1.454s] Level 1:colcon.colcon_core.package_discovery:discover_packages(path) using defaults
[1.525s] Level 1:colcon.colcon_core.package_discovery:discover_packages(prefix_path) check parameters
[1.526s] Level 1:colcon.colcon_core.package_discovery:discover_packages(prefix_path) discover
[1.536s] DEBUG:colcon.colcon_installed_package_information.package_discovery:Found 11 installed packages in /home/coche/coche_ws/install
[1.543s] DEBUG:colcon.colcon_installed_package_information.package_discovery:Found 278 installed packages in /opt/ros/foxy
[1.550s] Level 1:colcon.colcon_core.package_discovery:discover_packages(prefix_path) using defaults
[1.824s] Level 5:colcon.colcon_core.verb:set package 'ackermann_mux' build argument 'cmake_args' from command line to 'None'
[1.824s] Level 5:colcon.colcon_core.verb:set package 'ackermann_mux' build argument 'cmake_target' from command line to 'None'
[1.825s] Level 5:colcon.colcon_core.verb:set package 'ackermann_mux' build argument 'cmake_target_skip_unavailable' from command line to 'False'
[1.825s] Level 5:colcon.colcon_core.verb:set package 'ackermann_mux' build argument 'cmake_clean_cache' from command line to 'False'
[1.825s] Level 5:colcon.colcon_core.verb:set package 'ackermann_mux' build argument 'cmake_clean_first' from command line to 'False'
[1.825s] Level 5:colcon.colcon_core.verb:set package 'ackermann_mux' build argument 'cmake_force_configure' from command line to 'False'
[1.825s] Level 5:colcon.colcon_core.verb:set package 'ackermann_mux' build argument 'ament_cmake_args' from command line to 'None'
[1.825s] Level 5:colcon.colcon_core.verb:set package 'ackermann_mux' build argument 'catkin_cmake_args' from command line to 'None'
[1.825s] Level 5:colcon.colcon_core.verb:set package 'ackermann_mux' build argument 'catkin_skip_building_tests' from command line to 'False'
[1.826s] DEBUG:colcon.colcon_core.verb:Building package 'ackermann_mux' with the following arguments: {'ament_cmake_args': None, 'build_base': '/home/coche/coche_ws/build/ackermann_mux', 'catkin_cmake_args': None, 'catkin_skip_building_tests': False, 'cmake_args': None, 'cmake_clean_cache': False, 'cmake_clean_first': False, 'cmake_force_configure': False, 'cmake_target': None, 'cmake_target_skip_unavailable': False, 'install_base': '/home/coche/coche_ws/install/ackermann_mux', 'merge_install': False, 'path': '/home/coche/coche_ws/src/f1tenth_system/ackermann_mux', 'symlink_install': False, 'test_result_base': None}
[1.827s] Level 5:colcon.colcon_core.verb:set package 'key_teleop' build argument 'cmake_args' from command line to 'None'
[1.827s] Level 5:colcon.colcon_core.verb:set package 'key_teleop' build argument 'cmake_target' from command line to 'None'
[1.827s] Level 5:colcon.colcon_core.verb:set package 'key_teleop' build argument 'cmake_target_skip_unavailable' from command line to 'False'
[1.827s] Level 5:colcon.colcon_core.verb:set package 'key_teleop' build argument 'cmake_clean_cache' from command line to 'False'
[1.828s] Level 5:colcon.colcon_core.verb:set package 'key_teleop' build argument 'cmake_clean_first' from command line to 'False'
[1.828s] Level 5:colcon.colcon_core.verb:set package 'key_teleop' build argument 'cmake_force_configure' from command line to 'False'
[1.828s] Level 5:colcon.colcon_core.verb:set package 'key_teleop' build argument 'ament_cmake_args' from command line to 'None'
[1.828s] Level 5:colcon.colcon_core.verb:set package 'key_teleop' build argument 'catkin_cmake_args' from command line to 'None'
[1.828s] Level 5:colcon.colcon_core.verb:set package 'key_teleop' build argument 'catkin_skip_building_tests' from command line to 'False'
[1.828s] DEBUG:colcon.colcon_core.verb:Building package 'key_teleop' with the following arguments: {'ament_cmake_args': None, 'build_base': '/home/coche/coche_ws/build/key_teleop', 'catkin_cmake_args': None, 'catkin_skip_building_tests': False, 'cmake_args': None, 'cmake_clean_cache': False, 'cmake_clean_first': False, 'cmake_force_configure': False, 'cmake_target': None, 'cmake_target_skip_unavailable': False, 'install_base': '/home/coche/coche_ws/install/key_teleop', 'merge_install': False, 'path': '/home/coche/coche_ws/src/f1tenth_system/teleop_tools/key_teleop', 'symlink_install': False, 'test_result_base': None}
[1.830s] Level 5:colcon.colcon_core.verb:set package 'mouse_teleop' build argument 'cmake_args' from command line to 'None'
[1.830s] Level 5:colcon.colcon_core.verb:set package 'mouse_teleop' build argument 'cmake_target' from command line to 'None'
[1.830s] Level 5:colcon.colcon_core.verb:set package 'mouse_teleop' build argument 'cmake_target_skip_unavailable' from command line to 'False'
[1.830s] Level 5:colcon.colcon_core.verb:set package 'mouse_teleop' build argument 'cmake_clean_cache' from command line to 'False'
[1.830s] Level 5:colcon.colcon_core.verb:set package 'mouse_teleop' build argument 'cmake_clean_first' from command line to 'False'
[1.830s] Level 5:colcon.colcon_core.verb:set package 'mouse_teleop' build argument 'cmake_force_configure' from command line to 'False'
[1.830s] Level 5:colcon.colcon_core.verb:set package 'mouse_teleop' build argument 'ament_cmake_args' from command line to 'None'
[1.831s] Level 5:colcon.colcon_core.verb:set package 'mouse_teleop' build argument 'catkin_cmake_args' from command line to 'None'
[1.831s] Level 5:colcon.colcon_core.verb:set package 'mouse_teleop' build argument 'catkin_skip_building_tests' from command line to 'False'
[1.831s] DEBUG:colcon.colcon_core.verb:Building package 'mouse_teleop' with the following arguments: {'ament_cmake_args': None, 'build_base': '/home/coche/coche_ws/build/mouse_teleop', 'catkin_cmake_args': None, 'catkin_skip_building_tests': False, 'cmake_args': None, 'cmake_clean_cache': False, 'cmake_clean_first': False, 'cmake_force_configure': False, 'cmake_target': None, 'cmake_target_skip_unavailable': False, 'install_base': '/home/coche/coche_ws/install/mouse_teleop', 'merge_install': False, 'path': '/home/coche/coche_ws/src/f1tenth_system/teleop_tools/mouse_teleop', 'symlink_install': False, 'test_result_base': None}
[1.832s] Level 5:colcon.colcon_core.verb:set package 'teleop_tools_msgs' build argument 'cmake_args' from command line to 'None'
[1.832s] Level 5:colcon.colcon_core.verb:set package 'teleop_tools_msgs' build argument 'cmake_target' from command line to 'None'
[1.833s] Level 5:colcon.colcon_core.verb:set package 'teleop_tools_msgs' build argument 'cmake_target_skip_unavailable' from command line to 'False'
[1.833s] Level 5:colcon.colcon_core.verb:set package 'teleop_tools_msgs' build argument 'cmake_clean_cache' from command line to 'False'
[1.833s] Level 5:colcon.colcon_core.verb:set package 'teleop_tools_msgs' build argument 'cmake_clean_first' from command line to 'False'
[1.833s] Level 5:colcon.colcon_core.verb:set package 'teleop_tools_msgs' build argument 'cmake_force_configure' from command line to 'False'
[1.833s] Level 5:colcon.colcon_core.verb:set package 'teleop_tools_msgs' build argument 'ament_cmake_args' from command line to 'None'
[1.833s] Level 5:colcon.colcon_core.verb:set package 'teleop_tools_msgs' build argument 'catkin_cmake_args' from command line to 'None'
[1.833s] Level 5:colcon.colcon_core.verb:set package 'teleop_tools_msgs' build argument 'catkin_skip_building_tests' from command line to 'False'
[1.833s] DEBUG:colcon.colcon_core.verb:Building package 'teleop_tools_msgs' with the following arguments: {'ament_cmake_args': None, 'build_base': '/home/coche/coche_ws/build/teleop_tools_msgs', 'catkin_cmake_args': None, 'catkin_skip_building_tests': False, 'cmake_args': None, 'cmake_clean_cache': False, 'cmake_clean_first': False, 'cmake_force_configure': False, 'cmake_target': None, 'cmake_target_skip_unavailable': False, 'install_base': '/home/coche/coche_ws/install/teleop_tools_msgs', 'merge_install': False, 'path': '/home/coche/coche_ws/src/f1tenth_system/teleop_tools/teleop_tools_msgs', 'symlink_install': False, 'test_result_base': None}
[1.835s] Level 5:colcon.colcon_core.verb:set package 'vesc_msgs' build argument 'cmake_args' from command line to 'None'
[1.835s] Level 5:colcon.colcon_core.verb:set package 'vesc_msgs' build argument 'cmake_target' from command line to 'None'
[1.835s] Level 5:colcon.colcon_core.verb:set package 'vesc_msgs' build argument 'cmake_target_skip_unavailable' from command line to 'False'
[1.835s] Level 5:colcon.colcon_core.verb:set package 'vesc_msgs' build argument 'cmake_clean_cache' from command line to 'False'
[1.835s] Level 5:colcon.colcon_core.verb:set package 'vesc_msgs' build argument 'cmake_clean_first' from command line to 'False'
[1.835s] Level 5:colcon.colcon_core.verb:set package 'vesc_msgs' build argument 'cmake_force_configure' from command line to 'False'
[1.835s] Level 5:colcon.colcon_core.verb:set package 'vesc_msgs' build argument 'ament_cmake_args' from command line to 'None'
[1.836s] Level 5:colcon.colcon_core.verb:set package 'vesc_msgs' build argument 'catkin_cmake_args' from command line to 'None'
[1.836s] Level 5:colcon.colcon_core.verb:set package 'vesc_msgs' build argument 'catkin_skip_building_tests' from command line to 'False'
[1.836s] DEBUG:colcon.colcon_core.verb:Building package 'vesc_msgs' with the following arguments: {'ament_cmake_args': None, 'build_base': '/home/coche/coche_ws/build/vesc_msgs', 'catkin_cmake_args': None, 'catkin_skip_building_tests': False, 'cmake_args': None, 'cmake_clean_cache': False, 'cmake_clean_first': False, 'cmake_force_configure': False, 'cmake_target': None, 'cmake_target_skip_unavailable': False, 'install_base': '/home/coche/coche_ws/install/vesc_msgs', 'merge_install': False, 'path': '/home/coche/coche_ws/src/f1tenth_system/vesc/vesc_msgs', 'symlink_install': False, 'test_result_base': None}
[1.837s] Level 5:colcon.colcon_core.verb:set package 'joy_teleop' build argument 'cmake_args' from command line to 'None'
[1.837s] Level 5:colcon.colcon_core.verb:set package 'joy_teleop' build argument 'cmake_target' from command line to 'None'
[1.837s] Level 5:colcon.colcon_core.verb:set package 'joy_teleop' build argument 'cmake_target_skip_unavailable' from command line to 'False'
[1.838s] Level 5:colcon.colcon_core.verb:set package 'joy_teleop' build argument 'cmake_clean_cache' from command line to 'False'
[1.838s] Level 5:colcon.colcon_core.verb:set package 'joy_teleop' build argument 'cmake_clean_first' from command line to 'False'
[1.838s] Level 5:colcon.colcon_core.verb:set package 'joy_teleop' build argument 'cmake_force_configure' from command line to 'False'
[1.838s] Level 5:colcon.colcon_core.verb:set package 'joy_teleop' build argument 'ament_cmake_args' from command line to 'None'
[1.838s] Level 5:colcon.colcon_core.verb:set package 'joy_teleop' build argument 'catkin_cmake_args' from command line to 'None'
[1.838s] Level 5:colcon.colcon_core.verb:set package 'joy_teleop' build argument 'catkin_skip_building_tests' from command line to 'False'
[1.838s] DEBUG:colcon.colcon_core.verb:Building package 'joy_teleop' with the following arguments: {'ament_cmake_args': None, 'build_base': '/home/coche/coche_ws/build/joy_teleop', 'catkin_cmake_args': None, 'catkin_skip_building_tests': False, 'cmake_args': None, 'cmake_clean_cache': False, 'cmake_clean_first': False, 'cmake_force_configure': False, 'cmake_target': None, 'cmake_target_skip_unavailable': False, 'install_base': '/home/coche/coche_ws/install/joy_teleop', 'merge_install': False, 'path': '/home/coche/coche_ws/src/f1tenth_system/teleop_tools/joy_teleop', 'symlink_install': False, 'test_result_base': None}
[1.840s] Level 5:colcon.colcon_core.verb:set package 'vesc_ackermann' build argument 'cmake_args' from command line to 'None'
[1.840s] Level 5:colcon.colcon_core.verb:set package 'vesc_ackermann' build argument 'cmake_target' from command line to 'None'
[1.840s] Level 5:colcon.colcon_core.verb:set package 'vesc_ackermann' build argument 'cmake_target_skip_unavailable' from command line to 'False'
[1.840s] Level 5:colcon.colcon_core.verb:set package 'vesc_ackermann' build argument 'cmake_clean_cache' from command line to 'False'
[1.840s] Level 5:colcon.colcon_core.verb:set package 'vesc_ackermann' build argument 'cmake_clean_first' from command line to 'False'
[1.840s] Level 5:colcon.colcon_core.verb:set package 'vesc_ackermann' build argument 'cmake_force_configure' from command line to 'False'
[1.840s] Level 5:colcon.colcon_core.verb:set package 'vesc_ackermann' build argument 'ament_cmake_args' from command line to 'None'
[1.841s] Level 5:colcon.colcon_core.verb:set package 'vesc_ackermann' build argument 'catkin_cmake_args' from command line to 'None'
[1.841s] Level 5:colcon.colcon_core.verb:set package 'vesc_ackermann' build argument 'catkin_skip_building_tests' from command line to 'False'
[1.841s] DEBUG:colcon.colcon_core.verb:Building package 'vesc_ackermann' with the following arguments: {'ament_cmake_args': None, 'build_base': '/home/coche/coche_ws/build/vesc_ackermann', 'catkin_cmake_args': None, 'catkin_skip_building_tests': False, 'cmake_args': None, 'cmake_clean_cache': False, 'cmake_clean_first': False, 'cmake_force_configure': False, 'cmake_target': None, 'cmake_target_skip_unavailable': False, 'install_base': '/home/coche/coche_ws/install/vesc_ackermann', 'merge_install': False, 'path': '/home/coche/coche_ws/src/f1tenth_system/vesc/vesc_ackermann', 'symlink_install': False, 'test_result_base': None}
[1.842s] Level 5:colcon.colcon_core.verb:set package 'vesc_driver' build argument 'cmake_args' from command line to 'None'
[1.842s] Level 5:colcon.colcon_core.verb:set package 'vesc_driver' build argument 'cmake_target' from command line to 'None'
[1.842s] Level 5:colcon.colcon_core.verb:set package 'vesc_driver' build argument 'cmake_target_skip_unavailable' from command line to 'False'
[1.843s] Level 5:colcon.colcon_core.verb:set package 'vesc_driver' build argument 'cmake_clean_cache' from command line to 'False'
[1.843s] Level 5:colcon.colcon_core.verb:set package 'vesc_driver' build argument 'cmake_clean_first' from command line to 'False'
[1.843s] Level 5:colcon.colcon_core.verb:set package 'vesc_driver' build argument 'cmake_force_configure' from command line to 'False'
[1.843s] Level 5:colcon.colcon_core.verb:set package 'vesc_driver' build argument 'ament_cmake_args' from command line to 'None'
[1.843s] Level 5:colcon.colcon_core.verb:set package 'vesc_driver' build argument 'catkin_cmake_args' from command line to 'None'
[1.843s] Level 5:colcon.colcon_core.verb:set package 'vesc_driver' build argument 'catkin_skip_building_tests' from command line to 'False'
[1.843s] DEBUG:colcon.colcon_core.verb:Building package 'vesc_driver' with the following arguments: {'ament_cmake_args': None, 'build_base': '/home/coche/coche_ws/build/vesc_driver', 'catkin_cmake_args': None, 'catkin_skip_building_tests': False, 'cmake_args': None, 'cmake_clean_cache': False, 'cmake_clean_first': False, 'cmake_force_configure': False, 'cmake_target': None, 'cmake_target_skip_unavailable': False, 'install_base': '/home/coche/coche_ws/install/vesc_driver', 'merge_install': False, 'path': '/home/coche/coche_ws/src/f1tenth_system/vesc/vesc_driver', 'symlink_install': False, 'test_result_base': None}
[1.845s] Level 5:colcon.colcon_core.verb:set package 'teleop_tools' build argument 'cmake_args' from command line to 'None'
[1.845s] Level 5:colcon.colcon_core.verb:set package 'teleop_tools' build argument 'cmake_target' from command line to 'None'
[1.845s] Level 5:colcon.colcon_core.verb:set package 'teleop_tools' build argument 'cmake_target_skip_unavailable' from command line to 'False'
[1.845s] Level 5:colcon.colcon_core.verb:set package 'teleop_tools' build argument 'cmake_clean_cache' from command line to 'False'
[1.845s] Level 5:colcon.colcon_core.verb:set package 'teleop_tools' build argument 'cmake_clean_first' from command line to 'False'
[1.845s] Level 5:colcon.colcon_core.verb:set package 'teleop_tools' build argument 'cmake_force_configure' from command line to 'False'
[1.845s] Level 5:colcon.colcon_core.verb:set package 'teleop_tools' build argument 'ament_cmake_args' from command line to 'None'
[1.846s] Level 5:colcon.colcon_core.verb:set package 'teleop_tools' build argument 'catkin_cmake_args' from command line to 'None'
[1.846s] Level 5:colcon.colcon_core.verb:set package 'teleop_tools' build argument 'catkin_skip_building_tests' from command line to 'False'
[1.846s] DEBUG:colcon.colcon_core.verb:Building package 'teleop_tools' with the following arguments: {'ament_cmake_args': None, 'build_base': '/home/coche/coche_ws/build/teleop_tools', 'catkin_cmake_args': None, 'catkin_skip_building_tests': False, 'cmake_args': None, 'cmake_clean_cache': False, 'cmake_clean_first': False, 'cmake_force_configure': False, 'cmake_target': None, 'cmake_target_skip_unavailable': False, 'install_base': '/home/coche/coche_ws/install/teleop_tools', 'merge_install': False, 'path': '/home/coche/coche_ws/src/f1tenth_system/teleop_tools/teleop_tools', 'symlink_install': False, 'test_result_base': None}
[1.847s] Level 5:colcon.colcon_core.verb:set package 'vesc' build argument 'cmake_args' from command line to 'None'
[1.847s] Level 5:colcon.colcon_core.verb:set package 'vesc' build argument 'cmake_target' from command line to 'None'
[1.847s] Level 5:colcon.colcon_core.verb:set package 'vesc' build argument 'cmake_target_skip_unavailable' from command line to 'False'
[1.848s] Level 5:colcon.colcon_core.verb:set package 'vesc' build argument 'cmake_clean_cache' from command line to 'False'
[1.848s] Level 5:colcon.colcon_core.verb:set package 'vesc' build argument 'cmake_clean_first' from command line to 'False'
[1.848s] Level 5:colcon.colcon_core.verb:set package 'vesc' build argument 'cmake_force_configure' from command line to 'False'
[1.848s] Level 5:colcon.colcon_core.verb:set package 'vesc' build argument 'ament_cmake_args' from command line to 'None'
[1.848s] Level 5:colcon.colcon_core.verb:set package 'vesc' build argument 'catkin_cmake_args' from command line to 'None'
[1.848s] Level 5:colcon.colcon_core.verb:set package 'vesc' build argument 'catkin_skip_building_tests' from command line to 'False'
[1.848s] DEBUG:colcon.colcon_core.verb:Building package 'vesc' with the following arguments: {'ament_cmake_args': None, 'build_base': '/home/coche/coche_ws/build/vesc', 'catkin_cmake_args': None, 'catkin_skip_building_tests': False, 'cmake_args': None, 'cmake_clean_cache': False, 'cmake_clean_first': False, 'cmake_force_configure': False, 'cmake_target': None, 'cmake_target_skip_unavailable': False, 'install_base': '/home/coche/coche_ws/install/vesc', 'merge_install': False, 'path': '/home/coche/coche_ws/src/f1tenth_system/vesc/vesc', 'symlink_install': False, 'test_result_base': None}
[1.850s] Level 5:colcon.colcon_core.verb:set package 'f1tenth_stack' build argument 'cmake_args' from command line to 'None'
[1.850s] Level 5:colcon.colcon_core.verb:set package 'f1tenth_stack' build argument 'cmake_target' from command line to 'None'
[1.850s] Level 5:colcon.colcon_core.verb:set package 'f1tenth_stack' build argument 'cmake_target_skip_unavailable' from command line to 'False'
[1.850s] Level 5:colcon.colcon_core.verb:set package 'f1tenth_stack' build argument 'cmake_clean_cache' from command line to 'False'
[1.850s] Level 5:colcon.colcon_core.verb:set package 'f1tenth_stack' build argument 'cmake_clean_first' from command line to 'False'
[1.850s] Level 5:colcon.colcon_core.verb:set package 'f1tenth_stack' build argument 'cmake_force_configure' from command line to 'False'
[1.850s] Level 5:colcon.colcon_core.verb:set package 'f1tenth_stack' build argument 'ament_cmake_args' from command line to 'None'
[1.850s] Level 5:colcon.colcon_core.verb:set package 'f1tenth_stack' build argument 'catkin_cmake_args' from command line to 'None'
[1.851s] Level 5:colcon.colcon_core.verb:set package 'f1tenth_stack' build argument 'catkin_skip_building_tests' from command line to 'False'
[1.851s] DEBUG:colcon.colcon_core.verb:Building package 'f1tenth_stack' with the following arguments: {'ament_cmake_args': None, 'build_base': '/home/coche/coche_ws/build/f1tenth_stack', 'catkin_cmake_args': None, 'catkin_skip_building_tests': False, 'cmake_args': None, 'cmake_clean_cache': False, 'cmake_clean_first': False, 'cmake_force_configure': False, 'cmake_target': None, 'cmake_target_skip_unavailable': False, 'install_base': '/home/coche/coche_ws/install/f1tenth_stack', 'merge_install': False, 'path': '/home/coche/coche_ws/src/f1tenth_system/f1tenth_stack', 'symlink_install': False, 'test_result_base': None}
[1.851s] INFO:colcon.colcon_core.executor:Executing jobs using 'parallel' executor
[1.856s] DEBUG:colcon.colcon_parallel_executor.executor.parallel:run_until_complete
[1.857s] INFO:colcon.colcon_ros.task.ament_cmake.build:Building ROS package in '/home/coche/coche_ws/src/f1tenth_system/vesc/vesc_msgs' with build type 'ament_cmake'
[1.858s] INFO:colcon.colcon_cmake.task.cmake.build:Building CMake package in '/home/coche/coche_ws/src/f1tenth_system/vesc/vesc_msgs'
[1.868s] INFO:colcon.colcon_core.plugin_system:Skipping extension 'colcon_core.shell.bat': Not used on non-Windows systems
[1.868s] INFO:colcon.colcon_core.shell:Skip shell extension 'powershell' for command environment: Not usable outside of PowerShell
[1.869s] DEBUG:colcon.colcon_core.shell:Skip shell extension 'dsv' for command environment
[1.894s] INFO:colcon.colcon_ros.task.ament_cmake.build:Building ROS package in '/home/coche/coche_ws/src/f1tenth_system/teleop_tools/teleop_tools_msgs' with build type 'ament_cmake'
[1.897s] INFO:colcon.colcon_cmake.task.cmake.build:Building CMake package in '/home/coche/coche_ws/src/f1tenth_system/teleop_tools/teleop_tools_msgs'
[1.901s] INFO:colcon.colcon_core.shell:Skip shell extension 'powershell' for command environment: Not usable outside of PowerShell
[1.902s] DEBUG:colcon.colcon_core.shell:Skip shell extension 'dsv' for command environment
[1.932s] INFO:colcon.colcon_ros.task.ament_cmake.build:Building ROS package in '/home/coche/coche_ws/src/f1tenth_system/ackermann_mux' with build type 'ament_cmake'
[1.935s] INFO:colcon.colcon_cmake.task.cmake.build:Building CMake package in '/home/coche/coche_ws/src/f1tenth_system/ackermann_mux'
[1.939s] INFO:colcon.colcon_core.shell:Skip shell extension 'powershell' for command environment: Not usable outside of PowerShell
[1.939s] DEBUG:colcon.colcon_core.shell:Skip shell extension 'dsv' for command environment
[1.970s] INFO:colcon.colcon_ros.task.ament_python.build:Building ROS package in '/home/coche/coche_ws/src/f1tenth_system/teleop_tools/key_teleop' with build type 'ament_python'
[1.973s] Level 1:colcon.colcon_core.shell:create_environment_hook('key_teleop', 'ament_prefix_path')
[1.976s] INFO:colcon.colcon_core.shell:Creating environment hook '/home/coche/coche_ws/install/key_teleop/share/key_teleop/hook/ament_prefix_path.ps1'
[1.982s] INFO:colcon.colcon_core.shell:Creating environment descriptor '/home/coche/coche_ws/install/key_teleop/share/key_teleop/hook/ament_prefix_path.dsv'
[1.985s] INFO:colcon.colcon_core.shell:Creating environment hook '/home/coche/coche_ws/install/key_teleop/share/key_teleop/hook/ament_prefix_path.sh'
[1.989s] INFO:colcon.colcon_core.shell:Skip shell extension 'powershell' for command environment: Not usable outside of PowerShell
[1.989s] DEBUG:colcon.colcon_core.shell:Skip shell extension 'dsv' for command environment
[2.043s] DEBUG:colcon.colcon_core.event_handler.log_command:Invoking command in '/home/coche/coche_ws/build/vesc_msgs': CMAKE_PREFIX_PATH=${CMAKE_PREFIX_PATH}:/home/coche/coche_ws/install/f1tenth_stack:/home/coche/coche_ws/install/joy_teleop:/home/coche/coche_ws/install/mouse_teleop:/home/coche/coche_ws/install/key_teleop:/opt/ros/foxy /usr/bin/cmake --build /home/coche/coche_ws/build/vesc_msgs -- -j4 -l4
[2.083s] DEBUG:colcon.colcon_core.event_handler.log_command:Invoking command in '/home/coche/coche_ws/build/teleop_tools_msgs': CMAKE_PREFIX_PATH=${CMAKE_PREFIX_PATH}:/home/coche/coche_ws/install/f1tenth_stack:/home/coche/coche_ws/install/joy_teleop:/home/coche/coche_ws/install/mouse_teleop:/home/coche/coche_ws/install/key_teleop:/opt/ros/foxy /usr/bin/cmake --build /home/coche/coche_ws/build/teleop_tools_msgs -- -j4 -l4
[2.114s] DEBUG:colcon.colcon_core.event_handler.log_command:Invoking command in '/home/coche/coche_ws/build/ackermann_mux': CMAKE_PREFIX_PATH=${CMAKE_PREFIX_PATH}:/home/coche/coche_ws/install/f1tenth_stack:/home/coche/coche_ws/install/joy_teleop:/home/coche/coche_ws/install/mouse_teleop:/home/coche/coche_ws/install/key_teleop:/opt/ros/foxy /usr/bin/cmake --build /home/coche/coche_ws/build/ackermann_mux -- -j4 -l4
[3.570s] INFO:colcon.colcon_core.task.python.build:Building Python package in '/home/coche/coche_ws/src/f1tenth_system/teleop_tools/key_teleop'
[3.574s] INFO:colcon.colcon_core.shell:Skip shell extension 'powershell' for command environment: Not usable outside of PowerShell
[3.575s] DEBUG:colcon.colcon_core.shell:Skip shell extension 'dsv' for command environment
[3.623s] DEBUG:colcon.colcon_core.event_handler.log_command:Invoked command in '/home/coche/coche_ws/build/ackermann_mux' returned '0': CMAKE_PREFIX_PATH=${CMAKE_PREFIX_PATH}:/home/coche/coche_ws/install/f1tenth_stack:/home/coche/coche_ws/install/joy_teleop:/home/coche/coche_ws/install/mouse_teleop:/home/coche/coche_ws/install/key_teleop:/opt/ros/foxy /usr/bin/cmake --build /home/coche/coche_ws/build/ackermann_mux -- -j4 -l4
[3.642s] DEBUG:colcon.colcon_core.event_handler.log_command:Invoked command in '/home/coche/coche_ws/build/vesc_msgs' returned '0': CMAKE_PREFIX_PATH=${CMAKE_PREFIX_PATH}:/home/coche/coche_ws/install/f1tenth_stack:/home/coche/coche_ws/install/joy_teleop:/home/coche/coche_ws/install/mouse_teleop:/home/coche/coche_ws/install/key_teleop:/opt/ros/foxy /usr/bin/cmake --build /home/coche/coche_ws/build/vesc_msgs -- -j4 -l4
[3.698s] DEBUG:colcon.colcon_core.event_handler.log_command:Invoked command in '/home/coche/coche_ws/build/teleop_tools_msgs' returned '0': CMAKE_PREFIX_PATH=${CMAKE_PREFIX_PATH}:/home/coche/coche_ws/install/f1tenth_stack:/home/coche/coche_ws/install/joy_teleop:/home/coche/coche_ws/install/mouse_teleop:/home/coche/coche_ws/install/key_teleop:/opt/ros/foxy /usr/bin/cmake --build /home/coche/coche_ws/build/teleop_tools_msgs -- -j4 -l4
[3.865s] DEBUG:colcon.colcon_core.event_handler.log_command:Invoking command in '/home/coche/coche_ws/build/ackermann_mux': CMAKE_PREFIX_PATH=${CMAKE_PREFIX_PATH}:/home/coche/coche_ws/install/f1tenth_stack:/home/coche/coche_ws/install/joy_teleop:/home/coche/coche_ws/install/mouse_teleop:/home/coche/coche_ws/install/key_teleop:/opt/ros/foxy /usr/bin/cmake --install /home/coche/coche_ws/build/ackermann_mux
[3.948s] Level 1:colcon.colcon_core.environment:create_environment_scripts_only(ackermann_mux)
[3.968s] DEBUG:colcon.colcon_core.event_handler.log_command:Invoked command in '/home/coche/coche_ws/build/ackermann_mux' returned '0': CMAKE_PREFIX_PATH=${CMAKE_PREFIX_PATH}:/home/coche/coche_ws/install/f1tenth_stack:/home/coche/coche_ws/install/joy_teleop:/home/coche/coche_ws/install/mouse_teleop:/home/coche/coche_ws/install/key_teleop:/opt/ros/foxy /usr/bin/cmake --install /home/coche/coche_ws/build/ackermann_mux
[3.978s] Level 1:colcon.colcon_core.environment:checking '/home/coche/coche_ws/install/ackermann_mux' for CMake module files
[3.982s] Level 1:colcon.colcon_core.environment:checking '/home/coche/coche_ws/install/ackermann_mux' for CMake config files
[3.984s] Level 1:colcon.colcon_core.shell:create_environment_hook('ackermann_mux', 'cmake_prefix_path')
[3.986s] INFO:colcon.colcon_core.shell:Creating environment hook '/home/coche/coche_ws/install/ackermann_mux/share/ackermann_mux/hook/cmake_prefix_path.ps1'
[3.989s] INFO:colcon.colcon_core.shell:Creating environment descriptor '/home/coche/coche_ws/install/ackermann_mux/share/ackermann_mux/hook/cmake_prefix_path.dsv'
[3.991s] INFO:colcon.colcon_core.shell:Creating environment hook '/home/coche/coche_ws/install/ackermann_mux/share/ackermann_mux/hook/cmake_prefix_path.sh'
[3.996s] Level 1:colcon.colcon_core.environment:checking '/home/coche/coche_ws/install/ackermann_mux/lib'
[3.997s] Level 1:colcon.colcon_core.environment:checking '/home/coche/coche_ws/install/ackermann_mux/bin'
[3.997s] Level 1:colcon.colcon_core.environment:checking '/home/coche/coche_ws/install/ackermann_mux/lib/pkgconfig/ackermann_mux.pc'
[3.999s] Level 1:colcon.colcon_core.environment:checking '/home/coche/coche_ws/install/ackermann_mux/lib/python3.8/site-packages'
[4.000s] Level 1:colcon.colcon_core.environment:checking '/home/coche/coche_ws/install/ackermann_mux/bin'
[4.001s] INFO:colcon.colcon_core.shell:Creating package script '/home/coche/coche_ws/install/ackermann_mux/share/ackermann_mux/package.ps1'
[4.006s] INFO:colcon.colcon_core.shell:Creating package descriptor '/home/coche/coche_ws/install/ackermann_mux/share/ackermann_mux/package.dsv'
[4.011s] INFO:colcon.colcon_core.shell:Creating package script '/home/coche/coche_ws/install/ackermann_mux/share/ackermann_mux/package.sh'
[4.015s] INFO:colcon.colcon_core.shell:Creating package script '/home/coche/coche_ws/install/ackermann_mux/share/ackermann_mux/package.bash'
[4.018s] INFO:colcon.colcon_core.shell:Creating package script '/home/coche/coche_ws/install/ackermann_mux/share/ackermann_mux/package.zsh'
[4.020s] Level 1:colcon.colcon_core.environment:create_file_with_runtime_dependencies(/home/coche/coche_ws/install/ackermann_mux/share/colcon-core/packages/ackermann_mux)
[4.056s] DEBUG:colcon.colcon_core.event_handler.log_command:Invoking command in '/home/coche/coche_ws/build/teleop_tools_msgs': CMAKE_PREFIX_PATH=${CMAKE_PREFIX_PATH}:/home/coche/coche_ws/install/f1tenth_stack:/home/coche/coche_ws/install/joy_teleop:/home/coche/coche_ws/install/mouse_teleop:/home/coche/coche_ws/install/key_teleop:/opt/ros/foxy /usr/bin/cmake --install /home/coche/coche_ws/build/teleop_tools_msgs
[4.216s] Level 1:colcon.colcon_core.environment:create_environment_scripts_only(ackermann_mux)
[4.218s] Level 1:colcon.colcon_core.environment:checking '/home/coche/coche_ws/install/ackermann_mux' for CMake module files
[4.221s] Level 1:colcon.colcon_core.environment:checking '/home/coche/coche_ws/install/ackermann_mux' for CMake config files
[4.223s] Level 1:colcon.colcon_core.shell:create_environment_hook('ackermann_mux', 'cmake_prefix_path')
[4.224s] INFO:colcon.colcon_core.shell:Creating environment hook '/home/coche/coche_ws/install/ackermann_mux/share/ackermann_mux/hook/cmake_prefix_path.ps1'
[4.227s] INFO:colcon.colcon_core.shell:Creating environment descriptor '/home/coche/coche_ws/install/ackermann_mux/share/ackermann_mux/hook/cmake_prefix_path.dsv'
[4.229s] INFO:colcon.colcon_core.shell:Creating environment hook '/home/coche/coche_ws/install/ackermann_mux/share/ackermann_mux/hook/cmake_prefix_path.sh'
[4.232s] Level 1:colcon.colcon_core.environment:checking '/home/coche/coche_ws/install/ackermann_mux/lib'
[4.232s] Level 1:colcon.colcon_core.environment:checking '/home/coche/coche_ws/install/ackermann_mux/bin'
[4.232s] Level 1:colcon.colcon_core.environment:checking '/home/coche/coche_ws/install/ackermann_mux/lib/pkgconfig/ackermann_mux.pc'
[4.234s] Level 1:colcon.colcon_core.environment:checking '/home/coche/coche_ws/install/ackermann_mux/lib/python3.8/site-packages'
[4.234s] Level 1:colcon.colcon_core.environment:checking '/home/coche/coche_ws/install/ackermann_mux/bin'
[4.236s] INFO:colcon.colcon_core.shell:Creating package script '/home/coche/coche_ws/install/ackermann_mux/share/ackermann_mux/package.ps1'
[4.238s] INFO:colcon.colcon_core.shell:Creating package descriptor '/home/coche/coche_ws/install/ackermann_mux/share/ackermann_mux/package.dsv'
[4.241s] INFO:colcon.colcon_core.shell:Creating package script '/home/coche/coche_ws/install/ackermann_mux/share/ackermann_mux/package.sh'
[4.244s] INFO:colcon.colcon_core.shell:Creating package script '/home/coche/coche_ws/install/ackermann_mux/share/ackermann_mux/package.bash'
[4.246s] INFO:colcon.colcon_core.shell:Creating package script '/home/coche/coche_ws/install/ackermann_mux/share/ackermann_mux/package.zsh'
[4.247s] Level 1:colcon.colcon_core.environment:create_file_with_runtime_dependencies(/home/coche/coche_ws/install/ackermann_mux/share/colcon-core/packages/ackermann_mux)
[4.250s] INFO:colcon.colcon_ros.task.ament_python.build:Building ROS package in '/home/coche/coche_ws/src/f1tenth_system/teleop_tools/mouse_teleop' with build type 'ament_python'
[4.251s] Level 1:colcon.colcon_core.shell:create_environment_hook('mouse_teleop', 'ament_prefix_path')
[4.252s] INFO:colcon.colcon_core.shell:Creating environment hook '/home/coche/coche_ws/install/mouse_teleop/share/mouse_teleop/hook/ament_prefix_path.ps1'
[4.256s] INFO:colcon.colcon_core.shell:Creating environment descriptor '/home/coche/coche_ws/install/mouse_teleop/share/mouse_teleop/hook/ament_prefix_path.dsv'
[4.259s] INFO:colcon.colcon_core.shell:Creating environment hook '/home/coche/coche_ws/install/mouse_teleop/share/mouse_teleop/hook/ament_prefix_path.sh'
[4.261s] INFO:colcon.colcon_core.shell:Skip shell extension 'powershell' for command environment: Not usable outside of PowerShell
[4.261s] DEBUG:colcon.colcon_core.shell:Skip shell extension 'dsv' for command environment
[5.392s] INFO:colcon.colcon_core.task.python.build:Building Python package in '/home/coche/coche_ws/src/f1tenth_system/teleop_tools/mouse_teleop'
[5.396s] INFO:colcon.colcon_core.shell:Skip shell extension 'powershell' for command environment: Not usable outside of PowerShell
[5.396s] DEBUG:colcon.colcon_core.shell:Skip shell extension 'dsv' for command environment
[5.435s] Level 1:colcon.colcon_core.environment:create_environment_scripts_only(teleop_tools_msgs)
[5.438s] Level 1:colcon.colcon_core.environment:checking '/home/coche/coche_ws/install/teleop_tools_msgs' for CMake module files
[5.441s] DEBUG:colcon.colcon_core.event_handler.log_command:Invoked command in '/home/coche/coche_ws/build/teleop_tools_msgs' returned '0': CMAKE_PREFIX_PATH=${CMAKE_PREFIX_PATH}:/home/coche/coche_ws/install/f1tenth_stack:/home/coche/coche_ws/install/joy_teleop:/home/coche/coche_ws/install/mouse_teleop:/home/coche/coche_ws/install/key_teleop:/opt/ros/foxy /usr/bin/cmake --install /home/coche/coche_ws/build/teleop_tools_msgs
[5.444s] Level 1:colcon.colcon_core.environment:checking '/home/coche/coche_ws/install/teleop_tools_msgs' for CMake config files
[5.446s] Level 1:colcon.colcon_core.shell:create_environment_hook('teleop_tools_msgs', 'cmake_prefix_path')
[5.448s] INFO:colcon.colcon_core.shell:Creating environment hook '/home/coche/coche_ws/install/teleop_tools_msgs/share/teleop_tools_msgs/hook/cmake_prefix_path.ps1'
[5.451s] INFO:colcon.colcon_core.shell:Creating environment descriptor '/home/coche/coche_ws/install/teleop_tools_msgs/share/teleop_tools_msgs/hook/cmake_prefix_path.dsv'
[5.452s] INFO:colcon.colcon_core.shell:Creating environment hook '/home/coche/coche_ws/install/teleop_tools_msgs/share/teleop_tools_msgs/hook/cmake_prefix_path.sh'
[5.455s] Level 1:colcon.colcon_core.environment:checking '/home/coche/coche_ws/install/teleop_tools_msgs/lib'
[5.455s] Level 1:colcon.colcon_core.shell:create_environment_hook('teleop_tools_msgs', 'ld_library_path_lib')
[5.456s] INFO:colcon.colcon_core.shell:Creating environment hook '/home/coche/coche_ws/install/teleop_tools_msgs/share/teleop_tools_msgs/hook/ld_library_path_lib.ps1'
[5.457s] INFO:colcon.colcon_core.shell:Creating environment descriptor '/home/coche/coche_ws/install/teleop_tools_msgs/share/teleop_tools_msgs/hook/ld_library_path_lib.dsv'
[5.458s] INFO:colcon.colcon_core.shell:Creating environment hook '/home/coche/coche_ws/install/teleop_tools_msgs/share/teleop_tools_msgs/hook/ld_library_path_lib.sh'
[5.460s] Level 1:colcon.colcon_core.environment:checking '/home/coche/coche_ws/install/teleop_tools_msgs/bin'
[5.460s] Level 1:colcon.colcon_core.environment:checking '/home/coche/coche_ws/install/teleop_tools_msgs/lib/pkgconfig/teleop_tools_msgs.pc'
[5.461s] Level 1:colcon.colcon_core.environment:checking '/home/coche/coche_ws/install/teleop_tools_msgs/lib/python3.8/site-packages'
[5.461s] Level 1:colcon.colcon_core.shell:create_environment_hook('teleop_tools_msgs', 'pythonpath')
[5.462s] INFO:colcon.colcon_core.shell:Creating environment hook '/home/coche/coche_ws/install/teleop_tools_msgs/share/teleop_tools_msgs/hook/pythonpath.ps1'
[5.464s] INFO:colcon.colcon_core.shell:Creating environment descriptor '/home/coche/coche_ws/install/teleop_tools_msgs/share/teleop_tools_msgs/hook/pythonpath.dsv'
[5.465s] INFO:colcon.colcon_core.shell:Creating environment hook '/home/coche/coche_ws/install/teleop_tools_msgs/share/teleop_tools_msgs/hook/pythonpath.sh'
[5.466s] Level 1:colcon.colcon_core.environment:checking '/home/coche/coche_ws/install/teleop_tools_msgs/bin'
[5.468s] INFO:colcon.colcon_core.shell:Creating package script '/home/coche/coche_ws/install/teleop_tools_msgs/share/teleop_tools_msgs/package.ps1'
[5.470s] INFO:colcon.colcon_core.shell:Creating package descriptor '/home/coche/coche_ws/install/teleop_tools_msgs/share/teleop_tools_msgs/package.dsv'
[5.472s] INFO:colcon.colcon_core.shell:Creating package script '/home/coche/coche_ws/install/teleop_tools_msgs/share/teleop_tools_msgs/package.sh'
[5.473s] INFO:colcon.colcon_core.shell:Creating package script '/home/coche/coche_ws/install/teleop_tools_msgs/share/teleop_tools_msgs/package.bash'
[5.475s] INFO:colcon.colcon_core.shell:Creating package script '/home/coche/coche_ws/install/teleop_tools_msgs/share/teleop_tools_msgs/package.zsh'
[5.476s] Level 1:colcon.colcon_core.environment:create_file_with_runtime_dependencies(/home/coche/coche_ws/install/teleop_tools_msgs/share/colcon-core/packages/teleop_tools_msgs)
[5.496s] DEBUG:colcon.colcon_core.event_handler.log_command:Invoking command in '/home/coche/coche_ws/build/vesc_msgs': CMAKE_PREFIX_PATH=${CMAKE_PREFIX_PATH}:/home/coche/coche_ws/install/f1tenth_stack:/home/coche/coche_ws/install/joy_teleop:/home/coche/coche_ws/install/mouse_teleop:/home/coche/coche_ws/install/key_teleop:/opt/ros/foxy /usr/bin/cmake --install /home/coche/coche_ws/build/vesc_msgs
[5.549s] DEBUG:colcon.colcon_core.event_handler.log_command:Invoking command in '/home/coche/coche_ws/src/f1tenth_system/teleop_tools/key_teleop': PYTHONPATH=/home/coche/coche_ws/build/key_teleop/prefix_override:/usr/lib/python3/dist-packages/colcon_core/task/python/colcon_distutils_commands:/home/coche/coche_ws/install/key_teleop/lib/python3.8/site-packages:${PYTHONPATH} /usr/bin/python3 -W ignore:setup.py install is deprecated setup.py egg_info --egg-base ../../../../build/key_teleop build --build-base /home/coche/coche_ws/build/key_teleop/build install --record /home/coche/coche_ws/build/key_teleop/install.log --install-scripts $base/lib/key_teleop --single-version-externally-managed install_data
[5.796s] Level 1:colcon.colcon_core.environment:create_environment_scripts_only(vesc_msgs)
[5.800s] Level 1:colcon.colcon_core.environment:checking '/home/coche/coche_ws/install/vesc_msgs' for CMake module files
[5.804s] Level 1:colcon.colcon_core.environment:checking '/home/coche/coche_ws/install/vesc_msgs' for CMake config files
[5.806s] Level 1:colcon.colcon_core.shell:create_environment_hook('vesc_msgs', 'cmake_prefix_path')
[5.807s] INFO:colcon.colcon_core.shell:Creating environment hook '/home/coche/coche_ws/install/vesc_msgs/share/vesc_msgs/hook/cmake_prefix_path.ps1'
[5.810s] INFO:colcon.colcon_core.shell:Creating environment descriptor '/home/coche/coche_ws/install/vesc_msgs/share/vesc_msgs/hook/cmake_prefix_path.dsv'
[5.817s] DEBUG:colcon.colcon_core.event_handler.log_command:Invoked command in '/home/coche/coche_ws/build/vesc_msgs' returned '0': CMAKE_PREFIX_PATH=${CMAKE_PREFIX_PATH}:/home/coche/coche_ws/install/f1tenth_stack:/home/coche/coche_ws/install/joy_teleop:/home/coche/coche_ws/install/mouse_teleop:/home/coche/coche_ws/install/key_teleop:/opt/ros/foxy /usr/bin/cmake --install /home/coche/coche_ws/build/vesc_msgs
[5.819s] INFO:colcon.colcon_core.shell:Creating environment hook '/home/coche/coche_ws/install/vesc_msgs/share/vesc_msgs/hook/cmake_prefix_path.sh'
[5.822s] Level 1:colcon.colcon_core.environment:checking '/home/coche/coche_ws/install/vesc_msgs/lib'
[5.823s] Level 1:colcon.colcon_core.shell:create_environment_hook('vesc_msgs', 'ld_library_path_lib')
[5.824s] INFO:colcon.colcon_core.shell:Creating environment hook '/home/coche/coche_ws/install/vesc_msgs/share/vesc_msgs/hook/ld_library_path_lib.ps1'
[5.826s] INFO:colcon.colcon_core.shell:Creating environment descriptor '/home/coche/coche_ws/install/vesc_msgs/share/vesc_msgs/hook/ld_library_path_lib.dsv'
[5.827s] INFO:colcon.colcon_core.shell:Creating environment hook '/home/coche/coche_ws/install/vesc_msgs/share/vesc_msgs/hook/ld_library_path_lib.sh'
[5.829s] Level 1:colcon.colcon_core.environment:checking '/home/coche/coche_ws/install/vesc_msgs/bin'
[5.830s] Level 1:colcon.colcon_core.environment:checking '/home/coche/coche_ws/install/vesc_msgs/lib/pkgconfig/vesc_msgs.pc'
[5.831s] Level 1:colcon.colcon_core.environment:checking '/home/coche/coche_ws/install/vesc_msgs/lib/python3.8/site-packages'
[5.831s] Level 1:colcon.colcon_core.shell:create_environment_hook('vesc_msgs', 'pythonpath')
[5.832s] INFO:colcon.colcon_core.shell:Creating environment hook '/home/coche/coche_ws/install/vesc_msgs/share/vesc_msgs/hook/pythonpath.ps1'
[5.834s] INFO:colcon.colcon_core.shell:Creating environment descriptor '/home/coche/coche_ws/install/vesc_msgs/share/vesc_msgs/hook/pythonpath.dsv'
[5.836s] INFO:colcon.colcon_core.shell:Creating environment hook '/home/coche/coche_ws/install/vesc_msgs/share/vesc_msgs/hook/pythonpath.sh'
[5.838s] Level 1:colcon.colcon_core.environment:checking '/home/coche/coche_ws/install/vesc_msgs/bin'
[5.839s] INFO:colcon.colcon_core.shell:Creating package script '/home/coche/coche_ws/install/vesc_msgs/share/vesc_msgs/package.ps1'
[5.844s] INFO:colcon.colcon_core.shell:Creating package descriptor '/home/coche/coche_ws/install/vesc_msgs/share/vesc_msgs/package.dsv'
[5.850s] INFO:colcon.colcon_core.shell:Creating package script '/home/coche/coche_ws/install/vesc_msgs/share/vesc_msgs/package.sh'
[5.852s] INFO:colcon.colcon_core.shell:Creating package script '/home/coche/coche_ws/install/vesc_msgs/share/vesc_msgs/package.bash'
[5.854s] INFO:colcon.colcon_core.shell:Creating package script '/home/coche/coche_ws/install/vesc_msgs/share/vesc_msgs/package.zsh'
[5.855s] Level 1:colcon.colcon_core.environment:create_file_with_runtime_dependencies(/home/coche/coche_ws/install/vesc_msgs/share/colcon-core/packages/vesc_msgs)
[5.920s] Level 1:colcon.colcon_core.environment:create_environment_scripts_only(teleop_tools_msgs)
[5.922s] Level 1:colcon.colcon_core.environment:checking '/home/coche/coche_ws/install/teleop_tools_msgs' for CMake module files
[5.927s] Level 1:colcon.colcon_core.environment:checking '/home/coche/coche_ws/install/teleop_tools_msgs' for CMake config files
[5.930s] Level 1:colcon.colcon_core.shell:create_environment_hook('teleop_tools_msgs', 'cmake_prefix_path')
[5.931s] INFO:colcon.colcon_core.shell:Creating environment hook '/home/coche/coche_ws/install/teleop_tools_msgs/share/teleop_tools_msgs/hook/cmake_prefix_path.ps1'
[5.935s] INFO:colcon.colcon_core.shell:Creating environment descriptor '/home/coche/coche_ws/install/teleop_tools_msgs/share/teleop_tools_msgs/hook/cmake_prefix_path.dsv'
[5.937s] INFO:colcon.colcon_core.shell:Creating environment hook '/home/coche/coche_ws/install/teleop_tools_msgs/share/teleop_tools_msgs/hook/cmake_prefix_path.sh'
[5.940s] Level 1:colcon.colcon_core.environment:checking '/home/coche/coche_ws/install/teleop_tools_msgs/lib'
[5.941s] Level 1:colcon.colcon_core.shell:create_environment_hook('teleop_tools_msgs', 'ld_library_path_lib')
[5.942s] INFO:colcon.colcon_core.shell:Creating environment hook '/home/coche/coche_ws/install/teleop_tools_msgs/share/teleop_tools_msgs/hook/ld_library_path_lib.ps1'
[5.944s] INFO:colcon.colcon_core.shell:Creating environment descriptor '/home/coche/coche_ws/install/teleop_tools_msgs/share/teleop_tools_msgs/hook/ld_library_path_lib.dsv'
[5.945s] INFO:colcon.colcon_core.shell:Creating environment hook '/home/coche/coche_ws/install/teleop_tools_msgs/share/teleop_tools_msgs/hook/ld_library_path_lib.sh'
[5.947s] Level 1:colcon.colcon_core.environment:checking '/home/coche/coche_ws/install/teleop_tools_msgs/bin'
[5.948s] Level 1:colcon.colcon_core.environment:checking '/home/coche/coche_ws/install/teleop_tools_msgs/lib/pkgconfig/teleop_tools_msgs.pc'
[5.950s] Level 1:colcon.colcon_core.environment:checking '/home/coche/coche_ws/install/teleop_tools_msgs/lib/python3.8/site-packages'
[5.950s] Level 1:colcon.colcon_core.shell:create_environment_hook('teleop_tools_msgs', 'pythonpath')
[5.951s] INFO:colcon.colcon_core.shell:Creating environment hook '/home/coche/coche_ws/install/teleop_tools_msgs/share/teleop_tools_msgs/hook/pythonpath.ps1'
[5.954s] INFO:colcon.colcon_core.shell:Creating environment descriptor '/home/coche/coche_ws/install/teleop_tools_msgs/share/teleop_tools_msgs/hook/pythonpath.dsv'
[5.955s] INFO:colcon.colcon_core.shell:Creating environment hook '/home/coche/coche_ws/install/teleop_tools_msgs/share/teleop_tools_msgs/hook/pythonpath.sh'
[5.959s] Level 1:colcon.colcon_core.environment:checking '/home/coche/coche_ws/install/teleop_tools_msgs/bin'
[5.961s] INFO:colcon.colcon_core.shell:Creating package script '/home/coche/coche_ws/install/teleop_tools_msgs/share/teleop_tools_msgs/package.ps1'
[5.964s] INFO:colcon.colcon_core.shell:Creating package descriptor '/home/coche/coche_ws/install/teleop_tools_msgs/share/teleop_tools_msgs/package.dsv'
[5.967s] INFO:colcon.colcon_core.shell:Creating package script '/home/coche/coche_ws/install/teleop_tools_msgs/share/teleop_tools_msgs/package.sh'
[5.970s] INFO:colcon.colcon_core.shell:Creating package script '/home/coche/coche_ws/install/teleop_tools_msgs/share/teleop_tools_msgs/package.bash'
[5.972s] INFO:colcon.colcon_core.shell:Creating package script '/home/coche/coche_ws/install/teleop_tools_msgs/share/teleop_tools_msgs/package.zsh'
[5.974s] Level 1:colcon.colcon_core.environment:create_file_with_runtime_dependencies(/home/coche/coche_ws/install/teleop_tools_msgs/share/colcon-core/packages/teleop_tools_msgs)
[5.980s] INFO:colcon.colcon_ros.task.ament_python.build:Building ROS package in '/home/coche/coche_ws/src/f1tenth_system/teleop_tools/joy_teleop' with build type 'ament_python'
[5.981s] Level 1:colcon.colcon_core.shell:create_environment_hook('joy_teleop', 'ament_prefix_path')
[5.983s] INFO:colcon.colcon_core.shell:Creating environment hook '/home/coche/coche_ws/install/joy_teleop/share/joy_teleop/hook/ament_prefix_path.ps1'
[5.985s] INFO:colcon.colcon_core.shell:Creating environment descriptor '/home/coche/coche_ws/install/joy_teleop/share/joy_teleop/hook/ament_prefix_path.dsv'
[5.987s] INFO:colcon.colcon_core.shell:Creating environment hook '/home/coche/coche_ws/install/joy_teleop/share/joy_teleop/hook/ament_prefix_path.sh'
[5.991s] INFO:colcon.colcon_core.shell:Skip shell extension 'powershell' for command environment: Not usable outside of PowerShell
[5.992s] DEBUG:colcon.colcon_core.shell:Skip shell extension 'dsv' for command environment
[7.180s] INFO:colcon.colcon_core.task.python.build:Building Python package in '/home/coche/coche_ws/src/f1tenth_system/teleop_tools/joy_teleop'
[7.184s] INFO:colcon.colcon_core.shell:Skip shell extension 'powershell' for command environment: Not usable outside of PowerShell
[7.184s] DEBUG:colcon.colcon_core.shell:Skip shell extension 'dsv' for command environment
[7.224s] Level 1:colcon.colcon_core.environment:create_environment_scripts_only(vesc_msgs)
[7.226s] Level 1:colcon.colcon_core.environment:checking '/home/coche/coche_ws/install/vesc_msgs' for CMake module files
[7.230s] Level 1:colcon.colcon_core.environment:checking '/home/coche/coche_ws/install/vesc_msgs' for CMake config files
[7.232s] Level 1:colcon.colcon_core.shell:create_environment_hook('vesc_msgs', 'cmake_prefix_path')
[7.234s] INFO:colcon.colcon_core.shell:Creating environment hook '/home/coche/coche_ws/install/vesc_msgs/share/vesc_msgs/hook/cmake_prefix_path.ps1'
[7.238s] INFO:colcon.colcon_core.shell:Creating environment descriptor '/home/coche/coche_ws/install/vesc_msgs/share/vesc_msgs/hook/cmake_prefix_path.dsv'
[7.240s] INFO:colcon.colcon_core.shell:Creating environment hook '/home/coche/coche_ws/install/vesc_msgs/share/vesc_msgs/hook/cmake_prefix_path.sh'
[7.243s] Level 1:colcon.colcon_core.environment:checking '/home/coche/coche_ws/install/vesc_msgs/lib'
[7.243s] Level 1:colcon.colcon_core.shell:create_environment_hook('vesc_msgs', 'ld_library_path_lib')
[7.244s] INFO:colcon.colcon_core.shell:Creating environment hook '/home/coche/coche_ws/install/vesc_msgs/share/vesc_msgs/hook/ld_library_path_lib.ps1'
[7.246s] INFO:colcon.colcon_core.shell:Creating environment descriptor '/home/coche/coche_ws/install/vesc_msgs/share/vesc_msgs/hook/ld_library_path_lib.dsv'
[7.247s] INFO:colcon.colcon_core.shell:Creating environment hook '/home/coche/coche_ws/install/vesc_msgs/share/vesc_msgs/hook/ld_library_path_lib.sh'
[7.248s] Level 1:colcon.colcon_core.environment:checking '/home/coche/coche_ws/install/vesc_msgs/bin'
[7.249s] Level 1:colcon.colcon_core.environment:checking '/home/coche/coche_ws/install/vesc_msgs/lib/pkgconfig/vesc_msgs.pc'
[7.250s] Level 1:colcon.colcon_core.environment:checking '/home/coche/coche_ws/install/vesc_msgs/lib/python3.8/site-packages'
[7.250s] Level 1:colcon.colcon_core.shell:create_environment_hook('vesc_msgs', 'pythonpath')
[7.251s] INFO:colcon.colcon_core.shell:Creating environment hook '/home/coche/coche_ws/install/vesc_msgs/share/vesc_msgs/hook/pythonpath.ps1'
[7.253s] INFO:colcon.colcon_core.shell:Creating environment descriptor '/home/coche/coche_ws/install/vesc_msgs/share/vesc_msgs/hook/pythonpath.dsv'
[7.254s] INFO:colcon.colcon_core.shell:Creating environment hook '/home/coche/coche_ws/install/vesc_msgs/share/vesc_msgs/hook/pythonpath.sh'
[7.256s] Level 1:colcon.colcon_core.environment:checking '/home/coche/coche_ws/install/vesc_msgs/bin'
[7.258s] INFO:colcon.colcon_core.shell:Creating package script '/home/coche/coche_ws/install/vesc_msgs/share/vesc_msgs/package.ps1'
[7.260s] INFO:colcon.colcon_core.shell:Creating package descriptor '/home/coche/coche_ws/install/vesc_msgs/share/vesc_msgs/package.dsv'
[7.263s] INFO:colcon.colcon_core.shell:Creating package script '/home/coche/coche_ws/install/vesc_msgs/share/vesc_msgs/package.sh'
[7.265s] INFO:colcon.colcon_core.shell:Creating package script '/home/coche/coche_ws/install/vesc_msgs/share/vesc_msgs/package.bash'
[7.267s] INFO:colcon.colcon_core.shell:Creating package script '/home/coche/coche_ws/install/vesc_msgs/share/vesc_msgs/package.zsh'
[7.268s] Level 1:colcon.colcon_core.environment:create_file_with_runtime_dependencies(/home/coche/coche_ws/install/vesc_msgs/share/colcon-core/packages/vesc_msgs)
[7.273s] INFO:colcon.colcon_ros.task.ament_cmake.build:Building ROS package in '/home/coche/coche_ws/src/f1tenth_system/vesc/vesc_ackermann' with build type 'ament_cmake'
[7.274s] INFO:colcon.colcon_cmake.task.cmake.build:Building CMake package in '/home/coche/coche_ws/src/f1tenth_system/vesc/vesc_ackermann'
[7.275s] INFO:colcon.colcon_core.shell:Skip shell extension 'powershell' for command environment: Not usable outside of PowerShell
[7.276s] DEBUG:colcon.colcon_core.shell:Skip shell extension 'dsv' for command environment
[7.314s] Level 1:colcon.colcon_core.environment:checking '/home/coche/coche_ws/install/key_teleop' for CMake module files
[7.320s] DEBUG:colcon.colcon_core.event_handler.log_command:Invoked command in '/home/coche/coche_ws/src/f1tenth_system/teleop_tools/key_teleop' returned '0': PYTHONPATH=/home/coche/coche_ws/build/key_teleop/prefix_override:/usr/lib/python3/dist-packages/colcon_core/task/python/colcon_distutils_commands:/home/coche/coche_ws/install/key_teleop/lib/python3.8/site-packages:${PYTHONPATH} /usr/bin/python3 -W ignore:setup.py install is deprecated setup.py egg_info --egg-base ../../../../build/key_teleop build --build-base /home/coche/coche_ws/build/key_teleop/build install --record /home/coche/coche_ws/build/key_teleop/install.log --install-scripts $base/lib/key_teleop --single-version-externally-managed install_data
[7.322s] Level 1:colcon.colcon_core.environment:checking '/home/coche/coche_ws/install/key_teleop' for CMake config files
[7.326s] Level 1:colcon.colcon_core.environment:checking '/home/coche/coche_ws/install/key_teleop/lib'
[7.327s] Level 1:colcon.colcon_core.environment:checking '/home/coche/coche_ws/install/key_teleop/bin'
[7.327s] Level 1:colcon.colcon_core.environment:checking '/home/coche/coche_ws/install/key_teleop/lib/pkgconfig/key_teleop.pc'
[7.329s] Level 1:colcon.colcon_core.environment:checking '/home/coche/coche_ws/install/key_teleop/lib/python3.8/site-packages'
[7.329s] Level 1:colcon.colcon_core.shell:create_environment_hook('key_teleop', 'pythonpath')
[7.331s] INFO:colcon.colcon_core.shell:Creating environment hook '/home/coche/coche_ws/install/key_teleop/share/key_teleop/hook/pythonpath.ps1'
[7.335s] INFO:colcon.colcon_core.shell:Creating environment descriptor '/home/coche/coche_ws/install/key_teleop/share/key_teleop/hook/pythonpath.dsv'
[7.340s] INFO:colcon.colcon_core.shell:Creating environment hook '/home/coche/coche_ws/install/key_teleop/share/key_teleop/hook/pythonpath.sh'
[7.346s] Level 1:colcon.colcon_core.environment:checking '/home/coche/coche_ws/install/key_teleop/bin'
[7.346s] Level 1:colcon.colcon_core.environment:create_environment_scripts_only(key_teleop)
[7.348s] INFO:colcon.colcon_core.shell:Creating package script '/home/coche/coche_ws/install/key_teleop/share/key_teleop/package.ps1'
[7.351s] INFO:colcon.colcon_core.shell:Creating package descriptor '/home/coche/coche_ws/install/key_teleop/share/key_teleop/package.dsv'
[7.353s] INFO:colcon.colcon_core.shell:Creating package script '/home/coche/coche_ws/install/key_teleop/share/key_teleop/package.sh'
[7.355s] INFO:colcon.colcon_core.shell:Creating package script '/home/coche/coche_ws/install/key_teleop/share/key_teleop/package.bash'
[7.357s] INFO:colcon.colcon_core.shell:Creating package script '/home/coche/coche_ws/install/key_teleop/share/key_teleop/package.zsh'
[7.358s] Level 1:colcon.colcon_core.environment:create_file_with_runtime_dependencies(/home/coche/coche_ws/install/key_teleop/share/colcon-core/packages/key_teleop)
[7.363s] INFO:colcon.colcon_ros.task.ament_cmake.build:Building ROS package in '/home/coche/coche_ws/src/f1tenth_system/vesc/vesc_driver' with build type 'ament_cmake'
[7.364s] INFO:colcon.colcon_cmake.task.cmake.build:Building CMake package in '/home/coche/coche_ws/src/f1tenth_system/vesc/vesc_driver'
[7.365s] INFO:colcon.colcon_core.shell:Skip shell extension 'powershell' for command environment: Not usable outside of PowerShell
[7.365s] DEBUG:colcon.colcon_core.shell:Skip shell extension 'dsv' for command environment
[7.460s] DEBUG:colcon.colcon_core.event_handler.log_command:Invoking command in '/home/coche/coche_ws/build/vesc_ackermann': CMAKE_PREFIX_PATH=/home/coche/coche_ws/install/vesc_msgs:/home/coche/coche_ws/install/vesc:/home/coche/coche_ws/install/vesc_driver:/home/coche/coche_ws/install/vesc_ackermann:/home/coche/coche_ws/install/teleop_tools:/home/coche/coche_ws/install/teleop_tools_msgs:/home/coche/coche_ws/install/ackermann_mux:/home/coche/coche_ws/install/f1tenth_stack:/home/coche/coche_ws/install/joy_teleop:/home/coche/coche_ws/install/mouse_teleop:/home/coche/coche_ws/install/key_teleop:/opt/ros/foxy LD_LIBRARY_PATH=/home/coche/coche_ws/install/vesc_msgs/lib:/home/coche/coche_ws/install/vesc_driver/lib:/home/coche/coche_ws/install/vesc_ackermann/lib:/home/coche/coche_ws/install/teleop_tools_msgs/lib:/opt/ros/foxy/opt/yaml_cpp_vendor/lib:/opt/ros/foxy/opt/rviz_ogre_vendor/lib:/opt/ros/foxy/lib/aarch64-linux-gnu:/opt/ros/foxy/lib PYTHONPATH=/home/coche/coche_ws/install/vesc_msgs/lib/python3.8/site-packages:/home/coche/coche_ws/install/f1tenth_stack/lib/python3.8/site-packages:/home/coche/coche_ws/install/joy_teleop/lib/python3.8/site-packages:/home/coche/coche_ws/install/teleop_tools_msgs/lib/python3.8/site-packages:/home/coche/coche_ws/install/mouse_teleop/lib/python3.8/site-packages:/home/coche/coche_ws/install/key_teleop/lib/python3.8/site-packages:/opt/ros/foxy/lib/python3.8/site-packages /usr/bin/cmake --build /home/coche/coche_ws/build/vesc_ackermann -- -j4 -l4
[7.498s] DEBUG:colcon.colcon_core.event_handler.log_command:Invoking command in '/home/coche/coche_ws/build/vesc_driver': CMAKE_PREFIX_PATH=/home/coche/coche_ws/install/vesc_msgs:/home/coche/coche_ws/install/vesc:/home/coche/coche_ws/install/vesc_driver:/home/coche/coche_ws/install/vesc_ackermann:/home/coche/coche_ws/install/teleop_tools:/home/coche/coche_ws/install/teleop_tools_msgs:/home/coche/coche_ws/install/ackermann_mux:/home/coche/coche_ws/install/f1tenth_stack:/home/coche/coche_ws/install/joy_teleop:/home/coche/coche_ws/install/mouse_teleop:/home/coche/coche_ws/install/key_teleop:/opt/ros/foxy LD_LIBRARY_PATH=/home/coche/coche_ws/install/vesc_msgs/lib:/home/coche/coche_ws/install/vesc_driver/lib:/home/coche/coche_ws/install/vesc_ackermann/lib:/home/coche/coche_ws/install/teleop_tools_msgs/lib:/opt/ros/foxy/opt/yaml_cpp_vendor/lib:/opt/ros/foxy/opt/rviz_ogre_vendor/lib:/opt/ros/foxy/lib/aarch64-linux-gnu:/opt/ros/foxy/lib PYTHONPATH=/home/coche/coche_ws/install/vesc_msgs/lib/python3.8/site-packages:/home/coche/coche_ws/install/f1tenth_stack/lib/python3.8/site-packages:/home/coche/coche_ws/install/joy_teleop/lib/python3.8/site-packages:/home/coche/coche_ws/install/teleop_tools_msgs/lib/python3.8/site-packages:/home/coche/coche_ws/install/mouse_teleop/lib/python3.8/site-packages:/home/coche/coche_ws/install/key_teleop/lib/python3.8/site-packages:/opt/ros/foxy/lib/python3.8/site-packages /usr/bin/cmake --build /home/coche/coche_ws/build/vesc_driver -- -j4 -l4
[7.569s] DEBUG:colcon.colcon_core.event_handler.log_command:Invoking command in '/home/coche/coche_ws/src/f1tenth_system/teleop_tools/mouse_teleop': PYTHONPATH=/home/coche/coche_ws/build/mouse_teleop/prefix_override:/usr/lib/python3/dist-packages/colcon_core/task/python/colcon_distutils_commands:/home/coche/coche_ws/install/mouse_teleop/lib/python3.8/site-packages:${PYTHONPATH} /usr/bin/python3 -W ignore:setup.py install is deprecated setup.py egg_info --egg-base ../../../../build/mouse_teleop build --build-base /home/coche/coche_ws/build/mouse_teleop/build install --record /home/coche/coche_ws/build/mouse_teleop/install.log --install-scripts $base/lib/mouse_teleop --single-version-externally-managed install_data
[8.274s] DEBUG:colcon.colcon_core.event_handler.log_command:Invoked command in '/home/coche/coche_ws/build/vesc_driver' returned '0': CMAKE_PREFIX_PATH=/home/coche/coche_ws/install/vesc_msgs:/home/coche/coche_ws/install/vesc:/home/coche/coche_ws/install/vesc_driver:/home/coche/coche_ws/install/vesc_ackermann:/home/coche/coche_ws/install/teleop_tools:/home/coche/coche_ws/install/teleop_tools_msgs:/home/coche/coche_ws/install/ackermann_mux:/home/coche/coche_ws/install/f1tenth_stack:/home/coche/coche_ws/install/joy_teleop:/home/coche/coche_ws/install/mouse_teleop:/home/coche/coche_ws/install/key_teleop:/opt/ros/foxy LD_LIBRARY_PATH=/home/coche/coche_ws/install/vesc_msgs/lib:/home/coche/coche_ws/install/vesc_driver/lib:/home/coche/coche_ws/install/vesc_ackermann/lib:/home/coche/coche_ws/install/teleop_tools_msgs/lib:/opt/ros/foxy/opt/yaml_cpp_vendor/lib:/opt/ros/foxy/opt/rviz_ogre_vendor/lib:/opt/ros/foxy/lib/aarch64-linux-gnu:/opt/ros/foxy/lib PYTHONPATH=/home/coche/coche_ws/install/vesc_msgs/lib/python3.8/site-packages:/home/coche/coche_ws/install/f1tenth_stack/lib/python3.8/site-packages:/home/coche/coche_ws/install/joy_teleop/lib/python3.8/site-packages:/home/coche/coche_ws/install/teleop_tools_msgs/lib/python3.8/site-packages:/home/coche/coche_ws/install/mouse_teleop/lib/python3.8/site-packages:/home/coche/coche_ws/install/key_teleop/lib/python3.8/site-packages:/opt/ros/foxy/lib/python3.8/site-packages /usr/bin/cmake --build /home/coche/coche_ws/build/vesc_driver -- -j4 -l4
[8.518s] DEBUG:colcon.colcon_core.event_handler.log_command:Invoking command in '/home/coche/coche_ws/build/vesc_driver': CMAKE_PREFIX_PATH=/home/coche/coche_ws/install/vesc_msgs:/home/coche/coche_ws/install/vesc:/home/coche/coche_ws/install/vesc_driver:/home/coche/coche_ws/install/vesc_ackermann:/home/coche/coche_ws/install/teleop_tools:/home/coche/coche_ws/install/teleop_tools_msgs:/home/coche/coche_ws/install/ackermann_mux:/home/coche/coche_ws/install/f1tenth_stack:/home/coche/coche_ws/install/joy_teleop:/home/coche/coche_ws/install/mouse_teleop:/home/coche/coche_ws/install/key_teleop:/opt/ros/foxy LD_LIBRARY_PATH=/home/coche/coche_ws/install/vesc_msgs/lib:/home/coche/coche_ws/install/vesc_driver/lib:/home/coche/coche_ws/install/vesc_ackermann/lib:/home/coche/coche_ws/install/teleop_tools_msgs/lib:/opt/ros/foxy/opt/yaml_cpp_vendor/lib:/opt/ros/foxy/opt/rviz_ogre_vendor/lib:/opt/ros/foxy/lib/aarch64-linux-gnu:/opt/ros/foxy/lib PYTHONPATH=/home/coche/coche_ws/install/vesc_msgs/lib/python3.8/site-packages:/home/coche/coche_ws/install/f1tenth_stack/lib/python3.8/site-packages:/home/coche/coche_ws/install/joy_teleop/lib/python3.8/site-packages:/home/coche/coche_ws/install/teleop_tools_msgs/lib/python3.8/site-packages:/home/coche/coche_ws/install/mouse_teleop/lib/python3.8/site-packages:/home/coche/coche_ws/install/key_teleop/lib/python3.8/site-packages:/opt/ros/foxy/lib/python3.8/site-packages /usr/bin/cmake --install /home/coche/coche_ws/build/vesc_driver
[8.595s] Level 1:colcon.colcon_core.environment:create_environment_scripts_only(vesc_driver)
[8.597s] Level 1:colcon.colcon_core.environment:checking '/home/coche/coche_ws/install/vesc_driver' for CMake module files
[8.600s] Level 1:colcon.colcon_core.environment:checking '/home/coche/coche_ws/install/vesc_driver' for CMake config files
[8.604s] Level 1:colcon.colcon_core.shell:create_environment_hook('vesc_driver', 'cmake_prefix_path')
[8.605s] INFO:colcon.colcon_core.shell:Creating environment hook '/home/coche/coche_ws/install/vesc_driver/share/vesc_driver/hook/cmake_prefix_path.ps1'
[8.609s] INFO:colcon.colcon_core.shell:Creating environment descriptor '/home/coche/coche_ws/install/vesc_driver/share/vesc_driver/hook/cmake_prefix_path.dsv'
[8.616s] INFO:colcon.colcon_core.shell:Creating environment hook '/home/coche/coche_ws/install/vesc_driver/share/vesc_driver/hook/cmake_prefix_path.sh'
[8.619s] Level 1:colcon.colcon_core.environment:checking '/home/coche/coche_ws/install/vesc_driver/lib'
[8.619s] Level 1:colcon.colcon_core.shell:create_environment_hook('vesc_driver', 'ld_library_path_lib')
[8.620s] INFO:colcon.colcon_core.shell:Creating environment hook '/home/coche/coche_ws/install/vesc_driver/share/vesc_driver/hook/ld_library_path_lib.ps1'
[8.614s] DEBUG:colcon.colcon_core.event_handler.log_command:Invoked command in '/home/coche/coche_ws/build/vesc_driver' returned '0': CMAKE_PREFIX_PATH=/home/coche/coche_ws/install/vesc_msgs:/home/coche/coche_ws/install/vesc:/home/coche/coche_ws/install/vesc_driver:/home/coche/coche_ws/install/vesc_ackermann:/home/coche/coche_ws/install/teleop_tools:/home/coche/coche_ws/install/teleop_tools_msgs:/home/coche/coche_ws/install/ackermann_mux:/home/coche/coche_ws/install/f1tenth_stack:/home/coche/coche_ws/install/joy_teleop:/home/coche/coche_ws/install/mouse_teleop:/home/coche/coche_ws/install/key_teleop:/opt/ros/foxy LD_LIBRARY_PATH=/home/coche/coche_ws/install/vesc_msgs/lib:/home/coche/coche_ws/install/vesc_driver/lib:/home/coche/coche_ws/install/vesc_ackermann/lib:/home/coche/coche_ws/install/teleop_tools_msgs/lib:/opt/ros/foxy/opt/yaml_cpp_vendor/lib:/opt/ros/foxy/opt/rviz_ogre_vendor/lib:/opt/ros/foxy/lib/aarch64-linux-gnu:/opt/ros/foxy/lib PYTHONPATH=/home/coche/coche_ws/install/vesc_msgs/lib/python3.8/site-packages:/home/coche/coche_ws/install/f1tenth_stack/lib/python3.8/site-packages:/home/coche/coche_ws/install/joy_teleop/lib/python3.8/site-packages:/home/coche/coche_ws/install/teleop_tools_msgs/lib/python3.8/site-packages:/home/coche/coche_ws/install/mouse_teleop/lib/python3.8/site-packages:/home/coche/coche_ws/install/key_teleop/lib/python3.8/site-packages:/opt/ros/foxy/lib/python3.8/site-packages /usr/bin/cmake --install /home/coche/coche_ws/build/vesc_driver
[8.624s] INFO:colcon.colcon_core.shell:Creating environment descriptor '/home/coche/coche_ws/install/vesc_driver/share/vesc_driver/hook/ld_library_path_lib.dsv'
[8.626s] INFO:colcon.colcon_core.shell:Creating environment hook '/home/coche/coche_ws/install/vesc_driver/share/vesc_driver/hook/ld_library_path_lib.sh'
[8.628s] Level 1:colcon.colcon_core.environment:checking '/home/coche/coche_ws/install/vesc_driver/bin'
[8.628s] Level 1:colcon.colcon_core.environment:checking '/home/coche/coche_ws/install/vesc_driver/lib/pkgconfig/vesc_driver.pc'
[8.630s] Level 1:colcon.colcon_core.environment:checking '/home/coche/coche_ws/install/vesc_driver/lib/python3.8/site-packages'
[8.630s] Level 1:colcon.colcon_core.environment:checking '/home/coche/coche_ws/install/vesc_driver/bin'
[8.632s] INFO:colcon.colcon_core.shell:Creating package script '/home/coche/coche_ws/install/vesc_driver/share/vesc_driver/package.ps1'
[8.637s] INFO:colcon.colcon_core.shell:Creating package descriptor '/home/coche/coche_ws/install/vesc_driver/share/vesc_driver/package.dsv'
[8.639s] INFO:colcon.colcon_core.shell:Creating package script '/home/coche/coche_ws/install/vesc_driver/share/vesc_driver/package.sh'
[8.641s] INFO:colcon.colcon_core.shell:Creating package script '/home/coche/coche_ws/install/vesc_driver/share/vesc_driver/package.bash'
[8.643s] INFO:colcon.colcon_core.shell:Creating package script '/home/coche/coche_ws/install/vesc_driver/share/vesc_driver/package.zsh'
[8.644s] Level 1:colcon.colcon_core.environment:create_file_with_runtime_dependencies(/home/coche/coche_ws/install/vesc_driver/share/colcon-core/packages/vesc_driver)
[8.958s] Level 1:colcon.colcon_core.environment:create_environment_scripts_only(vesc_driver)
[8.969s] Level 1:colcon.colcon_core.environment:checking '/home/coche/coche_ws/install/vesc_driver' for CMake module files
[8.974s] Level 1:colcon.colcon_core.environment:checking '/home/coche/coche_ws/install/vesc_driver' for CMake config files
[8.977s] Level 1:colcon.colcon_core.shell:create_environment_hook('vesc_driver', 'cmake_prefix_path')
[8.978s] INFO:colcon.colcon_core.shell:Creating environment hook '/home/coche/coche_ws/install/vesc_driver/share/vesc_driver/hook/cmake_prefix_path.ps1'
[8.985s] INFO:colcon.colcon_core.shell:Creating environment descriptor '/home/coche/coche_ws/install/vesc_driver/share/vesc_driver/hook/cmake_prefix_path.dsv'
[8.986s] INFO:colcon.colcon_core.shell:Creating environment hook '/home/coche/coche_ws/install/vesc_driver/share/vesc_driver/hook/cmake_prefix_path.sh'
[8.991s] Level 1:colcon.colcon_core.environment:checking '/home/coche/coche_ws/install/vesc_driver/lib'
[8.991s] Level 1:colcon.colcon_core.shell:create_environment_hook('vesc_driver', 'ld_library_path_lib')
[8.992s] INFO:colcon.colcon_core.shell:Creating environment hook '/home/coche/coche_ws/install/vesc_driver/share/vesc_driver/hook/ld_library_path_lib.ps1'
[8.994s] INFO:colcon.colcon_core.shell:Creating environment descriptor '/home/coche/coche_ws/install/vesc_driver/share/vesc_driver/hook/ld_library_path_lib.dsv'
[8.995s] INFO:colcon.colcon_core.shell:Creating environment hook '/home/coche/coche_ws/install/vesc_driver/share/vesc_driver/hook/ld_library_path_lib.sh'
[8.997s] Level 1:colcon.colcon_core.environment:checking '/home/coche/coche_ws/install/vesc_driver/bin'
[8.998s] Level 1:colcon.colcon_core.environment:checking '/home/coche/coche_ws/install/vesc_driver/lib/pkgconfig/vesc_driver.pc'
[8.999s] Level 1:colcon.colcon_core.environment:checking '/home/coche/coche_ws/install/vesc_driver/lib/python3.8/site-packages'
[9.000s] Level 1:colcon.colcon_core.environment:checking '/home/coche/coche_ws/install/vesc_driver/bin'
[9.002s] INFO:colcon.colcon_core.shell:Creating package script '/home/coche/coche_ws/install/vesc_driver/share/vesc_driver/package.ps1'
[9.004s] INFO:colcon.colcon_core.shell:Creating package descriptor '/home/coche/coche_ws/install/vesc_driver/share/vesc_driver/package.dsv'
[9.008s] INFO:colcon.colcon_core.shell:Creating package script '/home/coche/coche_ws/install/vesc_driver/share/vesc_driver/package.sh'
[9.011s] INFO:colcon.colcon_core.shell:Creating package script '/home/coche/coche_ws/install/vesc_driver/share/vesc_driver/package.bash'
[9.013s] INFO:colcon.colcon_core.shell:Creating package script '/home/coche/coche_ws/install/vesc_driver/share/vesc_driver/package.zsh'
[9.015s] Level 1:colcon.colcon_core.environment:create_file_with_runtime_dependencies(/home/coche/coche_ws/install/vesc_driver/share/colcon-core/packages/vesc_driver)
[9.151s] Level 1:colcon.colcon_core.environment:checking '/home/coche/coche_ws/install/mouse_teleop' for CMake module files
[9.154s] DEBUG:colcon.colcon_core.event_handler.log_command:Invoked command in '/home/coche/coche_ws/src/f1tenth_system/teleop_tools/mouse_teleop' returned '0': PYTHONPATH=/home/coche/coche_ws/build/mouse_teleop/prefix_override:/usr/lib/python3/dist-packages/colcon_core/task/python/colcon_distutils_commands:/home/coche/coche_ws/install/mouse_teleop/lib/python3.8/site-packages:${PYTHONPATH} /usr/bin/python3 -W ignore:setup.py install is deprecated setup.py egg_info --egg-base ../../../../build/mouse_teleop build --build-base /home/coche/coche_ws/build/mouse_teleop/build install --record /home/coche/coche_ws/build/mouse_teleop/install.log --install-scripts $base/lib/mouse_teleop --single-version-externally-managed install_data
[9.157s] Level 1:colcon.colcon_core.environment:checking '/home/coche/coche_ws/install/mouse_teleop' for CMake config files
[9.160s] Level 1:colcon.colcon_core.environment:checking '/home/coche/coche_ws/install/mouse_teleop/lib'
[9.160s] Level 1:colcon.colcon_core.environment:checking '/home/coche/coche_ws/install/mouse_teleop/bin'
[9.161s] Level 1:colcon.colcon_core.environment:checking '/home/coche/coche_ws/install/mouse_teleop/lib/pkgconfig/mouse_teleop.pc'
[9.161s] Level 1:colcon.colcon_core.environment:checking '/home/coche/coche_ws/install/mouse_teleop/lib/python3.8/site-packages'
[9.162s] Level 1:colcon.colcon_core.shell:create_environment_hook('mouse_teleop', 'pythonpath')
[9.163s] INFO:colcon.colcon_core.shell:Creating environment hook '/home/coche/coche_ws/install/mouse_teleop/share/mouse_teleop/hook/pythonpath.ps1'
[9.167s] INFO:colcon.colcon_core.shell:Creating environment descriptor '/home/coche/coche_ws/install/mouse_teleop/share/mouse_teleop/hook/pythonpath.dsv'
[9.169s] INFO:colcon.colcon_core.shell:Creating environment hook '/home/coche/coche_ws/install/mouse_teleop/share/mouse_teleop/hook/pythonpath.sh'
[9.172s] Level 1:colcon.colcon_core.environment:checking '/home/coche/coche_ws/install/mouse_teleop/bin'
[9.172s] Level 1:colcon.colcon_core.environment:create_environment_scripts_only(mouse_teleop)
[9.174s] INFO:colcon.colcon_core.shell:Creating package script '/home/coche/coche_ws/install/mouse_teleop/share/mouse_teleop/package.ps1'
[9.176s] INFO:colcon.colcon_core.shell:Creating package descriptor '/home/coche/coche_ws/install/mouse_teleop/share/mouse_teleop/package.dsv'
[9.178s] INFO:colcon.colcon_core.shell:Creating package script '/home/coche/coche_ws/install/mouse_teleop/share/mouse_teleop/package.sh'
[9.180s] INFO:colcon.colcon_core.shell:Creating package script '/home/coche/coche_ws/install/mouse_teleop/share/mouse_teleop/package.bash'
[9.182s] INFO:colcon.colcon_core.shell:Creating package script '/home/coche/coche_ws/install/mouse_teleop/share/mouse_teleop/package.zsh'
[9.184s] Level 1:colcon.colcon_core.environment:create_file_with_runtime_dependencies(/home/coche/coche_ws/install/mouse_teleop/share/colcon-core/packages/mouse_teleop)
[9.467s] DEBUG:colcon.colcon_core.event_handler.log_command:Invoking command in '/home/coche/coche_ws/src/f1tenth_system/teleop_tools/joy_teleop': CMAKE_PREFIX_PATH=/home/coche/coche_ws/install/teleop_tools_msgs:/home/coche/coche_ws/install/vesc:/home/coche/coche_ws/install/vesc_driver:/home/coche/coche_ws/install/vesc_ackermann:/home/coche/coche_ws/install/vesc_msgs:/home/coche/coche_ws/install/teleop_tools:/home/coche/coche_ws/install/ackermann_mux LD_LIBRARY_PATH=/home/coche/coche_ws/install/teleop_tools_msgs/lib:/home/coche/coche_ws/install/vesc_driver/lib:/home/coche/coche_ws/install/vesc_ackermann/lib:/home/coche/coche_ws/install/vesc_msgs/lib:/opt/ros/foxy/opt/yaml_cpp_vendor/lib:/opt/ros/foxy/opt/rviz_ogre_vendor/lib:/opt/ros/foxy/lib/aarch64-linux-gnu:/opt/ros/foxy/lib PYTHONPATH=/home/coche/coche_ws/build/joy_teleop/prefix_override:/usr/lib/python3/dist-packages/colcon_core/task/python/colcon_distutils_commands:/home/coche/coche_ws/install/joy_teleop/lib/python3.8/site-packages:/home/coche/coche_ws/install/teleop_tools_msgs/lib/python3.8/site-packages:/home/coche/coche_ws/install/f1tenth_stack/lib/python3.8/site-packages:/home/coche/coche_ws/install/vesc_msgs/lib/python3.8/site-packages:/home/coche/coche_ws/install/joy_teleop/lib/python3.8/site-packages:/home/coche/coche_ws/install/mouse_teleop/lib/python3.8/site-packages:/home/coche/coche_ws/install/key_teleop/lib/python3.8/site-packages:/opt/ros/foxy/lib/python3.8/site-packages /usr/bin/python3 -W ignore:setup.py install is deprecated setup.py egg_info --egg-base ../../../../build/joy_teleop build --build-base /home/coche/coche_ws/build/joy_teleop/build install --record /home/coche/coche_ws/build/joy_teleop/install.log --install-scripts $base/lib/joy_teleop --single-version-externally-managed install_data
[10.692s] Level 1:colcon.colcon_core.environment:checking '/home/coche/coche_ws/install/joy_teleop' for CMake module files
[10.695s] DEBUG:colcon.colcon_core.event_handler.log_command:Invoked command in '/home/coche/coche_ws/src/f1tenth_system/teleop_tools/joy_teleop' returned '0': CMAKE_PREFIX_PATH=/home/coche/coche_ws/install/teleop_tools_msgs:/home/coche/coche_ws/install/vesc:/home/coche/coche_ws/install/vesc_driver:/home/coche/coche_ws/install/vesc_ackermann:/home/coche/coche_ws/install/vesc_msgs:/home/coche/coche_ws/install/teleop_tools:/home/coche/coche_ws/install/ackermann_mux LD_LIBRARY_PATH=/home/coche/coche_ws/install/teleop_tools_msgs/lib:/home/coche/coche_ws/install/vesc_driver/lib:/home/coche/coche_ws/install/vesc_ackermann/lib:/home/coche/coche_ws/install/vesc_msgs/lib:/opt/ros/foxy/opt/yaml_cpp_vendor/lib:/opt/ros/foxy/opt/rviz_ogre_vendor/lib:/opt/ros/foxy/lib/aarch64-linux-gnu:/opt/ros/foxy/lib PYTHONPATH=/home/coche/coche_ws/build/joy_teleop/prefix_override:/usr/lib/python3/dist-packages/colcon_core/task/python/colcon_distutils_commands:/home/coche/coche_ws/install/joy_teleop/lib/python3.8/site-packages:/home/coche/coche_ws/install/teleop_tools_msgs/lib/python3.8/site-packages:/home/coche/coche_ws/install/f1tenth_stack/lib/python3.8/site-packages:/home/coche/coche_ws/install/vesc_msgs/lib/python3.8/site-packages:/home/coche/coche_ws/install/joy_teleop/lib/python3.8/site-packages:/home/coche/coche_ws/install/mouse_teleop/lib/python3.8/site-packages:/home/coche/coche_ws/install/key_teleop/lib/python3.8/site-packages:/opt/ros/foxy/lib/python3.8/site-packages /usr/bin/python3 -W ignore:setup.py install is deprecated setup.py egg_info --egg-base ../../../../build/joy_teleop build --build-base /home/coche/coche_ws/build/joy_teleop/build install --record /home/coche/coche_ws/build/joy_teleop/install.log --install-scripts $base/lib/joy_teleop --single-version-externally-managed install_data
[10.696s] Level 1:colcon.colcon_core.environment:checking '/home/coche/coche_ws/install/joy_teleop' for CMake config files
[10.700s] Level 1:colcon.colcon_core.environment:checking '/home/coche/coche_ws/install/joy_teleop/lib'
[10.700s] Level 1:colcon.colcon_core.environment:checking '/home/coche/coche_ws/install/joy_teleop/bin'
[10.700s] Level 1:colcon.colcon_core.environment:checking '/home/coche/coche_ws/install/joy_teleop/lib/pkgconfig/joy_teleop.pc'
[10.702s] Level 1:colcon.colcon_core.environment:checking '/home/coche/coche_ws/install/joy_teleop/lib/python3.8/site-packages'
[10.702s] Level 1:colcon.colcon_core.shell:create_environment_hook('joy_teleop', 'pythonpath')
[10.703s] INFO:colcon.colcon_core.shell:Creating environment hook '/home/coche/coche_ws/install/joy_teleop/share/joy_teleop/hook/pythonpath.ps1'
[10.706s] INFO:colcon.colcon_core.shell:Creating environment descriptor '/home/coche/coche_ws/install/joy_teleop/share/joy_teleop/hook/pythonpath.dsv'
[10.708s] INFO:colcon.colcon_core.shell:Creating environment hook '/home/coche/coche_ws/install/joy_teleop/share/joy_teleop/hook/pythonpath.sh'
[10.710s] Level 1:colcon.colcon_core.environment:checking '/home/coche/coche_ws/install/joy_teleop/bin'
[10.710s] Level 1:colcon.colcon_core.environment:create_environment_scripts_only(joy_teleop)
[10.711s] INFO:colcon.colcon_core.shell:Creating package script '/home/coche/coche_ws/install/joy_teleop/share/joy_teleop/package.ps1'
[10.714s] INFO:colcon.colcon_core.shell:Creating package descriptor '/home/coche/coche_ws/install/joy_teleop/share/joy_teleop/package.dsv'
[10.716s] INFO:colcon.colcon_core.shell:Creating package script '/home/coche/coche_ws/install/joy_teleop/share/joy_teleop/package.sh'
[10.717s] INFO:colcon.colcon_core.shell:Creating package script '/home/coche/coche_ws/install/joy_teleop/share/joy_teleop/package.bash'
[10.719s] INFO:colcon.colcon_core.shell:Creating package script '/home/coche/coche_ws/install/joy_teleop/share/joy_teleop/package.zsh'
[10.720s] Level 1:colcon.colcon_core.environment:create_file_with_runtime_dependencies(/home/coche/coche_ws/install/joy_teleop/share/colcon-core/packages/joy_teleop)
[10.723s] INFO:colcon.colcon_ros.task.ament_cmake.build:Building ROS package in '/home/coche/coche_ws/src/f1tenth_system/teleop_tools/teleop_tools' with build type 'ament_cmake'
[10.723s] INFO:colcon.colcon_cmake.task.cmake.build:Building CMake package in '/home/coche/coche_ws/src/f1tenth_system/teleop_tools/teleop_tools'
[10.725s] INFO:colcon.colcon_core.shell:Skip shell extension 'powershell' for command environment: Not usable outside of PowerShell
[10.725s] DEBUG:colcon.colcon_core.shell:Skip shell extension 'dsv' for command environment
[10.809s] DEBUG:colcon.colcon_core.event_handler.log_command:Invoking command in '/home/coche/coche_ws/build/teleop_tools': AMENT_PREFIX_PATH=/home/coche/coche_ws/install/joy_teleop:/home/coche/coche_ws/install/key_teleop:/home/coche/coche_ws/install/f1tenth_stack:/home/coche/coche_ws/install/vesc:/home/coche/coche_ws/install/vesc_driver:/home/coche/coche_ws/install/vesc_ackermann:/home/coche/coche_ws/install/vesc_msgs:/home/coche/coche_ws/install/teleop_tools:/home/coche/coche_ws/install/teleop_tools_msgs:/home/coche/coche_ws/install/mouse_teleop:/home/coche/coche_ws/install/ackermann_mux:/opt/ros/foxy CMAKE_PREFIX_PATH=/home/coche/coche_ws/install/teleop_tools_msgs:/home/coche/coche_ws/install/vesc:/home/coche/coche_ws/install/vesc_driver:/home/coche/coche_ws/install/vesc_ackermann:/home/coche/coche_ws/install/vesc_msgs:/home/coche/coche_ws/install/teleop_tools:/home/coche/coche_ws/install/ackermann_mux:/home/coche/coche_ws/install/f1tenth_stack:/home/coche/coche_ws/install/joy_teleop:/home/coche/coche_ws/install/mouse_teleop:/home/coche/coche_ws/install/key_teleop:/opt/ros/foxy LD_LIBRARY_PATH=/home/coche/coche_ws/install/teleop_tools_msgs/lib:/home/coche/coche_ws/install/vesc_driver/lib:/home/coche/coche_ws/install/vesc_ackermann/lib:/home/coche/coche_ws/install/vesc_msgs/lib:/opt/ros/foxy/opt/yaml_cpp_vendor/lib:/opt/ros/foxy/opt/rviz_ogre_vendor/lib:/opt/ros/foxy/lib/aarch64-linux-gnu:/opt/ros/foxy/lib PYTHONPATH=/home/coche/coche_ws/install/joy_teleop/lib/python3.8/site-packages:/home/coche/coche_ws/install/teleop_tools_msgs/lib/python3.8/site-packages:/home/coche/coche_ws/install/key_teleop/lib/python3.8/site-packages:/home/coche/coche_ws/install/f1tenth_stack/lib/python3.8/site-packages:/home/coche/coche_ws/install/vesc_msgs/lib/python3.8/site-packages:/home/coche/coche_ws/install/mouse_teleop/lib/python3.8/site-packages:/opt/ros/foxy/lib/python3.8/site-packages /usr/bin/cmake --build /home/coche/coche_ws/build/teleop_tools -- -j4 -l4
[10.986s] DEBUG:colcon.colcon_core.event_handler.log_command:Invoked command in '/home/coche/coche_ws/build/teleop_tools' returned '0': AMENT_PREFIX_PATH=/home/coche/coche_ws/install/joy_teleop:/home/coche/coche_ws/install/key_teleop:/home/coche/coche_ws/install/f1tenth_stack:/home/coche/coche_ws/install/vesc:/home/coche/coche_ws/install/vesc_driver:/home/coche/coche_ws/install/vesc_ackermann:/home/coche/coche_ws/install/vesc_msgs:/home/coche/coche_ws/install/teleop_tools:/home/coche/coche_ws/install/teleop_tools_msgs:/home/coche/coche_ws/install/mouse_teleop:/home/coche/coche_ws/install/ackermann_mux:/opt/ros/foxy CMAKE_PREFIX_PATH=/home/coche/coche_ws/install/teleop_tools_msgs:/home/coche/coche_ws/install/vesc:/home/coche/coche_ws/install/vesc_driver:/home/coche/coche_ws/install/vesc_ackermann:/home/coche/coche_ws/install/vesc_msgs:/home/coche/coche_ws/install/teleop_tools:/home/coche/coche_ws/install/ackermann_mux:/home/coche/coche_ws/install/f1tenth_stack:/home/coche/coche_ws/install/joy_teleop:/home/coche/coche_ws/install/mouse_teleop:/home/coche/coche_ws/install/key_teleop:/opt/ros/foxy LD_LIBRARY_PATH=/home/coche/coche_ws/install/teleop_tools_msgs/lib:/home/coche/coche_ws/install/vesc_driver/lib:/home/coche/coche_ws/install/vesc_ackermann/lib:/home/coche/coche_ws/install/vesc_msgs/lib:/opt/ros/foxy/opt/yaml_cpp_vendor/lib:/opt/ros/foxy/opt/rviz_ogre_vendor/lib:/opt/ros/foxy/lib/aarch64-linux-gnu:/opt/ros/foxy/lib PYTHONPATH=/home/coche/coche_ws/install/joy_teleop/lib/python3.8/site-packages:/home/coche/coche_ws/install/teleop_tools_msgs/lib/python3.8/site-packages:/home/coche/coche_ws/install/key_teleop/lib/python3.8/site-packages:/home/coche/coche_ws/install/f1tenth_stack/lib/python3.8/site-packages:/home/coche/coche_ws/install/vesc_msgs/lib/python3.8/site-packages:/home/coche/coche_ws/install/mouse_teleop/lib/python3.8/site-packages:/opt/ros/foxy/lib/python3.8/site-packages /usr/bin/cmake --build /home/coche/coche_ws/build/teleop_tools -- -j4 -l4
[11.116s] DEBUG:colcon.colcon_core.event_handler.log_command:Invoking command in '/home/coche/coche_ws/build/teleop_tools': AMENT_PREFIX_PATH=/home/coche/coche_ws/install/joy_teleop:/home/coche/coche_ws/install/key_teleop:/home/coche/coche_ws/install/f1tenth_stack:/home/coche/coche_ws/install/vesc:/home/coche/coche_ws/install/vesc_driver:/home/coche/coche_ws/install/vesc_ackermann:/home/coche/coche_ws/install/vesc_msgs:/home/coche/coche_ws/install/teleop_tools:/home/coche/coche_ws/install/teleop_tools_msgs:/home/coche/coche_ws/install/mouse_teleop:/home/coche/coche_ws/install/ackermann_mux:/opt/ros/foxy CMAKE_PREFIX_PATH=/home/coche/coche_ws/install/teleop_tools_msgs:/home/coche/coche_ws/install/vesc:/home/coche/coche_ws/install/vesc_driver:/home/coche/coche_ws/install/vesc_ackermann:/home/coche/coche_ws/install/vesc_msgs:/home/coche/coche_ws/install/teleop_tools:/home/coche/coche_ws/install/ackermann_mux:/home/coche/coche_ws/install/f1tenth_stack:/home/coche/coche_ws/install/joy_teleop:/home/coche/coche_ws/install/mouse_teleop:/home/coche/coche_ws/install/key_teleop:/opt/ros/foxy LD_LIBRARY_PATH=/home/coche/coche_ws/install/teleop_tools_msgs/lib:/home/coche/coche_ws/install/vesc_driver/lib:/home/coche/coche_ws/install/vesc_ackermann/lib:/home/coche/coche_ws/install/vesc_msgs/lib:/opt/ros/foxy/opt/yaml_cpp_vendor/lib:/opt/ros/foxy/opt/rviz_ogre_vendor/lib:/opt/ros/foxy/lib/aarch64-linux-gnu:/opt/ros/foxy/lib PYTHONPATH=/home/coche/coche_ws/install/joy_teleop/lib/python3.8/site-packages:/home/coche/coche_ws/install/teleop_tools_msgs/lib/python3.8/site-packages:/home/coche/coche_ws/install/key_teleop/lib/python3.8/site-packages:/home/coche/coche_ws/install/f1tenth_stack/lib/python3.8/site-packages:/home/coche/coche_ws/install/vesc_msgs/lib/python3.8/site-packages:/home/coche/coche_ws/install/mouse_teleop/lib/python3.8/site-packages:/opt/ros/foxy/lib/python3.8/site-packages /usr/bin/cmake --install /home/coche/coche_ws/build/teleop_tools
[11.172s] Level 1:colcon.colcon_core.environment:create_environment_scripts_only(teleop_tools)
[11.174s] Level 1:colcon.colcon_core.environment:checking '/home/coche/coche_ws/install/teleop_tools' for CMake module files
[11.177s] DEBUG:colcon.colcon_core.event_handler.log_command:Invoked command in '/home/coche/coche_ws/build/teleop_tools' returned '0': AMENT_PREFIX_PATH=/home/coche/coche_ws/install/joy_teleop:/home/coche/coche_ws/install/key_teleop:/home/coche/coche_ws/install/f1tenth_stack:/home/coche/coche_ws/install/vesc:/home/coche/coche_ws/install/vesc_driver:/home/coche/coche_ws/install/vesc_ackermann:/home/coche/coche_ws/install/vesc_msgs:/home/coche/coche_ws/install/teleop_tools:/home/coche/coche_ws/install/teleop_tools_msgs:/home/coche/coche_ws/install/mouse_teleop:/home/coche/coche_ws/install/ackermann_mux:/opt/ros/foxy CMAKE_PREFIX_PATH=/home/coche/coche_ws/install/teleop_tools_msgs:/home/coche/coche_ws/install/vesc:/home/coche/coche_ws/install/vesc_driver:/home/coche/coche_ws/install/vesc_ackermann:/home/coche/coche_ws/install/vesc_msgs:/home/coche/coche_ws/install/teleop_tools:/home/coche/coche_ws/install/ackermann_mux:/home/coche/coche_ws/install/f1tenth_stack:/home/coche/coche_ws/install/joy_teleop:/home/coche/coche_ws/install/mouse_teleop:/home/coche/coche_ws/install/key_teleop:/opt/ros/foxy LD_LIBRARY_PATH=/home/coche/coche_ws/install/teleop_tools_msgs/lib:/home/coche/coche_ws/install/vesc_driver/lib:/home/coche/coche_ws/install/vesc_ackermann/lib:/home/coche/coche_ws/install/vesc_msgs/lib:/opt/ros/foxy/opt/yaml_cpp_vendor/lib:/opt/ros/foxy/opt/rviz_ogre_vendor/lib:/opt/ros/foxy/lib/aarch64-linux-gnu:/opt/ros/foxy/lib PYTHONPATH=/home/coche/coche_ws/install/joy_teleop/lib/python3.8/site-packages:/home/coche/coche_ws/install/teleop_tools_msgs/lib/python3.8/site-packages:/home/coche/coche_ws/install/key_teleop/lib/python3.8/site-packages:/home/coche/coche_ws/install/f1tenth_stack/lib/python3.8/site-packages:/home/coche/coche_ws/install/vesc_msgs/lib/python3.8/site-packages:/home/coche/coche_ws/install/mouse_teleop/lib/python3.8/site-packages:/opt/ros/foxy/lib/python3.8/site-packages /usr/bin/cmake --install /home/coche/coche_ws/build/teleop_tools
[11.181s] Level 1:colcon.colcon_core.environment:checking '/home/coche/coche_ws/install/teleop_tools' for CMake config files
[11.184s] Level 1:colcon.colcon_core.shell:create_environment_hook('teleop_tools', 'cmake_prefix_path')
[11.186s] INFO:colcon.colcon_core.shell:Creating environment hook '/home/coche/coche_ws/install/teleop_tools/share/teleop_tools/hook/cmake_prefix_path.ps1'
[11.189s] INFO:colcon.colcon_core.shell:Creating environment descriptor '/home/coche/coche_ws/install/teleop_tools/share/teleop_tools/hook/cmake_prefix_path.dsv'
[11.195s] INFO:colcon.colcon_core.shell:Creating environment hook '/home/coche/coche_ws/install/teleop_tools/share/teleop_tools/hook/cmake_prefix_path.sh'
[11.198s] Level 1:colcon.colcon_core.environment:checking '/home/coche/coche_ws/install/teleop_tools/bin'
[11.199s] Level 1:colcon.colcon_core.environment:checking '/home/coche/coche_ws/install/teleop_tools/lib/pkgconfig/teleop_tools.pc'
[11.200s] Level 1:colcon.colcon_core.environment:checking '/home/coche/coche_ws/install/teleop_tools/lib/python3.8/site-packages'
[11.201s] Level 1:colcon.colcon_core.environment:checking '/home/coche/coche_ws/install/teleop_tools/bin'
[11.202s] INFO:colcon.colcon_core.shell:Creating package script '/home/coche/coche_ws/install/teleop_tools/share/teleop_tools/package.ps1'
[11.204s] INFO:colcon.colcon_core.shell:Creating package descriptor '/home/coche/coche_ws/install/teleop_tools/share/teleop_tools/package.dsv'
[11.206s] INFO:colcon.colcon_core.shell:Creating package script '/home/coche/coche_ws/install/teleop_tools/share/teleop_tools/package.sh'
[11.209s] INFO:colcon.colcon_core.shell:Creating package script '/home/coche/coche_ws/install/teleop_tools/share/teleop_tools/package.bash'
[11.211s] INFO:colcon.colcon_core.shell:Creating package script '/home/coche/coche_ws/install/teleop_tools/share/teleop_tools/package.zsh'
[11.212s] Level 1:colcon.colcon_core.environment:create_file_with_runtime_dependencies(/home/coche/coche_ws/install/teleop_tools/share/colcon-core/packages/teleop_tools)
[11.319s] Level 1:colcon.colcon_core.environment:create_environment_scripts_only(teleop_tools)
[11.321s] Level 1:colcon.colcon_core.environment:checking '/home/coche/coche_ws/install/teleop_tools' for CMake module files
[11.323s] Level 1:colcon.colcon_core.environment:checking '/home/coche/coche_ws/install/teleop_tools' for CMake config files
[11.325s] Level 1:colcon.colcon_core.shell:create_environment_hook('teleop_tools', 'cmake_prefix_path')
[11.326s] INFO:colcon.colcon_core.shell:Creating environment hook '/home/coche/coche_ws/install/teleop_tools/share/teleop_tools/hook/cmake_prefix_path.ps1'
[11.330s] INFO:colcon.colcon_core.shell:Creating environment descriptor '/home/coche/coche_ws/install/teleop_tools/share/teleop_tools/hook/cmake_prefix_path.dsv'
[11.331s] INFO:colcon.colcon_core.shell:Creating environment hook '/home/coche/coche_ws/install/teleop_tools/share/teleop_tools/hook/cmake_prefix_path.sh'
[11.334s] Level 1:colcon.colcon_core.environment:checking '/home/coche/coche_ws/install/teleop_tools/bin'
[11.335s] Level 1:colcon.colcon_core.environment:checking '/home/coche/coche_ws/install/teleop_tools/lib/pkgconfig/teleop_tools.pc'
[11.336s] Level 1:colcon.colcon_core.environment:checking '/home/coche/coche_ws/install/teleop_tools/lib/python3.8/site-packages'
[11.337s] Level 1:colcon.colcon_core.environment:checking '/home/coche/coche_ws/install/teleop_tools/bin'
[11.339s] INFO:colcon.colcon_core.shell:Creating package script '/home/coche/coche_ws/install/teleop_tools/share/teleop_tools/package.ps1'
[11.342s] INFO:colcon.colcon_core.shell:Creating package descriptor '/home/coche/coche_ws/install/teleop_tools/share/teleop_tools/package.dsv'
[11.345s] INFO:colcon.colcon_core.shell:Creating package script '/home/coche/coche_ws/install/teleop_tools/share/teleop_tools/package.sh'
[11.347s] INFO:colcon.colcon_core.shell:Creating package script '/home/coche/coche_ws/install/teleop_tools/share/teleop_tools/package.bash'
[11.349s] INFO:colcon.colcon_core.shell:Creating package script '/home/coche/coche_ws/install/teleop_tools/share/teleop_tools/package.zsh'
[11.351s] Level 1:colcon.colcon_core.environment:create_file_with_runtime_dependencies(/home/coche/coche_ws/install/teleop_tools/share/colcon-core/packages/teleop_tools)
[35.272s] DEBUG:colcon.colcon_core.event_handler.log_command:Invoked command in '/home/coche/coche_ws/build/vesc_ackermann' returned '0': CMAKE_PREFIX_PATH=/home/coche/coche_ws/install/vesc_msgs:/home/coche/coche_ws/install/vesc:/home/coche/coche_ws/install/vesc_driver:/home/coche/coche_ws/install/vesc_ackermann:/home/coche/coche_ws/install/teleop_tools:/home/coche/coche_ws/install/teleop_tools_msgs:/home/coche/coche_ws/install/ackermann_mux:/home/coche/coche_ws/install/f1tenth_stack:/home/coche/coche_ws/install/joy_teleop:/home/coche/coche_ws/install/mouse_teleop:/home/coche/coche_ws/install/key_teleop:/opt/ros/foxy LD_LIBRARY_PATH=/home/coche/coche_ws/install/vesc_msgs/lib:/home/coche/coche_ws/install/vesc_driver/lib:/home/coche/coche_ws/install/vesc_ackermann/lib:/home/coche/coche_ws/install/teleop_tools_msgs/lib:/opt/ros/foxy/opt/yaml_cpp_vendor/lib:/opt/ros/foxy/opt/rviz_ogre_vendor/lib:/opt/ros/foxy/lib/aarch64-linux-gnu:/opt/ros/foxy/lib PYTHONPATH=/home/coche/coche_ws/install/vesc_msgs/lib/python3.8/site-packages:/home/coche/coche_ws/install/f1tenth_stack/lib/python3.8/site-packages:/home/coche/coche_ws/install/joy_teleop/lib/python3.8/site-packages:/home/coche/coche_ws/install/teleop_tools_msgs/lib/python3.8/site-packages:/home/coche/coche_ws/install/mouse_teleop/lib/python3.8/site-packages:/home/coche/coche_ws/install/key_teleop/lib/python3.8/site-packages:/opt/ros/foxy/lib/python3.8/site-packages /usr/bin/cmake --build /home/coche/coche_ws/build/vesc_ackermann -- -j4 -l4
[35.456s] DEBUG:colcon.colcon_core.event_handler.log_command:Invoking command in '/home/coche/coche_ws/build/vesc_ackermann': CMAKE_PREFIX_PATH=/home/coche/coche_ws/install/vesc_msgs:/home/coche/coche_ws/install/vesc:/home/coche/coche_ws/install/vesc_driver:/home/coche/coche_ws/install/vesc_ackermann:/home/coche/coche_ws/install/teleop_tools:/home/coche/coche_ws/install/teleop_tools_msgs:/home/coche/coche_ws/install/ackermann_mux:/home/coche/coche_ws/install/f1tenth_stack:/home/coche/coche_ws/install/joy_teleop:/home/coche/coche_ws/install/mouse_teleop:/home/coche/coche_ws/install/key_teleop:/opt/ros/foxy LD_LIBRARY_PATH=/home/coche/coche_ws/install/vesc_msgs/lib:/home/coche/coche_ws/install/vesc_driver/lib:/home/coche/coche_ws/install/vesc_ackermann/lib:/home/coche/coche_ws/install/teleop_tools_msgs/lib:/opt/ros/foxy/opt/yaml_cpp_vendor/lib:/opt/ros/foxy/opt/rviz_ogre_vendor/lib:/opt/ros/foxy/lib/aarch64-linux-gnu:/opt/ros/foxy/lib PYTHONPATH=/home/coche/coche_ws/install/vesc_msgs/lib/python3.8/site-packages:/home/coche/coche_ws/install/f1tenth_stack/lib/python3.8/site-packages:/home/coche/coche_ws/install/joy_teleop/lib/python3.8/site-packages:/home/coche/coche_ws/install/teleop_tools_msgs/lib/python3.8/site-packages:/home/coche/coche_ws/install/mouse_teleop/lib/python3.8/site-packages:/home/coche/coche_ws/install/key_teleop/lib/python3.8/site-packages:/opt/ros/foxy/lib/python3.8/site-packages /usr/bin/cmake --install /home/coche/coche_ws/build/vesc_ackermann
[35.580s] Level 1:colcon.colcon_core.environment:create_environment_scripts_only(vesc_ackermann)
[35.584s] Level 1:colcon.colcon_core.environment:checking '/home/coche/coche_ws/install/vesc_ackermann' for CMake module files
[35.587s] DEBUG:colcon.colcon_core.event_handler.log_command:Invoked command in '/home/coche/coche_ws/build/vesc_ackermann' returned '0': CMAKE_PREFIX_PATH=/home/coche/coche_ws/install/vesc_msgs:/home/coche/coche_ws/install/vesc:/home/coche/coche_ws/install/vesc_driver:/home/coche/coche_ws/install/vesc_ackermann:/home/coche/coche_ws/install/teleop_tools:/home/coche/coche_ws/install/teleop_tools_msgs:/home/coche/coche_ws/install/ackermann_mux:/home/coche/coche_ws/install/f1tenth_stack:/home/coche/coche_ws/install/joy_teleop:/home/coche/coche_ws/install/mouse_teleop:/home/coche/coche_ws/install/key_teleop:/opt/ros/foxy LD_LIBRARY_PATH=/home/coche/coche_ws/install/vesc_msgs/lib:/home/coche/coche_ws/install/vesc_driver/lib:/home/coche/coche_ws/install/vesc_ackermann/lib:/home/coche/coche_ws/install/teleop_tools_msgs/lib:/opt/ros/foxy/opt/yaml_cpp_vendor/lib:/opt/ros/foxy/opt/rviz_ogre_vendor/lib:/opt/ros/foxy/lib/aarch64-linux-gnu:/opt/ros/foxy/lib PYTHONPATH=/home/coche/coche_ws/install/vesc_msgs/lib/python3.8/site-packages:/home/coche/coche_ws/install/f1tenth_stack/lib/python3.8/site-packages:/home/coche/coche_ws/install/joy_teleop/lib/python3.8/site-packages:/home/coche/coche_ws/install/teleop_tools_msgs/lib/python3.8/site-packages:/home/coche/coche_ws/install/mouse_teleop/lib/python3.8/site-packages:/home/coche/coche_ws/install/key_teleop/lib/python3.8/site-packages:/opt/ros/foxy/lib/python3.8/site-packages /usr/bin/cmake --install /home/coche/coche_ws/build/vesc_ackermann
[35.590s] Level 1:colcon.colcon_core.environment:checking '/home/coche/coche_ws/install/vesc_ackermann' for CMake config files
[35.592s] Level 1:colcon.colcon_core.shell:create_environment_hook('vesc_ackermann', 'cmake_prefix_path')
[35.594s] INFO:colcon.colcon_core.shell:Creating environment hook '/home/coche/coche_ws/install/vesc_ackermann/share/vesc_ackermann/hook/cmake_prefix_path.ps1'
[35.597s] INFO:colcon.colcon_core.shell:Creating environment descriptor '/home/coche/coche_ws/install/vesc_ackermann/share/vesc_ackermann/hook/cmake_prefix_path.dsv'
[35.599s] INFO:colcon.colcon_core.shell:Creating environment hook '/home/coche/coche_ws/install/vesc_ackermann/share/vesc_ackermann/hook/cmake_prefix_path.sh'
[35.602s] Level 1:colcon.colcon_core.environment:checking '/home/coche/coche_ws/install/vesc_ackermann/lib'
[35.602s] Level 1:colcon.colcon_core.shell:create_environment_hook('vesc_ackermann', 'ld_library_path_lib')
[35.603s] INFO:colcon.colcon_core.shell:Creating environment hook '/home/coche/coche_ws/install/vesc_ackermann/share/vesc_ackermann/hook/ld_library_path_lib.ps1'
[35.605s] INFO:colcon.colcon_core.shell:Creating environment descriptor '/home/coche/coche_ws/install/vesc_ackermann/share/vesc_ackermann/hook/ld_library_path_lib.dsv'
[35.607s] INFO:colcon.colcon_core.shell:Creating environment hook '/home/coche/coche_ws/install/vesc_ackermann/share/vesc_ackermann/hook/ld_library_path_lib.sh'
[35.608s] Level 1:colcon.colcon_core.environment:checking '/home/coche/coche_ws/install/vesc_ackermann/bin'
[35.609s] Level 1:colcon.colcon_core.environment:checking '/home/coche/coche_ws/install/vesc_ackermann/lib/pkgconfig/vesc_ackermann.pc'
[35.610s] Level 1:colcon.colcon_core.environment:checking '/home/coche/coche_ws/install/vesc_ackermann/lib/python3.8/site-packages'
[35.611s] Level 1:colcon.colcon_core.environment:checking '/home/coche/coche_ws/install/vesc_ackermann/bin'
[35.612s] INFO:colcon.colcon_core.shell:Creating package script '/home/coche/coche_ws/install/vesc_ackermann/share/vesc_ackermann/package.ps1'
[35.615s] INFO:colcon.colcon_core.shell:Creating package descriptor '/home/coche/coche_ws/install/vesc_ackermann/share/vesc_ackermann/package.dsv'
[35.617s] INFO:colcon.colcon_core.shell:Creating package script '/home/coche/coche_ws/install/vesc_ackermann/share/vesc_ackermann/package.sh'
[35.619s] INFO:colcon.colcon_core.shell:Creating package script '/home/coche/coche_ws/install/vesc_ackermann/share/vesc_ackermann/package.bash'
[35.621s] INFO:colcon.colcon_core.shell:Creating package script '/home/coche/coche_ws/install/vesc_ackermann/share/vesc_ackermann/package.zsh'
[35.622s] Level 1:colcon.colcon_core.environment:create_file_with_runtime_dependencies(/home/coche/coche_ws/install/vesc_ackermann/share/colcon-core/packages/vesc_ackermann)
[35.782s] Level 1:colcon.colcon_core.environment:create_environment_scripts_only(vesc_ackermann)
[35.785s] Level 1:colcon.colcon_core.environment:checking '/home/coche/coche_ws/install/vesc_ackermann' for CMake module files
[35.789s] Level 1:colcon.colcon_core.environment:checking '/home/coche/coche_ws/install/vesc_ackermann' for CMake config files
[35.790s] Level 1:colcon.colcon_core.shell:create_environment_hook('vesc_ackermann', 'cmake_prefix_path')
[35.791s] INFO:colcon.colcon_core.shell:Creating environment hook '/home/coche/coche_ws/install/vesc_ackermann/share/vesc_ackermann/hook/cmake_prefix_path.ps1'
[35.795s] INFO:colcon.colcon_core.shell:Creating environment descriptor '/home/coche/coche_ws/install/vesc_ackermann/share/vesc_ackermann/hook/cmake_prefix_path.dsv'
[35.797s] INFO:colcon.colcon_core.shell:Creating environment hook '/home/coche/coche_ws/install/vesc_ackermann/share/vesc_ackermann/hook/cmake_prefix_path.sh'
[35.801s] Level 1:colcon.colcon_core.environment:checking '/home/coche/coche_ws/install/vesc_ackermann/lib'
[35.801s] Level 1:colcon.colcon_core.shell:create_environment_hook('vesc_ackermann', 'ld_library_path_lib')
[35.802s] INFO:colcon.colcon_core.shell:Creating environment hook '/home/coche/coche_ws/install/vesc_ackermann/share/vesc_ackermann/hook/ld_library_path_lib.ps1'
[35.804s] INFO:colcon.colcon_core.shell:Creating environment descriptor '/home/coche/coche_ws/install/vesc_ackermann/share/vesc_ackermann/hook/ld_library_path_lib.dsv'
[35.805s] INFO:colcon.colcon_core.shell:Creating environment hook '/home/coche/coche_ws/install/vesc_ackermann/share/vesc_ackermann/hook/ld_library_path_lib.sh'
[35.807s] Level 1:colcon.colcon_core.environment:checking '/home/coche/coche_ws/install/vesc_ackermann/bin'
[35.808s] Level 1:colcon.colcon_core.environment:checking '/home/coche/coche_ws/install/vesc_ackermann/lib/pkgconfig/vesc_ackermann.pc'
[35.809s] Level 1:colcon.colcon_core.environment:checking '/home/coche/coche_ws/install/vesc_ackermann/lib/python3.8/site-packages'
[35.810s] Level 1:colcon.colcon_core.environment:checking '/home/coche/coche_ws/install/vesc_ackermann/bin'
[35.811s] INFO:colcon.colcon_core.shell:Creating package script '/home/coche/coche_ws/install/vesc_ackermann/share/vesc_ackermann/package.ps1'
[35.814s] INFO:colcon.colcon_core.shell:Creating package descriptor '/home/coche/coche_ws/install/vesc_ackermann/share/vesc_ackermann/package.dsv'
[35.817s] INFO:colcon.colcon_core.shell:Creating package script '/home/coche/coche_ws/install/vesc_ackermann/share/vesc_ackermann/package.sh'
[35.819s] INFO:colcon.colcon_core.shell:Creating package script '/home/coche/coche_ws/install/vesc_ackermann/share/vesc_ackermann/package.bash'
[35.822s] INFO:colcon.colcon_core.shell:Creating package script '/home/coche/coche_ws/install/vesc_ackermann/share/vesc_ackermann/package.zsh'
[35.823s] Level 1:colcon.colcon_core.environment:create_file_with_runtime_dependencies(/home/coche/coche_ws/install/vesc_ackermann/share/colcon-core/packages/vesc_ackermann)
[35.825s] INFO:colcon.colcon_ros.task.ament_cmake.build:Building ROS package in '/home/coche/coche_ws/src/f1tenth_system/vesc/vesc' with build type 'ament_cmake'
[35.826s] INFO:colcon.colcon_cmake.task.cmake.build:Building CMake package in '/home/coche/coche_ws/src/f1tenth_system/vesc/vesc'
[35.827s] INFO:colcon.colcon_core.shell:Skip shell extension 'powershell' for command environment: Not usable outside of PowerShell
[35.827s] DEBUG:colcon.colcon_core.shell:Skip shell extension 'dsv' for command environment
[35.925s] DEBUG:colcon.colcon_core.event_handler.log_command:Invoking command in '/home/coche/coche_ws/build/vesc': CMAKE_PREFIX_PATH=/home/coche/coche_ws/install/vesc_driver:/home/coche/coche_ws/install/vesc_ackermann:/home/coche/coche_ws/install/vesc_msgs:/home/coche/coche_ws/install/vesc:/home/coche/coche_ws/install/teleop_tools:/home/coche/coche_ws/install/teleop_tools_msgs:/home/coche/coche_ws/install/ackermann_mux:/home/coche/coche_ws/install/f1tenth_stack:/home/coche/coche_ws/install/joy_teleop:/home/coche/coche_ws/install/mouse_teleop:/home/coche/coche_ws/install/key_teleop:/opt/ros/foxy PYTHONPATH=/home/coche/coche_ws/install/vesc_msgs/lib/python3.8/site-packages:/home/coche/coche_ws/install/f1tenth_stack/lib/python3.8/site-packages:/home/coche/coche_ws/install/joy_teleop/lib/python3.8/site-packages:/home/coche/coche_ws/install/teleop_tools_msgs/lib/python3.8/site-packages:/home/coche/coche_ws/install/mouse_teleop/lib/python3.8/site-packages:/home/coche/coche_ws/install/key_teleop/lib/python3.8/site-packages:/opt/ros/foxy/lib/python3.8/site-packages /usr/bin/cmake --build /home/coche/coche_ws/build/vesc -- -j4 -l4
[36.096s] DEBUG:colcon.colcon_core.event_handler.log_command:Invoked command in '/home/coche/coche_ws/build/vesc' returned '0': CMAKE_PREFIX_PATH=/home/coche/coche_ws/install/vesc_driver:/home/coche/coche_ws/install/vesc_ackermann:/home/coche/coche_ws/install/vesc_msgs:/home/coche/coche_ws/install/vesc:/home/coche/coche_ws/install/teleop_tools:/home/coche/coche_ws/install/teleop_tools_msgs:/home/coche/coche_ws/install/ackermann_mux:/home/coche/coche_ws/install/f1tenth_stack:/home/coche/coche_ws/install/joy_teleop:/home/coche/coche_ws/install/mouse_teleop:/home/coche/coche_ws/install/key_teleop:/opt/ros/foxy PYTHONPATH=/home/coche/coche_ws/install/vesc_msgs/lib/python3.8/site-packages:/home/coche/coche_ws/install/f1tenth_stack/lib/python3.8/site-packages:/home/coche/coche_ws/install/joy_teleop/lib/python3.8/site-packages:/home/coche/coche_ws/install/teleop_tools_msgs/lib/python3.8/site-packages:/home/coche/coche_ws/install/mouse_teleop/lib/python3.8/site-packages:/home/coche/coche_ws/install/key_teleop/lib/python3.8/site-packages:/opt/ros/foxy/lib/python3.8/site-packages /usr/bin/cmake --build /home/coche/coche_ws/build/vesc -- -j4 -l4
[36.212s] DEBUG:colcon.colcon_core.event_handler.log_command:Invoking command in '/home/coche/coche_ws/build/vesc': CMAKE_PREFIX_PATH=/home/coche/coche_ws/install/vesc_driver:/home/coche/coche_ws/install/vesc_ackermann:/home/coche/coche_ws/install/vesc_msgs:/home/coche/coche_ws/install/vesc:/home/coche/coche_ws/install/teleop_tools:/home/coche/coche_ws/install/teleop_tools_msgs:/home/coche/coche_ws/install/ackermann_mux:/home/coche/coche_ws/install/f1tenth_stack:/home/coche/coche_ws/install/joy_teleop:/home/coche/coche_ws/install/mouse_teleop:/home/coche/coche_ws/install/key_teleop:/opt/ros/foxy PYTHONPATH=/home/coche/coche_ws/install/vesc_msgs/lib/python3.8/site-packages:/home/coche/coche_ws/install/f1tenth_stack/lib/python3.8/site-packages:/home/coche/coche_ws/install/joy_teleop/lib/python3.8/site-packages:/home/coche/coche_ws/install/teleop_tools_msgs/lib/python3.8/site-packages:/home/coche/coche_ws/install/mouse_teleop/lib/python3.8/site-packages:/home/coche/coche_ws/install/key_teleop/lib/python3.8/site-packages:/opt/ros/foxy/lib/python3.8/site-packages /usr/bin/cmake --install /home/coche/coche_ws/build/vesc
[36.265s] Level 1:colcon.colcon_core.environment:create_environment_scripts_only(vesc)
[36.268s] Level 1:colcon.colcon_core.environment:checking '/home/coche/coche_ws/install/vesc' for CMake module files
[36.272s] DEBUG:colcon.colcon_core.event_handler.log_command:Invoked command in '/home/coche/coche_ws/build/vesc' returned '0': CMAKE_PREFIX_PATH=/home/coche/coche_ws/install/vesc_driver:/home/coche/coche_ws/install/vesc_ackermann:/home/coche/coche_ws/install/vesc_msgs:/home/coche/coche_ws/install/vesc:/home/coche/coche_ws/install/teleop_tools:/home/coche/coche_ws/install/teleop_tools_msgs:/home/coche/coche_ws/install/ackermann_mux:/home/coche/coche_ws/install/f1tenth_stack:/home/coche/coche_ws/install/joy_teleop:/home/coche/coche_ws/install/mouse_teleop:/home/coche/coche_ws/install/key_teleop:/opt/ros/foxy PYTHONPATH=/home/coche/coche_ws/install/vesc_msgs/lib/python3.8/site-packages:/home/coche/coche_ws/install/f1tenth_stack/lib/python3.8/site-packages:/home/coche/coche_ws/install/joy_teleop/lib/python3.8/site-packages:/home/coche/coche_ws/install/teleop_tools_msgs/lib/python3.8/site-packages:/home/coche/coche_ws/install/mouse_teleop/lib/python3.8/site-packages:/home/coche/coche_ws/install/key_teleop/lib/python3.8/site-packages:/opt/ros/foxy/lib/python3.8/site-packages /usr/bin/cmake --install /home/coche/coche_ws/build/vesc
[36.274s] Level 1:colcon.colcon_core.environment:checking '/home/coche/coche_ws/install/vesc' for CMake config files
[36.276s] Level 1:colcon.colcon_core.shell:create_environment_hook('vesc', 'cmake_prefix_path')
[36.278s] INFO:colcon.colcon_core.shell:Creating environment hook '/home/coche/coche_ws/install/vesc/share/vesc/hook/cmake_prefix_path.ps1'
[36.281s] INFO:colcon.colcon_core.shell:Creating environment descriptor '/home/coche/coche_ws/install/vesc/share/vesc/hook/cmake_prefix_path.dsv'
[36.283s] INFO:colcon.colcon_core.shell:Creating environment hook '/home/coche/coche_ws/install/vesc/share/vesc/hook/cmake_prefix_path.sh'
[36.286s] Level 1:colcon.colcon_core.environment:checking '/home/coche/coche_ws/install/vesc/bin'
[36.286s] Level 1:colcon.colcon_core.environment:checking '/home/coche/coche_ws/install/vesc/lib/pkgconfig/vesc.pc'
[36.288s] Level 1:colcon.colcon_core.environment:checking '/home/coche/coche_ws/install/vesc/lib/python3.8/site-packages'
[36.288s] Level 1:colcon.colcon_core.environment:checking '/home/coche/coche_ws/install/vesc/bin'
[36.290s] INFO:colcon.colcon_core.shell:Creating package script '/home/coche/coche_ws/install/vesc/share/vesc/package.ps1'
[36.292s] INFO:colcon.colcon_core.shell:Creating package descriptor '/home/coche/coche_ws/install/vesc/share/vesc/package.dsv'
[36.293s] INFO:colcon.colcon_core.shell:Creating package script '/home/coche/coche_ws/install/vesc/share/vesc/package.sh'
[36.295s] INFO:colcon.colcon_core.shell:Creating package script '/home/coche/coche_ws/install/vesc/share/vesc/package.bash'
[36.297s] INFO:colcon.colcon_core.shell:Creating package script '/home/coche/coche_ws/install/vesc/share/vesc/package.zsh'
[36.298s] Level 1:colcon.colcon_core.environment:create_file_with_runtime_dependencies(/home/coche/coche_ws/install/vesc/share/colcon-core/packages/vesc)
[36.402s] Level 1:colcon.colcon_core.environment:create_environment_scripts_only(vesc)
[36.404s] Level 1:colcon.colcon_core.environment:checking '/home/coche/coche_ws/install/vesc' for CMake module files
[36.407s] Level 1:colcon.colcon_core.environment:checking '/home/coche/coche_ws/install/vesc' for CMake config files
[36.410s] Level 1:colcon.colcon_core.shell:create_environment_hook('vesc', 'cmake_prefix_path')
[36.411s] INFO:colcon.colcon_core.shell:Creating environment hook '/home/coche/coche_ws/install/vesc/share/vesc/hook/cmake_prefix_path.ps1'
[36.414s] INFO:colcon.colcon_core.shell:Creating environment descriptor '/home/coche/coche_ws/install/vesc/share/vesc/hook/cmake_prefix_path.dsv'
[36.416s] INFO:colcon.colcon_core.shell:Creating environment hook '/home/coche/coche_ws/install/vesc/share/vesc/hook/cmake_prefix_path.sh'
[36.419s] Level 1:colcon.colcon_core.environment:checking '/home/coche/coche_ws/install/vesc/bin'
[36.420s] Level 1:colcon.colcon_core.environment:checking '/home/coche/coche_ws/install/vesc/lib/pkgconfig/vesc.pc'
[36.421s] Level 1:colcon.colcon_core.environment:checking '/home/coche/coche_ws/install/vesc/lib/python3.8/site-packages'
[36.422s] Level 1:colcon.colcon_core.environment:checking '/home/coche/coche_ws/install/vesc/bin'
[36.423s] INFO:colcon.colcon_core.shell:Creating package script '/home/coche/coche_ws/install/vesc/share/vesc/package.ps1'
[36.425s] INFO:colcon.colcon_core.shell:Creating package descriptor '/home/coche/coche_ws/install/vesc/share/vesc/package.dsv'
[36.427s] INFO:colcon.colcon_core.shell:Creating package script '/home/coche/coche_ws/install/vesc/share/vesc/package.sh'
[36.429s] INFO:colcon.colcon_core.shell:Creating package script '/home/coche/coche_ws/install/vesc/share/vesc/package.bash'
[36.430s] INFO:colcon.colcon_core.shell:Creating package script '/home/coche/coche_ws/install/vesc/share/vesc/package.zsh'
[36.433s] Level 1:colcon.colcon_core.environment:create_file_with_runtime_dependencies(/home/coche/coche_ws/install/vesc/share/colcon-core/packages/vesc)
[36.435s] INFO:colcon.colcon_ros.task.ament_python.build:Building ROS package in '/home/coche/coche_ws/src/f1tenth_system/f1tenth_stack' with build type 'ament_python'
[36.436s] Level 1:colcon.colcon_core.shell:create_environment_hook('f1tenth_stack', 'ament_prefix_path')
[36.438s] INFO:colcon.colcon_core.shell:Creating environment hook '/home/coche/coche_ws/install/f1tenth_stack/share/f1tenth_stack/hook/ament_prefix_path.ps1'
[36.440s] INFO:colcon.colcon_core.shell:Creating environment descriptor '/home/coche/coche_ws/install/f1tenth_stack/share/f1tenth_stack/hook/ament_prefix_path.dsv'
[36.442s] INFO:colcon.colcon_core.shell:Creating environment hook '/home/coche/coche_ws/install/f1tenth_stack/share/f1tenth_stack/hook/ament_prefix_path.sh'
[36.446s] INFO:colcon.colcon_core.shell:Skip shell extension 'powershell' for command environment: Not usable outside of PowerShell
[36.446s] DEBUG:colcon.colcon_core.shell:Skip shell extension 'dsv' for command environment
[37.461s] INFO:colcon.colcon_core.task.python.build:Building Python package in '/home/coche/coche_ws/src/f1tenth_system/f1tenth_stack'
[37.465s] INFO:colcon.colcon_core.shell:Skip shell extension 'powershell' for command environment: Not usable outside of PowerShell
[37.465s] DEBUG:colcon.colcon_core.shell:Skip shell extension 'dsv' for command environment
[39.078s] DEBUG:colcon.colcon_core.event_handler.log_command:Invoking command in '/home/coche/coche_ws/src/f1tenth_system/f1tenth_stack': AMENT_PREFIX_PATH=/home/coche/coche_ws/install/joy_teleop:/home/coche/coche_ws/install/f1tenth_stack:/home/coche/coche_ws/install/vesc:/home/coche/coche_ws/install/vesc_driver:/home/coche/coche_ws/install/vesc_ackermann:/home/coche/coche_ws/install/vesc_msgs:/home/coche/coche_ws/install/teleop_tools:/home/coche/coche_ws/install/teleop_tools_msgs:/home/coche/coche_ws/install/mouse_teleop:/home/coche/coche_ws/install/key_teleop:/home/coche/coche_ws/install/ackermann_mux:/opt/ros/foxy CMAKE_PREFIX_PATH=/home/coche/coche_ws/install/vesc:/home/coche/coche_ws/install/vesc_driver:/home/coche/coche_ws/install/vesc_ackermann:/home/coche/coche_ws/install/vesc_msgs:/home/coche/coche_ws/install/teleop_tools_msgs:/home/coche/coche_ws/install/ackermann_mux:/home/coche/coche_ws/install/teleop_tools PYTHONPATH=/home/coche/coche_ws/build/f1tenth_stack/prefix_override:/usr/lib/python3/dist-packages/colcon_core/task/python/colcon_distutils_commands:/home/coche/coche_ws/install/f1tenth_stack/lib/python3.8/site-packages:/home/coche/coche_ws/install/joy_teleop/lib/python3.8/site-packages:/home/coche/coche_ws/install/vesc_msgs/lib/python3.8/site-packages:/home/coche/coche_ws/install/teleop_tools_msgs/lib/python3.8/site-packages:/home/coche/coche_ws/install/f1tenth_stack/lib/python3.8/site-packages:/home/coche/coche_ws/install/mouse_teleop/lib/python3.8/site-packages:/home/coche/coche_ws/install/key_teleop/lib/python3.8/site-packages:/opt/ros/foxy/lib/python3.8/site-packages /usr/bin/python3 -W ignore:setup.py install is deprecated setup.py egg_info --egg-base ../../../build/f1tenth_stack build --build-base /home/coche/coche_ws/build/f1tenth_stack/build install --record /home/coche/coche_ws/build/f1tenth_stack/install.log --install-scripts $base/lib/f1tenth_stack --single-version-externally-managed install_data
[40.266s] Level 1:colcon.colcon_core.environment:checking '/home/coche/coche_ws/install/f1tenth_stack' for CMake module files
[40.269s] DEBUG:colcon.colcon_core.event_handler.log_command:Invoked command in '/home/coche/coche_ws/src/f1tenth_system/f1tenth_stack' returned '0': AMENT_PREFIX_PATH=/home/coche/coche_ws/install/joy_teleop:/home/coche/coche_ws/install/f1tenth_stack:/home/coche/coche_ws/install/vesc:/home/coche/coche_ws/install/vesc_driver:/home/coche/coche_ws/install/vesc_ackermann:/home/coche/coche_ws/install/vesc_msgs:/home/coche/coche_ws/install/teleop_tools:/home/coche/coche_ws/install/teleop_tools_msgs:/home/coche/coche_ws/install/mouse_teleop:/home/coche/coche_ws/install/key_teleop:/home/coche/coche_ws/install/ackermann_mux:/opt/ros/foxy CMAKE_PREFIX_PATH=/home/coche/coche_ws/install/vesc:/home/coche/coche_ws/install/vesc_driver:/home/coche/coche_ws/install/vesc_ackermann:/home/coche/coche_ws/install/vesc_msgs:/home/coche/coche_ws/install/teleop_tools_msgs:/home/coche/coche_ws/install/ackermann_mux:/home/coche/coche_ws/install/teleop_tools PYTHONPATH=/home/coche/coche_ws/build/f1tenth_stack/prefix_override:/usr/lib/python3/dist-packages/colcon_core/task/python/colcon_distutils_commands:/home/coche/coche_ws/install/f1tenth_stack/lib/python3.8/site-packages:/home/coche/coche_ws/install/joy_teleop/lib/python3.8/site-packages:/home/coche/coche_ws/install/vesc_msgs/lib/python3.8/site-packages:/home/coche/coche_ws/install/teleop_tools_msgs/lib/python3.8/site-packages:/home/coche/coche_ws/install/f1tenth_stack/lib/python3.8/site-packages:/home/coche/coche_ws/install/mouse_teleop/lib/python3.8/site-packages:/home/coche/coche_ws/install/key_teleop/lib/python3.8/site-packages:/opt/ros/foxy/lib/python3.8/site-packages /usr/bin/python3 -W ignore:setup.py install is deprecated setup.py egg_info --egg-base ../../../build/f1tenth_stack build --build-base /home/coche/coche_ws/build/f1tenth_stack/build install --record /home/coche/coche_ws/build/f1tenth_stack/install.log --install-scripts $base/lib/f1tenth_stack --single-version-externally-managed install_data
[40.271s] Level 1:colcon.colcon_core.environment:checking '/home/coche/coche_ws/install/f1tenth_stack' for CMake config files
[40.276s] Level 1:colcon.colcon_core.environment:checking '/home/coche/coche_ws/install/f1tenth_stack/lib'
[40.276s] Level 1:colcon.colcon_core.environment:checking '/home/coche/coche_ws/install/f1tenth_stack/bin'
[40.277s] Level 1:colcon.colcon_core.environment:checking '/home/coche/coche_ws/install/f1tenth_stack/lib/pkgconfig/f1tenth_stack.pc'
[40.278s] Level 1:colcon.colcon_core.environment:checking '/home/coche/coche_ws/install/f1tenth_stack/lib/python3.8/site-packages'
[40.279s] Level 1:colcon.colcon_core.shell:create_environment_hook('f1tenth_stack', 'pythonpath')
[40.281s] INFO:colcon.colcon_core.shell:Creating environment hook '/home/coche/coche_ws/install/f1tenth_stack/share/f1tenth_stack/hook/pythonpath.ps1'
[40.284s] INFO:colcon.colcon_core.shell:Creating environment descriptor '/home/coche/coche_ws/install/f1tenth_stack/share/f1tenth_stack/hook/pythonpath.dsv'
[40.285s] INFO:colcon.colcon_core.shell:Creating environment hook '/home/coche/coche_ws/install/f1tenth_stack/share/f1tenth_stack/hook/pythonpath.sh'
[40.288s] Level 1:colcon.colcon_core.environment:checking '/home/coche/coche_ws/install/f1tenth_stack/bin'
[40.288s] Level 1:colcon.colcon_core.environment:create_environment_scripts_only(f1tenth_stack)
[40.290s] INFO:colcon.colcon_core.shell:Creating package script '/home/coche/coche_ws/install/f1tenth_stack/share/f1tenth_stack/package.ps1'
[40.293s] INFO:colcon.colcon_core.shell:Creating package descriptor '/home/coche/coche_ws/install/f1tenth_stack/share/f1tenth_stack/package.dsv'
[40.295s] INFO:colcon.colcon_core.shell:Creating package script '/home/coche/coche_ws/install/f1tenth_stack/share/f1tenth_stack/package.sh'
[40.297s] INFO:colcon.colcon_core.shell:Creating package script '/home/coche/coche_ws/install/f1tenth_stack/share/f1tenth_stack/package.bash'
[40.299s] INFO:colcon.colcon_core.shell:Creating package script '/home/coche/coche_ws/install/f1tenth_stack/share/f1tenth_stack/package.zsh'
[40.301s] Level 1:colcon.colcon_core.environment:create_file_with_runtime_dependencies(/home/coche/coche_ws/install/f1tenth_stack/share/colcon-core/packages/f1tenth_stack)
[40.303s] DEBUG:colcon.colcon_parallel_executor.executor.parallel:closing loop
[40.305s] DEBUG:colcon.colcon_parallel_executor.executor.parallel:loop closed
[40.306s] DEBUG:colcon.colcon_parallel_executor.executor.parallel:run_until_complete finished with '0'
[40.306s] DEBUG:colcon.colcon_core.event_reactor:joining thread
[40.346s] INFO:colcon.colcon_core.plugin_system:Skipping extension 'colcon_notification.desktop_notification.terminal_notifier': Not used on non-Darwin systems
[40.347s] INFO:colcon.colcon_core.plugin_system:Skipping extension 'colcon_notification.desktop_notification.win32': Not used on non-Windows systems
[40.347s] INFO:colcon.colcon_notification.desktop_notification:Sending desktop notification using 'notify2'
[40.426s] DEBUG:colcon.colcon_core.event_reactor:joined thread
[40.428s] INFO:colcon.colcon_core.shell:Creating prefix script '/home/coche/coche_ws/install/local_setup.ps1'
[40.433s] INFO:colcon.colcon_core.shell:Creating prefix util module '/home/coche/coche_ws/install/_local_setup_util_ps1.py'
[40.438s] INFO:colcon.colcon_core.shell:Creating prefix chain script '/home/coche/coche_ws/install/setup.ps1'
[40.446s] INFO:colcon.colcon_core.shell:Creating prefix script '/home/coche/coche_ws/install/local_setup.sh'
[40.449s] INFO:colcon.colcon_core.shell:Creating prefix util module '/home/coche/coche_ws/install/_local_setup_util_sh.py'
[40.451s] INFO:colcon.colcon_core.shell:Creating prefix chain script '/home/coche/coche_ws/install/setup.sh'
[40.459s] INFO:colcon.colcon_core.shell:Creating prefix script '/home/coche/coche_ws/install/local_setup.bash'
[40.462s] INFO:colcon.colcon_core.shell:Creating prefix chain script '/home/coche/coche_ws/install/setup.bash'
[40.470s] INFO:colcon.colcon_core.shell:Creating prefix script '/home/coche/coche_ws/install/local_setup.zsh'
[40.473s] INFO:colcon.colcon_core.shell:Creating prefix chain script '/home/coche/coche_ws/install/setup.zsh'
